step,LeducPoker/conv,LeducPoker/iters,LeducPoker/nodes_touched,LeducPoker/tau,LeducPoker/alpha,LeducPoker/beta,LeducPoker/gamma
0,2.373611111111111,0,0,,,,
1,2.373611111111111,1,18914,1,1.0224879191439482,-0.8825253571253122,4.9972556300742
2,2.051730953141465,2,37828,1,1.0255333535840228,-0.8838958880641179,4.997224649023956
3,1.815361112629813,3,56742,1,1.0225590324593692,-0.8859943627131712,4.997238410038732
4,1.7231218442257759,4,75656,1,1.0205503129267404,-0.8880268935838529,4.997244897739822
5,1.6654272330916708,5,94570,1,1.0214383640959444,-0.8897074118318629,4.997229745860871
6,1.5262164189015537,6,113484,1,1.023073445231982,-0.891298118184924,4.997208855935112
7,1.0505701566145362,7,132398,1,1.0225104600563721,-0.8932113482824597,4.997204340299897
8,1.0118783185402611,8,151312,1,1.0101771619340782,-0.8970179126474838,4.9972874298259775
9,1.0145804857182643,9,170226,1,1.0116557175079899,-0.8987073854989571,4.997267812189712
10,1.0192141517767552,10,189140,1,1.014786758321312,-0.9001232263429615,4.997235692458428
11,0.7614142006543783,11,208054,1,1.0180020174817963,-0.9015293039888039,4.9972025867758045
12,0.5264196709333466,12,226968,1,1.009043404292844,-0.9051409512320623,4.997260598689886
13,0.37955988174925204,13,245882,1,0.9969771855142802,-0.9096584690255516,4.997340444371426
14,0.32984008503133483,14,264796,1,0.9866928019867709,-0.9141493474918119,4.997405924517793
15,0.3087968451728872,15,283710,1,0.9839863986109922,-0.9170322509811641,4.997416545338718
16,0.25327277031765205,16,302624,1,0.9842872469383888,-0.9192129799990536,4.997405599455467
17,0.23539955909148977,17,321538,1,0.9792533565581731,-0.9228268481502924,4.99743270647114
18,0.25017747527792616,18,340452,1,0.9792591374140571,-0.9251627018566873,4.997423790265618
19,0.22246076790018973,19,359366,1,0.9846724927493282,-0.9260284747264178,4.997375885277221
20,0.1752398861048626,20,378280,1,0.9828913957104937,-0.9288827554119916,4.997379611958308
21,0.19455993243492237,21,397194,1,0.9762311001045392,-0.9332330294756437,4.997418351880211
22,0.19580614780974245,22,416108,1,0.9833994910177402,-0.9335483106890154,4.997357379249642
23,0.15150864725074606,23,435022,1,0.9866213449282022,-0.9350388197309922,4.997324377336075
24,0.1368724165320171,24,453936,1,0.9792199830527353,-0.9397581129445234,4.997368907722021
25,0.10970015497804651,25,472850,1,0.9780769507074407,-0.9426515449801744,4.997367700181797
26,0.10931221402604366,26,491764,1,0.972120547420487,-0.9472092110599961,4.997401263000336
27,0.10289225195522408,27,510678,1,0.9749191102629848,-0.9488734396113483,4.997371429120818
28,0.08235325514117461,28,529592,1,0.9754280635284986,-0.9513357899607167,4.997358002483211
29,0.07272473391002246,29,548506,1,0.9694148791862667,-0.9561677390332168,4.997391837621169
30,0.07730609615053363,30,567420,1,0.9673465888589081,-0.9596710662777863,4.997396830570983
31,0.07083990868137906,31,586334,1,0.9727467029132586,-0.9604094451964393,4.9973478207516635
32,0.08403170438753604,32,605248,1,0.9721652949502633,-0.9633966347116238,4.9973419094214115
33,0.0861445126471843,33,624162,1,0.98201647556871,-0.962480289465093,4.9972587715031915
34,0.15460792017807126,34,643076,1,0.9859845121593913,-0.963772771373127,4.9972183187994546
35,0.1232192631832345,35,661990,1,1.0128862648538037,-0.9572095738954189,4.996997750678961
36,0.11667437526510727,36,680904,1,1.006563800068308,-0.9619309121584534,4.997036740732517
37,0.13193713940963814,37,699818,1,1.007329310430976,-0.9643534454963003,4.997019237304577
38,0.11906866919717679,38,718732,1,1.0154092139993252,-0.9642913757190883,4.996942619167678
39,0.10526357996676547,39,737646,1,1.01419556300262,-0.9673937493943894,4.996940621912804
40,0.10094767329552622,40,756560,1,1.0121322359958942,-0.9708460230010578,4.996945450553824
41,0.09244403576788641,41,775474,1,1.0134245212509918,-0.9731471597131425,4.996922895871237
42,0.08584429655519862,42,794388,1,1.0128135264375842,-0.9761600711452019,4.996915725245886
43,0.0913223570250824,43,813302,1,1.0127768611040497,-0.9789970708824127,4.996903749085341
44,0.08605177862843089,44,832216,1,1.0183581588244488,-0.9797523779983899,4.99684515135738
45,0.08147068070483475,45,851130,1,1.0189270274384206,-0.982383756337015,4.996827723372989
46,0.0844632260104873,46,870044,1,1.0196923596979437,-0.9849636260477415,4.996808482689137
47,0.08018286870652974,47,888958,1,1.0242265427238273,-0.9861203977209068,4.996757153958748
48,0.07472430862148693,48,907872,1,1.0251068099613594,-0.9886782622941688,4.996736416108558
49,0.08642973082287055,49,926786,1,1.025217853433211,-0.991557137012198,4.996722079010434
50,0.08590481034078026,50,945700,1,1.0343394050808765,-0.9909591308492782,4.996629468840751
51,0.0890049072289282,51,964614,1,1.0371479267575245,-0.992799783139418,4.996590837130185
52,0.09164358460370065,52,983528,1,1.0417055152988588,-0.9939818971073735,4.9965361891763
53,0.0950971438405497,53,1002442,1,1.0460131134406383,-0.9952673692195586,4.9964830383114
54,0.08631399986045821,54,1021356,1,1.0506603178267775,-0.9964333009614936,4.996426070775099
55,0.07982071846209188,55,1040270,1,1.0496598611926098,-0.9997472363485711,4.996420217630607
56,0.07493101362788296,56,1059184,1,1.0494485209532898,-1.002799247535939,4.99640702873541
57,0.06862401808714799,57,1078098,1,1.0498698596504399,-1.0056341084654554,4.996387875989913
58,0.06003656830890475,58,1097012,1,1.0492477461287153,-1.0089188909063922,4.996378187234085
59,0.05884650713013409,59,1115926,1,1.046695105676726,-1.0130520299582737,4.99638622423859
60,0.05472106845544539,60,1134840,1,1.0489374499198025,-1.0152214547713188,4.99634977489958
61,0.053429980743963185,61,1153754,1,1.048957077034146,-1.0183453536644467,4.996333704116849
62,0.0570128434269562,62,1172668,1,1.0510382135799778,-1.0206036961045424,4.996298121268311
63,0.050093692716859095,63,1191582,1,1.0568856080301514,-1.0212578376081942,4.9962263952178265
64,0.05064094439865935,64,1210496,1,1.054497370649981,-1.0254499032634903,4.996232485702059
65,0.04908166275621208,65,1229410,1,1.058059587111619,-1.0270892601883248,4.9961815625991335
66,0.04869927635445612,66,1248324,1,1.0598352068071935,-1.029511948663509,4.996147306388668
67,0.04371846463959965,67,1267238,1,1.062611557687049,-1.0315057420895135,4.996102930614136
68,0.04183727756835881,68,1286152,1,1.0611243228332023,-1.035381533713663,4.996099814363907
69,0.03755889817343169,69,1305066,1,1.0623595960912726,-1.0380734313372308,4.996069896731962
70,0.0366087430966871,70,1323980,1,1.0608720825611884,-1.0419916668917555,4.996066469278597
71,0.036794759017930834,71,1342894,1,1.0628885198615547,-1.0443586161013325,4.996028350586506
72,0.03147123614372699,72,1361808,1,1.066217657848105,-1.0461431186803183,4.995976721853449
73,0.030908139162097892,73,1380722,1,1.0626599878856728,-1.0510485279156476,4.995993425965928
74,0.033626013434490454,74,1399636,1,1.0649999491156845,-1.0532974180823882,4.995951092990147
75,0.03268342577653613,75,1418550,1,1.0717239093466056,-1.0535569264130635,4.995863787247668
76,0.023856653493309093,76,1437464,1,1.0736303699077432,-1.0560129781812744,4.995824587406596
77,0.02312001016765907,77,1456378,1,1.0632698030764043,-1.064131835839965,4.995910102484331
78,0.03204091805398617,78,1475292,1,1.0650390419961662,-1.0666859357997756,4.995872290710788
79,0.027566043492516956,79,1494206,1,1.0821806118216337,-1.062134680812373,4.995674635395052
80,0.022730645106308234,80,1513120,1,1.0788355164222774,-1.0670395255262233,4.99568889719893
81,0.02456037658124688,81,1532034,1,1.0736705604763863,-1.0728427812625738,4.995721912524212
82,0.025821531104161105,82,1550948,1,1.0801342731646195,-1.0732258431400041,4.995632688534082
83,0.024150240180750043,83,1569862,1,1.0854364490408288,-1.0741595922071554,4.9955543377087235
84,0.027365800357212616,84,1588776,1,1.0856894540493482,-1.0774611406747092,4.99552950650368
85,0.02642097609708488,85,1607690,1,1.0942611612667479,-1.0768788008462433,4.995413585930255
86,0.0226792923595144,86,1626604,1,1.0958959367493462,-1.0795420176589334,4.9953725427665585
87,0.024155403855501453,87,1645518,1,1.092420429541443,-1.0846213631847388,4.9953877402122275
88,0.025691664166513473,88,1664432,1,1.0983240644931949,-1.08529344349526,4.995298525253027
89,0.023540401672004663,89,1683346,1,1.1041868270472883,-1.0859949373739073,4.995208308974094
90,0.021805546875603266,90,1702260,1,1.1035413325370307,-1.089767308280583,4.995191192643457
91,0.022062339448598978,91,1721174,1,1.103371583294366,-1.0933351900457342,4.99516840286475
92,0.021025393448859786,92,1740088,1,1.107061210084888,-1.0950770255168127,4.99510091544789
93,0.021143367548631997,93,1759002,1,1.108134226143023,-1.0980745753050891,4.995062999356512
94,0.018659002501473093,94,1777916,1,1.1115644877581434,-1.0999528811425412,4.994997069835302
95,0.017647407719937468,95,1796830,1,1.1092668816573912,-1.1045964576287846,4.994997812457711
96,0.01911663339008387,96,1815744,1,1.1100064231343718,-1.107795348007483,4.994962635431623
97,0.01857360499305699,97,1834658,1,1.1167093573766724,-1.1081051707514424,4.9948560189527615
98,0.0156050451695946,98,1853572,1,1.1186367702954527,-1.1107387800401343,4.99480537221922
99,0.02110877314796951,99,1872486,1,1.1141662295908747,-1.116517615793967,4.994831463432041
100,0.01785523629476106,100,1891400,1,1.130712195323449,-1.1120426093628042,4.9946009503087865
101,0.019464012764134328,101,1910314,1,1.126507595288697,-1.117671289468518,4.994624101881339
102,0.019294566317337447,102,1929228,1,1.1335507968536835,-1.1178404784240055,4.994506809785829
103,0.01748769505652803,103,1948142,1,1.1363867049927476,-1.1200653820600026,4.994440984065397
104,0.01976853696426281,104,1967056,1,1.1352369008946253,-1.1242477083731541,4.994425216432235
105,0.018839594958184158,105,1985970,1,1.1439356754014502,-1.123620470547246,4.994282570637549
106,0.017046730192055756,106,2004884,1,1.1450232548781205,-1.1267186384398962,4.99423687836758
107,0.020323727733140423,107,2023798,1,1.1437910562608429,-1.1309721685577285,4.994221051087825
108,0.01923085048825303,108,2042712,1,1.154921740909016,-1.1291630777409778,4.994041330102773
109,0.015144450202632775,109,2061626,1,1.1556922814024329,-1.1324361583068425,4.993997730666296
110,0.015438262971035593,110,2080540,1,1.1482183115863942,-1.1398146899478512,4.994064342219433
111,0.016025816358078607,111,2099454,1,1.152326730124752,-1.1414660491440298,4.993975491119713
112,0.013757252579331802,112,2118368,1,1.1572600138395668,-1.142711992058829,4.993874134191751
113,0.01206401581072157,113,2137282,1,1.153650498219187,-1.1482490880111207,4.9938885080387925
114,0.012863477690829225,114,2156196,1,1.1510037799635224,-1.1533494337612724,4.993889480139345
115,0.012958400842726939,115,2175110,1,1.1571369644166567,-1.1539903392125255,4.99376969386959
116,0.010604579699462116,116,2194024,1,1.1607266317851392,-1.1559344971236876,4.993683486432209
117,0.011873536253933614,117,2212938,1,1.1549597685348554,-1.1626916701948609,4.993727150676916
118,0.011073441056747499,118,2231852,1,1.1633077360205122,-1.1621953052235956,4.993572888825757
119,0.010583176773066874,119,2250766,1,1.1634226495793238,-1.1659517011083766,4.993533363251099
120,0.009746101496272974,120,2269680,1,1.1646425273375955,-1.1691524205530182,4.993477576897799
121,0.009199139600913182,121,2288594,1,1.164186208074474,-1.1732424987282837,4.993445252588616
122,0.00887359004601826,122,2307508,1,1.1648422912012688,-1.1767697861308477,4.99339646956535
123,0.00885252112657145,123,2326422,1,1.1664798810648138,-1.1797936322062421,4.993332858161882
124,0.009031397371387834,124,2345336,1,1.1696411538902556,-1.1820207166561727,4.993246139961954
125,0.009717829556030178,125,2364250,1,1.1738221989176503,-1.183714484233768,4.993143135645172
126,0.010575470430576009,126,2383164,1,1.1804347949984013,-1.1841310950435144,4.993002024221113
127,0.008658124694407021,127,2402078,1,1.1875872695641116,-1.1842775824669651,4.992850131406897
128,0.008967895839073509,128,2420992,1,1.1817533138195193,-1.1912815332369133,4.992895771451575
129,0.010122895778444246,129,2439906,1,1.186649602176206,-1.1926190919541289,4.992776453335924
130,0.007623115536219416,130,2458820,1,1.1954997742548688,-1.1918711244512576,4.9925932037191565
131,0.007809802951082412,131,2477734,1,1.1858226302111725,-1.2009980689819533,4.992699173537696
132,0.008971373177222214,132,2496648,1,1.1902252195364613,-1.2026140882987744,4.992584177129076
133,0.007100670135201936,133,2515562,1,1.1998925662013329,-1.2014106254435262,4.992383120952349
134,0.008540275420714713,134,2534476,1,1.1924722826299474,-1.2094194047679527,4.992454359800343
135,0.008397776560923734,135,2553390,1,1.2042635078979398,-1.2070543082970437,4.992215284025892
136,0.007427904588449552,136,2572304,1,1.2068111859997321,-1.2096948147334918,4.99212381653218
137,0.007319461846680253,137,2591218,1,1.2044765690409922,-1.2149929219000688,4.992112159708002
138,0.007568333184923615,138,2610132,1,1.2071210378821497,-1.2176037360143592,4.99201744311959
139,0.007498703253013356,139,2629046,1,1.2119930355011423,-1.219005428190062,4.991883956772483
140,0.006664960592883712,140,2647960,1,1.21489882472805,-1.2214867048438829,4.9917819724179875
141,0.007117500035234911,141,2666874,1,1.2127780688235177,-1.2267392809123194,4.991764788646486
142,0.007451418797629394,142,2685788,1,1.2191569571518348,-1.227324985736156,4.9916008897145625
143,0.006819889073536103,143,2704702,1,1.2246320112000237,-1.2284176038182628,4.991450010793034
144,0.0076527225766165885,144,2723616,1,1.2238610229435596,-1.2329554252468524,4.99140735942375
145,0.006869019367168661,145,2742530,1,1.2325839826988394,-1.2322685250750898,4.99119483874864
146,0.008669187532764064,146,2761444,1,1.2308991619277316,-1.2373258478001417,4.991166883400026
147,0.01025504999448465,147,2780358,1,1.2451666101924,-1.2336113693743365,4.990846827391568
148,0.007646806443644627,148,2799272,1,1.2564733801927819,-1.2315861597489048,4.990573666127822
149,0.008920257771752704,149,2818186,1,1.246025574974384,-1.2414005898970322,4.9907081717432975
150,0.007710539063526534,150,2837100,1,1.2566724582330415,-1.2396998010393434,4.990443644915985
151,0.008063075967219113,151,2856014,1,1.253183204367199,-1.2457654106371627,4.990446279376306
152,0.008935906439753491,152,2874928,1,1.258686779752872,-1.2468944022781572,4.990275296411548
153,0.007783135781632991,153,2893842,1,1.2669596976312665,-1.2465106721341557,4.990046963257218
154,0.00765687752303347,154,2912756,1,1.263812282885591,-1.2524205378902644,4.990041554187046
155,0.008657165616370865,155,2931670,1,1.266440642557985,-1.2551606366655956,4.989921069732745
156,0.008553243955675832,156,2950584,1,1.2756928664710558,-1.254236731399216,4.989665084712291
157,0.0071030107592204295,157,2969498,1,1.2785376541859201,-1.2568649579156572,4.9895357126140265
158,0.009329876578883414,158,2988412,1,1.2731011071596594,-1.2641240993368352,4.989575049441469
159,0.007072252459137007,159,3007326,1,1.2895573076788056,-1.25919828523597,4.989159816079406
160,0.009122963661730904,160,3026240,1,1.2797294503422043,-1.2689173158995954,4.989291253160729
161,0.0073483509511940714,161,3045154,1,1.2953623895672792,-1.2644356444875875,4.988884041608807
162,0.007300217161661474,162,3064068,1,1.2884160161581444,-1.272577611627724,4.988955543551874
163,0.007651901521544824,163,3082982,1,1.2915361214008736,-1.2751082184886366,4.98881032939115
164,0.006628210933584622,164,3101896,1,1.2972377539471436,-1.2761874183387336,4.988606675516837
165,0.006990709655486094,165,3120810,1,1.2937768977110766,-1.2824716167234447,4.988601744645468
166,0.006162208737098163,166,3139724,1,1.2997799231255405,-1.2833837870890745,4.988387386010261
167,0.00620040913297798,167,3158638,1,1.2971555032628832,-1.2892450828096294,4.988362654830147
168,0.007317378895051574,168,3177552,1,1.3008972941317822,-1.2914650503172744,4.988194699881371
169,0.006024380256561546,169,3196466,1,1.3123498712853745,-1.2892630035674915,4.98784779555867
170,0.00664622333329154,170,3215380,1,1.3064090525151104,-1.2970686468743426,4.987896743420922
171,0.00618723096473435,171,3234294,1,1.3146178831752815,-1.2967235923326288,4.987617872946894
172,0.006430885940351905,172,3253208,1,1.314615491496587,-1.3011386228636936,4.987527470701131
173,0.005557101527729202,173,3272122,1,1.3199555741368112,-1.3024638901318488,4.9873092732940165
174,0.005544545439597703,174,3291036,1,1.3163406211026538,-1.3090192357342403,4.987302223008833
175,0.005244951360282801,175,3309950,1,1.3196974932951193,-1.3115137096231917,4.987127593384438
176,0.005321790891915146,176,3328864,1,1.320471175131733,-1.3155397585462256,4.987013229106893
177,0.004435786678259834,177,3347778,1,1.3246489437938531,-1.317562947458058,4.986814167733755
178,0.005692416008600487,178,3366692,1,1.3192806993564046,-1.325285355709245,4.986847439103451
179,0.005367077869402284,179,3385606,1,1.334889932538065,-1.3205109927056944,4.986359567698717
180,0.004975148654235373,180,3404520,1,1.3355036470274817,-1.3246605045112583,4.98624143243602
181,0.005122913244419228,181,3423434,1,1.3352887268459748,-1.3293236206478276,4.9861429967583994
182,0.0049766035992007684,182,3442348,1,1.3402077588739294,-1.3309315782642206,4.985911195398041
183,0.0039658894389423965,183,3461262,1,1.342283367214482,-1.3342464782817458,4.985749976821493
184,0.004744908230771228,184,3480176,1,1.334683966949635,-1.3434388872141565,4.985839345152828
185,0.004784177848521795,185,3499090,1,1.3469416055162582,-1.3406008752665743,4.985407695520595
186,0.005182207744122869,186,3518004,1,1.3508475033178637,-1.3428384808997809,4.9851907959386095
187,0.0047254665731844,187,3536918,1,1.3582866047028588,-1.3429520986887293,4.984874375539739
188,0.004947367952619679,188,3555832,1,1.357255400475367,-1.348180231182172,4.984785825452614
189,0.004382739510525396,189,3574746,1,1.363031642784735,-1.3493020287416044,4.984507530766846
190,0.004797586193601128,190,3593660,1,1.3605727466503756,-1.3554331378476527,4.984455714126815
191,0.005548959361096645,191,3612574,1,1.3685554873601231,-1.355214548640225,4.984108628029891
192,0.004229684286816429,192,3631488,1,1.3792977994132851,-1.3533481188781673,4.983674760406265
193,0.0038776539185871317,193,3650402,1,1.3693751144483983,-1.3640431941319602,4.983834470848041
194,0.0038687676300799695,194,3669316,1,1.368604320531325,-1.369220124053379,4.983729011440104
195,0.003966759169188178,195,3688230,1,1.3720146216207938,-1.3718212738502062,4.983500285452692
196,0.004188484741049936,196,3707144,1,1.3767812472536294,-1.3735852664662827,4.983228083971045
197,0.004225988547607279,197,3726058,1,1.383014800618856,-1.3744448770542708,4.982907458881694
198,0.003834427265617543,198,3744972,1,1.3869989628838133,-1.3767045728260603,4.982649747893709
199,0.003959796847882183,199,3763886,1,1.3857051816984562,-1.3822568550813281,4.982550083904332
200,0.004569195540371301,200,3782800,1,1.3908497696013056,-1.383803999129739,4.982250510514765
201,0.005305681022644962,201,3801714,1,1.4015502334980352,-1.381904076254886,4.981770840496766
202,0.004663852966148158,202,3820628,1,1.412614264374252,-1.3798222824833808,4.981268258713455
203,0.0045216570299740355,203,3839542,1,1.4097067045784826,-1.3863517530376377,4.981211219888151
204,0.004529212359063006,204,3858456,1,1.4117215009162019,-1.3898646435688724,4.980992590115141
205,0.003554870038277258,205,3877370,1,1.4153779029825044,-1.392364703457991,4.980716754078783
206,0.0036541066237187475,206,3896284,1,1.4067900929983552,-1.4025765954102165,4.980843192372028
207,0.0034402806485926973,207,3915198,1,1.4117354471254377,-1.4042789106499778,4.9805208153554315
208,0.0033775793142484245,208,3934112,1,1.41227855909975,-1.4087883669063146,4.980341489900955
209,0.0032956592131649365,209,3953026,1,1.4149247944613998,-1.4119689715322024,4.980088630229487
210,0.003338586956359413,210,3971940,1,1.4172633697364314,-1.4153555453547533,4.979842750589867
211,0.0034470718636811504,211,3990854,1,1.4214890538048257,-1.4175368602010092,4.979528107908798
212,0.0035300740049659662,212,4009768,1,1.4266798274200434,-1.4191029295949351,4.979174654034368
213,0.004095292225684888,213,4028682,1,1.4314661254048293,-1.4209338306057921,4.978829739448054
214,0.0036153211280867403,214,4047596,1,1.4425801993786245,-1.4187275817540073,4.978249882547625
215,0.0038693021220056467,215,4066510,1,1.4398582907080841,-1.425368145332023,4.978166197818297
216,0.0037721575781975436,216,4085424,1,1.4469036848735932,-1.4257641558110712,4.977721140261769
217,0.003297788979782737,217,4104338,1,1.449217158500215,-1.4292003767452635,4.977445606761475
218,0.0036794724714988014,218,4123252,1,1.4459957039212816,-1.4362293295387754,4.977374828970845
219,0.002944167872471204,219,4142166,1,1.455170281838122,-1.4352446737867892,4.976832262227431
220,0.003389802471457315,220,4161080,1,1.4474452357253114,-1.445258634433807,4.976929824841893
221,0.003787924544381205,221,4179994,1,1.4582195353796383,-1.4432056794088608,4.976314297010292
222,0.003571036503235578,222,4198908,1,1.4675083437655805,-1.442153751873401,4.97574347005379
223,0.004335663314405089,223,4217822,1,1.4681171910074111,-1.4467414572131725,4.9755096445494456
224,0.0035100850190211835,224,4236736,1,1.481699046921903,-1.44294289981037,4.97474536506556
225,0.003984717598445445,225,4255650,1,1.474490511131686,-1.4525958309391038,4.974822731893435
226,0.0029209374398181387,226,4274564,1,1.4846375218781453,-1.4510053709073492,4.974182551508239
227,0.0033693633849927324,227,4293478,1,1.4723412396353774,-1.464103572243874,4.974469531245569
228,0.002967256476296698,228,4312392,1,1.4832930819534031,-1.4619305203037047,4.973785781086647
229,0.0033850957668275644,229,4331306,1,1.4804075632252203,-1.4689061788568318,4.9736775708252186
230,0.003065010873787813,230,4350220,1,1.4908154358006258,-1.4671011734978356,4.972997701622853
231,0.0030215042295798633,231,4369134,1,1.4893519870502403,-1.4731391277139365,4.972823238880531
232,0.003803366726502,232,4388048,1,1.4922644842440476,-1.4762935688280463,4.972454877938539
233,0.0030156885773786613,233,4406962,1,1.507794271750038,-1.4711504364694707,4.971514254775043
234,0.0032480678355767956,234,4425876,1,1.499472781028324,-1.4816936913548548,4.971640386984664
235,0.003534526631759613,235,4444790,1,1.5069637610220512,-1.4818273131678414,4.971045729771813
236,0.00349808074020079,236,4463704,1,1.5150056593003853,-1.481615451923787,4.970413819825548
237,0.0031338607595964157,237,4482618,1,1.5181445047054576,-1.484629049208499,4.970002511494778
238,0.00274570583747831,238,4501532,1,1.516128129410219,-1.4910417994825156,4.969832202083792
239,0.002994628590946846,239,4520446,1,1.5129714543788475,-1.4982466481481378,4.96971538579305
240,0.002631827091493677,240,4539360,1,1.5211374291978172,-1.4979277154858965,4.969048539413391
241,0.0027267811089928123,241,4558274,1,1.5181428285498724,-1.5050433509902086,4.9689197275742725
242,0.0030174657907068164,242,4577188,1,1.5236606986161516,-1.5064850445336644,4.968368024851454
243,0.00309440009121123,243,4596102,1,1.5326031992867115,-1.5056563626039934,4.96763341488352
244,0.002512299843969945,244,4615016,1,1.5376110110989307,-1.5074515681727623,4.967086557056221
245,0.00264138627711738,245,4633930,1,1.5305009839351573,-1.517322090489191,4.967159783553078
246,0.0027936609078754032,246,4652844,1,1.5367984750640207,-1.5182465402190028,4.9665365805427975
247,0.0025320967221994645,247,4671758,1,1.543416610296304,-1.5189653441328532,4.96588518578737
248,0.002513343782431135,248,4690672,1,1.542021674484763,-1.5250435353454568,4.965653481461507
249,0.0029711775866815837,249,4709586,1,1.5453489273167476,-1.5279659038725406,4.9651641803979265
250,0.0032848004686049093,250,4728500,1,1.557781323254872,-1.524809072701479,4.964164767080646
251,0.0033834314186469983,251,4747414,1,1.5667568493337836,-1.5239946124506365,4.963336357764159
252,0.003015634116751431,252,4766328,1,1.5720440896213637,-1.5256262971810832,4.962702862279944
253,0.002364281287317249,253,4785242,1,1.569755930921171,-1.5322608999783163,4.962498524131357
254,0.0025928127358617326,254,4804156,1,1.5607923061334295,-1.54341326647661,4.962679509550494
255,0.0026327121916276536,255,4823070,1,1.5693405737740753,-1.5428362796658226,4.9618414546577405
256,0.0031501416531974913,256,4841984,1,1.5738824077340123,-1.5449571849308799,4.961225611107951
257,0.0033659923769156636,257,4860898,1,1.5870379211901082,-1.5413502955033387,4.960076811087857
258,0.002984178122503303,258,4879812,1,1.594284997925484,-1.5416964099531385,4.9592663635785454
259,0.003172941480966654,259,4898726,1,1.5917150925874528,-1.5485311204817187,4.959057044220366
260,0.002435072499953242,260,4917640,1,1.59870852518155,-1.54903904900372,4.958242269629013
261,0.0027965815111972714,261,4936554,1,1.5885750137194512,-1.5609640306221255,4.95850767017749
262,0.002187983967570986,262,4955468,1,1.5996072596335429,-1.5587429566088138,4.957419922628807
263,0.002638468892005766,263,4974382,1,1.5905068281461017,-1.5700528143582761,4.957622461677824
264,0.0023051281925058065,264,4993296,1,1.6040992146347615,-1.566079560013401,4.9563422901069645
265,0.00230155681815275,265,5012210,1,1.6007847631033896,-1.5735004685542904,4.956164030989499
266,0.0024768092630989558,266,5031124,1,1.6044834452469825,-1.5762019647947496,4.9555138780003745
267,0.0025227768338377254,267,5050038,1,1.612125129790889,-1.5762435418608485,4.954584219207213
268,0.0022661926802156063,268,5068952,1,1.616884208743345,-1.578233432451524,4.953837389785836
269,0.0024532116292386857,269,5087866,1,1.6150332748954197,-1.5846838837474106,4.95354335273594
270,0.002344943989644299,270,5106780,1,1.62300440838906,-1.5845032582315048,4.952550350220392
271,0.0024389420071281587,271,5125694,1,1.624427177684557,-1.5887464096802937,4.952011341025397
272,0.0026038312885302006,272,5144608,1,1.6303048312272166,-1.5899832969251193,4.951140546861227
273,0.002297939308634714,273,5163522,1,1.6375719680827774,-1.5902907735177485,4.950151262901555
274,0.00243746484647607,274,5182436,1,1.6347837835353785,-1.597374777194528,4.949900443393966
275,0.002227505792111617,275,5201350,1,1.6417138782212368,-1.5979015281172364,4.948911936863251
276,0.001936824419903324,276,5220264,1,1.6407745904266835,-1.603752357802864,4.948511698681488
277,0.002425162583628626,277,5239178,1,1.6372219934311611,-1.6114133051106219,4.94830968961028
278,0.0020844582290512337,278,5258092,1,1.6529215575004246,-1.605963176043708,4.946597834242858
279,0.0022601441728016675,279,5277006,1,1.6487447378549975,-1.614023290891508,4.946435656584731
280,0.002823008358187773,280,5295920,1,1.6568565174922791,-1.6137361419972682,4.945284187046308
281,0.002046176293478308,281,5314834,1,1.6725067763414962,-1.6083997450472098,4.943485511994794
282,0.001972943803981511,282,5333748,1,1.6592703089625664,-1.6225641871027174,4.9440626013307245
283,0.00233262807226417,283,5352662,1,1.6611848989643274,-1.6265039050433852,4.943381730865225
284,0.002286937240781148,284,5371576,1,1.6739070592001615,-1.623072752817148,4.94177280069842
285,0.002365726754876965,285,5390490,1,1.6767099655467201,-1.626398045949891,4.9409872022374435
286,0.002739944973738695,286,5409404,1,1.6823680636811278,-1.6277875201782819,4.939940031159919
287,0.0027664405379224655,287,5428318,1,1.6940595414876443,-1.625116797655524,4.9383343488376354
288,0.002727809874394499,288,5447232,1,1.698443769841819,-1.6273730625329428,4.937358897757978
289,0.0028682135748946957,289,5466146,1,1.7015655836875565,-1.6304763917731173,4.93648479082306
290,0.0026871305900065257,290,5485060,1,1.708128956902021,-1.6312723219870362,4.935276040649834
291,0.0028414352636606383,291,5503974,1,1.7085189633175417,-1.6362080973812534,4.934632023346342
292,0.002681649680154205,292,5522888,1,1.7153935535251863,-1.636792989558285,4.933358706409362
293,0.0032104483918876103,293,5541802,1,1.716180338816935,-1.6414644539451086,4.932655937553439
294,0.0023868435658499776,294,5560716,1,1.7297358808745047,-1.6375871129191126,4.9306819905710135
295,0.002547299838880343,295,5579630,1,1.717729482760608,-1.6508510487244399,4.931228618440645
296,0.0024293861041513876,296,5598544,1,1.7251070669196493,-1.6510788323241663,4.929838505423332
297,0.0023308330134620137,297,5617458,1,1.7264674210027218,-1.655379194826586,4.929037834244662
298,0.001975460092779824,298,5636372,1,1.728151651545801,-1.6594653968613102,4.928194034192225
299,0.0022203524611679737,299,5655286,1,1.7232148462424257,-1.668090494414803,4.928027801170927
300,0.0020414412391783487,300,5674200,1,1.7333632501933682,-1.6663924656229754,4.926279995438257
301,0.001992375355621967,301,5693114,1,1.7327795515764453,-1.6720436690442428,4.92564391300821
302,0.0019224887920329115,302,5712028,1,1.7353902973841677,-1.6755118626608407,4.924657580834578
303,0.002132494053040196,303,5730942,1,1.7373961699205793,-1.6793985715527215,4.923723815677731
304,0.001965322073988779,304,5749856,1,1.7468589406193418,-1.6781562175043665,4.9219516804075605
305,0.0020868415484560643,305,5768770,1,1.7464105110511325,-1.6837245661465463,4.921259920715086
306,0.0020445313422314954,306,5787684,1,1.7535469418371605,-1.6840789105215386,4.919698944628239
307,0.002318219367070218,307,5806598,1,1.7563775415344154,-1.6873930392275063,4.918607381197527
308,0.0019840381104739985,308,5825512,1,1.7670539210959026,-1.6853298532050554,4.916578858449631
309,0.0021906777223044266,309,5844426,1,1.7626332034268557,-1.6936136922991922,4.9163080720516605
310,0.0018074782189749505,310,5863340,1,1.771889091040305,-1.692509660458823,4.914395824375468
311,0.0021036656523405473,311,5882254,1,1.7655168362049019,-1.7021706160690933,4.914351912928889
312,0.00212516689786052,312,5901168,1,1.7775988979019952,-1.6990949409233087,4.912045495607019
313,0.001921600618138744,313,5920082,1,1.782093762377558,-1.7012601160226648,4.910639881141602
314,0.00218220287847648,314,5938996,1,1.7806345836994182,-1.7075294913148062,4.9099680816398426
315,0.0019158503012155076,315,5957910,1,1.7914241445879049,-1.7053524768202442,4.907717483874606
316,0.0022095966024172076,316,5976824,1,1.7883784449770186,-1.712712147306564,4.9072277620891525
317,0.0019240843160589632,317,5995738,1,1.8000127536051056,-1.7099483205732056,4.904799250602455
318,0.002026744640616085,318,6014652,1,1.7965231759439486,-1.7176106633965817,4.90435008336145
319,0.0017267358937713,319,6033566,1,1.8032822429174389,-1.7181991232424447,4.902513600072289
320,0.0017706307184252729,320,6052480,1,1.7986268975927109,-1.7267015491082471,4.902209369541133
321,0.00150087649645457,321,6071394,1,1.8039388328348607,-1.7282808387551045,4.900531404292891
322,0.0016449621198282999,322,6090308,1,1.7990253198601849,-1.7370140027314092,4.900253746241791
323,0.0015660175463373394,323,6109222,1,1.8079117578349773,-1.736075351225678,4.898035474307505
324,0.001908919391335806,324,6128136,1,1.809235438754835,-1.74043934143651,4.8968580007209646
325,0.0016058013678915267,325,6147050,1,1.823867283897835,-1.7355028285776215,4.89372692944157
326,0.0016691057512034924,326,6165964,1,1.8185235504000796,-1.7445047927372324,4.89348474918024
327,0.0014546969853112685,327,6184878,1,1.8245774149216742,-1.7455463346953382,4.89154656768834
328,0.0015227752126388827,328,6203792,1,1.8211493145406745,-1.7532418010571602,4.891009020903088
329,0.0016202489541935206,329,6222706,1,1.8275812412961343,-1.7540030175983197,4.88896702962561
330,0.0014809850155076965,330,6241620,1,1.8348972338196696,-1.7541446780620413,4.886750636149344
331,0.0019118990363198862,331,6260534,1,1.8340279759151963,-1.7600357296920557,4.885783063819266
332,0.0015403361770338353,332,6279448,1,1.8517919756634151,-1.7528653927931674,4.881825814816384
333,0.001508659046409247,333,6298362,1,1.8440938232638957,-1.7635063575319445,4.88192204970094
334,0.0014381480297577798,334,6317276,1,1.8469481573780973,-1.7667705672224974,4.88030098131528
335,0.0017944873865175237,335,6336190,1,1.8483417976651666,-1.771063798394663,4.878899298554968
336,0.001925811677860212,336,6355104,1,1.8642803507311392,-1.7651296015140074,4.875026125851459
337,0.0017156560250642938,337,6374018,1,1.872088986295986,-1.7649213709853848,4.872456060582652
338,0.001696013535259805,338,6392932,1,1.8698080697935295,-1.7717461999956996,4.871603426761311
339,0.0015656215110661162,339,6411846,1,1.8731647192355785,-1.7746355781399397,4.869751639361038
340,0.0015234750154057841,340,6430760,1,1.8728140221511473,-1.7801265470889047,4.868534860931334
341,0.0015904151038020342,341,6449674,1,1.8753166825297989,-1.7836134645255664,4.866791548342284
342,0.0016064453359238423,342,6468588,1,1.8816239220133193,-1.7844161969798522,4.864328260693821
343,0.0016444639436207498,343,6487502,1,1.8861477307930152,-1.7864715313887283,4.862153036041763
344,0.001437018077303731,344,6506416,1,1.89139688248628,-1.788013012762982,4.859806383541875
345,0.0014744972885664676,345,6525330,1,1.8880719698317625,-1.7955962611872271,4.859056797886161
346,0.0016532531908767245,346,6544244,1,1.8934457272881144,-1.797036625738396,4.856632005983361
347,0.0015848821488364112,347,6563158,1,1.9036321945172885,-1.7950819713889985,4.853221626328415
348,0.0015305247224616791,348,6582072,1,1.9053218881753837,-1.7991116061768402,4.851434970141151
349,0.0016730493787829315,349,6600986,1,1.907409907498168,-1.802860144474404,4.84954543761809
350,0.0013990437750829587,350,6619900,1,1.9162273756318287,-1.8018597218478738,4.846254796893957
351,0.0015206940996579515,351,6638814,1,1.9105007579707811,-1.8111244272230502,4.845915270466776
352,0.00117716685774584,352,6657728,1,1.9190053114788106,-1.8103188697595143,4.842610886252438
353,0.001627680496986611,353,6676642,1,1.9091098134816198,-1.8225997218974754,4.843135995426236
354,0.0012774771372442983,354,6695556,1,1.9306653936724412,-1.8124933352456973,4.8369623184628425
355,0.0014553475241652208,355,6714470,1,1.9214938373269843,-1.8242159409910745,4.837338586695686
356,0.0012318354380513874,356,6733384,1,1.9325467381135066,-1.8215627442819482,4.833290483443164
357,0.0011973248821006838,357,6752298,1,1.927480960625417,-1.8303923855741515,4.83276060343229
358,0.0011411195522009893,358,6771212,1,1.9299203313087934,-1.833872924859612,4.830547595992642
359,0.001140003001652068,359,6790126,1,1.931294811898554,-1.8381172160703696,4.82854698257241
360,0.0012956250631827593,360,6809040,1,1.9352198079195815,-1.84052384229844,4.825934365666242
361,0.0013042282616358564,361,6827954,1,1.946136961446023,-1.8379064680360901,4.821641924581906
362,0.001140773339829565,362,6846868,1,1.950476085187459,-1.8400052592980853,4.81882800786274
363,0.001040419835555001,363,6865782,1,1.947190364481353,-1.8475737103652645,4.817809361814408
364,0.0011526540219526926,364,6884696,1,1.9461804469660415,-1.8535275928049202,4.816233244987584
365,0.0013314700082689979,365,6903610,1,1.9557078787915114,-1.8518614333481025,4.812051719621833
366,0.0014013828272823048,366,6922524,1,1.967518123927217,-1.8485743094720726,4.8072062330145595
367,0.0014090495285580817,367,6941438,1,1.9742820855895307,-1.8489143615799524,4.803545659595823
368,0.0012122177541195045,368,6960352,1,1.9785589030885053,-1.8510264322814662,4.800466879840117
369,0.0013139565807343129,369,6979266,1,1.974353254186815,-1.8592131231765452,4.799569987060069
370,0.0009818430295494146,370,6998180,1,1.9827124144894972,-1.8583812164625173,4.795340635875853
371,0.0013990169632271399,371,7017094,1,1.970867933538671,-1.8721239684059543,4.79645504524076
372,0.0014747709953710775,372,7036008,1,1.994082266690673,-1.8605480760895157,4.788102906888966
373,0.001316571639062361,373,7054922,1,2.0009342611253182,-1.8607915508803652,4.784065877281881
374,0.0015015278153321376,374,7073836,1,1.9987233430833244,-1.8675093700839631,4.782517721449585
375,0.0012334225757865136,375,7092750,1,2.0098667512317676,-1.8646674664606617,4.777144839379396
376,0.001316051476262306,376,7111664,1,2.0031162086715115,-1.8746353884734095,4.776853638575028
377,0.0009551741206573344,377,7130578,1,2.010619787046543,-1.8743712749702526,4.772413280640354
378,0.0010917491615030084,378,7149492,1,1.9971630062424128,-1.8892712641681308,4.774076942471085
379,0.0010657965860228352,379,7168406,1,2.008386588567428,-1.8862566653190869,4.7684669500854895
380,0.0011408880817831424,380,7187320,1,2.0110454172040493,-1.8894704761596541,4.765327481811648
381,0.0009366246909462278,381,7206234,1,2.0187143797522125,-1.889040036339321,4.760609388891666
382,0.0010815113405536203,382,7225148,1,2.0119580154072296,-1.8991038390691959,4.760279394880016
383,0.0008987132490079347,383,7244062,1,2.023735126686696,-1.8956486302902884,4.754168023002677
384,0.000910370240778613,384,7262976,1,2.0176394837990963,-1.9052416367094949,4.753612833389752
385,0.0009130407518897765,385,7281890,1,2.0222985095161325,-1.90696645085451,4.749627576192079
386,0.0009172305889199733,386,7300804,1,2.026416349565462,-1.9090819158730972,4.745755322753023
387,0.0008634139183515133,387,7319718,1,2.0306227048770134,-1.9111255410684205,4.741795006292931
388,0.0007994322724987346,388,7338632,1,2.0312980889724943,-1.9157605251720042,4.738951741825225
389,0.0009104500652114267,389,7357546,1,2.0310789963567273,-1.9210599034186058,4.73637648623254
390,0.0006906479656674652,390,7376460,1,2.042086569062242,-1.9180640738166228,4.729943757493717
391,0.0009384276934355645,391,7395374,1,2.0310666750435016,-1.9313638328896854,4.730998379124321
392,0.0008109868119885455,392,7414288,1,2.0516363027604005,-1.9212523001284447,4.721074076804547
393,0.0008408797588146388,393,7433202,1,2.0476636876192313,-1.92928933922755,4.7196529115890185
394,0.0010528705256040022,394,7452116,1,2.0535769581745122,-1.9300182062451072,4.714676227199652
395,0.0008563258100338089,395,7471030,1,2.0697491040425358,-1.923200543879569,4.705840520484938
396,0.0010117249869777134,396,7489944,1,2.0624645367826036,-1.9336214778151257,4.7055621921456865
397,0.0008552727886247113,397,7508858,1,2.075479145886869,-1.9290991729340174,4.697664026645291
398,0.0009274814380256652,398,7527772,1,2.070296984047788,-1.937964030101222,4.696570735573019
399,0.000951459132480334,399,7546686,1,2.0786493685304466,-1.9368449525192246,4.690259104071126
400,0.0008705741765012848,400,7565600,1,2.0839864566214237,-1.9379432237011294,4.685015092870048
401,0.0010445046394186863,401,7584514,1,2.083107261480134,-1.9436150494082147,4.682162962383166
402,0.0008383245798393446,402,7603428,1,2.096962503767344,-1.9384220808691235,4.673339102026973
403,0.0011022032827633504,403,7622342,1,2.0889550552223657,-1.9493228081372882,4.673293118474778
404,0.0008063116703153489,404,7641256,1,2.1077893121060787,-1.9404422203956926,4.662159098953762
405,0.0011638301801327466,405,7660170,1,2.0947385082329215,-1.9550381685400569,4.664209414320001
406,0.0007302988572373825,406,7679084,1,2.118651860738243,-1.9423852501248708,4.650603140127339
407,0.0008547894398424766,407,7697998,1,2.0972670045946176,-1.9631209643140097,4.6562720890237905
408,0.0008673574970233799,408,7716912,1,2.1097479721279004,-1.9587844234200533,4.64737006536622
409,0.0009095783672089242,409,7735826,1,2.114486713553865,-1.9601939968979043,4.64169875160152
410,0.000895247213698061,410,7754740,1,2.1210143689074314,-1.9602614818877044,4.635138583978495
411,0.0008234143721384257,411,7773654,1,2.124096716735859,-1.96286126260294,4.630036151856672
412,0.0009029652142845818,412,7792568,1,2.1235009322937493,-1.9681747718742872,4.626555889058206
413,0.0008406544452422282,413,7811482,1,2.1324520426751024,-1.9663852247420124,4.618602624129647
414,0.0008210237292603506,414,7830396,1,2.132513493570337,-1.9711741128641096,4.614706284478306
415,0.0006403836899410709,415,7849310,1,2.13517499826416,-1.9740186611202368,4.609530781586693
416,0.0008402755698349029,416,7868224,1,2.125668993204492,-1.985969630592081,4.6101361349665595
417,0.0007980526142905703,417,7887138,1,2.1443173029049847,-1.976810879288278,4.597107637230818
418,0.0008534582354248338,418,7906052,1,2.1454633147800184,-1.9807313721058315,4.5924591560630486
419,0.0008475918375549091,419,7924966,1,2.1530443069555747,-1.9798381857345022,4.584523417777996
420,0.0008387419308803629,420,7943880,1,2.156610347240408,-1.9819174333362044,4.578501120980999
421,0.0008554275526805322,421,7962794,1,2.1599806542712496,-1.9841241897327988,4.572497581845242
422,0.0007817773020865615,422,7981708,1,2.1649879316437435,-1.98509286939936,4.565555407513058
423,0.0007560090339909231,423,8000622,1,2.164046732173756,-1.9904818341199055,4.561663343878362
424,0.0007396127076060577,424,8019536,1,2.166170545311532,-1.993569518985081,4.556099312072385
425,0.0007812609282614735,425,8038450,1,2.1689220718302713,-1.9961701090141084,4.550127965321211
426,0.0006356052313926247,426,8057364,1,2.1758233963203333,-1.9956394851187087,4.541802839075047
427,0.0007201131088245272,427,8076278,1,2.168611676525772,-2.005707129189191,4.54117047188271
428,0.0006884402723366656,428,8095192,1,2.179287567203388,-2.002277701274571,4.5305683084100075
429,0.0007536939776341678,429,8114106,1,2.180793557964246,-2.005745368466371,4.524981169324726
430,0.0008098216986662382,430,8133020,1,2.1896207737487217,-2.0036807303913777,4.515113556754068
431,0.0006879177264723785,431,8151934,1,2.1974391866184604,-2.0023656817633406,4.505656909855201
432,0.0008295544172157165,432,8170848,1,2.1925554926947792,-2.0105770027437266,4.503573657099004
433,0.0006294132259894863,433,8189762,1,2.206604990004167,-2.004532206388797,4.490160371572235
434,0.0007528772700087782,434,8208676,1,2.1956294605838482,-2.017312074126927,4.491688513802612
435,0.0006936909207296282,435,8227590,1,2.2092213709228496,-2.011536211262344,4.4782619901190595
436,0.0007974852599186982,436,8246504,1,2.208732272518582,-2.0163755534658336,4.473331546916268
437,0.0007800044595608902,437,8265418,1,2.220188330317733,-2.0121908412555873,4.460833891535448
438,0.000827648186487201,438,8284332,1,2.2229178267806042,-2.0145590075424917,4.453689110141875
439,0.0008754064747559798,439,8303246,1,2.230047089654324,-2.0136012981217886,4.443601938138491
440,0.0007110750383758635,440,8322160,1,2.2370046582822765,-2.0127573722689633,4.433463251131185
441,0.0008104867139005628,441,8341074,1,2.229703251616291,-2.0226159737750247,4.43265359901625
442,0.0007106657890474655,442,8359988,1,2.24068568448807,-2.01868464708088,4.41962004995411
443,0.000603913594152225,443,8378902,1,2.2375198345463962,-2.0254061264489387,4.415983997425932
444,0.0005427107783332746,444,8397816,1,2.232687766120284,-2.033416935110211,4.413462455733437
445,0.0006321097554331523,445,8416730,1,2.2308752468049518,-2.0391477003962497,4.4088560619273975
446,0.0006391351280247148,446,8435644,1,2.242981604261477,-2.034205218250388,4.39453563113641
447,0.0005457563439644902,447,8454558,1,2.2474939286130535,-2.0350540430964577,4.385317841506359
448,0.0006909968683308093,448,8473472,1,2.2429331384133633,-2.042831163302706,4.382451749441219
449,0.0007121476297886897,449,8492386,1,2.2595197750532243,-2.034406805817643,4.364321183910538
450,0.0006104899236304417,450,8511300,1,2.265054320574553,-2.0344190992874953,4.353940637750743
451,0.00047558102799334645,451,8530214,1,2.260688742737179,-2.0419636179903478,4.350773692074092
452,0.0004831009066909031,452,8549128,1,2.251225659280583,-2.053493870890784,4.351369735806225
453,0.0006073844491057412,453,8568042,1,2.2559778829094097,-2.054041367115506,4.341368474313078
454,0.0006772785630023981,454,8586956,1,2.2721479537536755,-2.045755170268724,4.322520576937687
455,0.0006127511337059022,455,8605870,1,2.281902752372381,-2.0424326295650514,4.308247722263328
456,0.0007658746444826892,456,8624784,1,2.2804367555008134,-2.047689507044866,4.302570144340551
457,0.0006674584919768023,457,8643698,1,2.2963220918606755,-2.039647257966089,4.283034867160557
458,0.000687017605309051,458,8662612,1,2.292836095242442,-2.04639022071168,4.2787951881851365
459,0.0007775815351421939,459,8681526,1,2.298289922879084,-2.0462847956929293,4.2672580987084245
460,0.0005897431755334109,460,8700440,1,2.308845829555839,-2.0422722859919644,4.251342987657772
461,0.0006287831930791438,461,8719354,1,2.2979140394695063,-2.0546999691822236,4.253108461187212
462,0.000636554872233408,462,8738268,1,2.3052558221121147,-2.0531073157752324,4.2396433610545685
463,0.0005526241251737479,463,8757182,1,2.3098251997590986,-2.053649381347334,4.228344572790556
464,0.0005927546911519699,464,8776096,1,2.306168039653865,-2.060520444343749,4.223942950177942
465,0.0005867929397244676,465,8795010,1,2.3138360209527638,-2.0586632514034946,4.209781422855977
466,0.0006863664752054521,466,8813924,1,2.3172141733328826,-2.0601108238768973,4.199167238207369
467,0.0006595315275399749,467,8832838,1,2.3295381061332767,-2.0547063857590073,4.1805427396051
468,0.0005158839888776967,468,8851752,1,2.3313231695511214,-2.0573641222426966,4.171048691437722
469,0.0005620555416603473,469,8870666,1,2.3221020387602995,-2.0684799306240604,4.171336062414853
470,0.0005435726981384281,470,8889580,1,2.3306149571993062,-2.0659574771484857,4.1556697753000735
471,0.00047363605075047277,471,8908494,1,2.3327603090631057,-2.0683384226366854,4.145609023479357
472,0.0005229936223863363,472,8927408,1,2.3293404771741857,-2.075009440818909,4.140565198965195
473,0.0006301970401050988,473,8946322,1,2.338572784370414,-2.07191940315419,4.123786205264212
474,0.0006093896596107706,474,8965236,1,2.3524918794414256,-2.06527066019161,4.102349278331202
475,0.00047844731607774027,475,8984150,1,2.3546376431072624,-2.0676319473221234,4.091799563693363
476,0.00045991741103723616,476,9003064,1,2.345651990360475,-2.0785229858266816,4.0917991990414215
477,0.0005990010959317643,477,9021978,1,2.347494364254637,-2.081114645769922,4.08143271080026
478,0.0005783466391785785,478,9040892,1,2.3655574722392587,-2.0712674341321096,4.0551836789723446
479,0.0005233982665096143,479,9059806,1,2.3676323203601735,-2.073665331492313,4.044277837305527
480,0.0005166558760489465,480,9078720,1,2.3662578181363063,-2.0787017733183895,4.036701757077086
481,0.00046589162541854634,481,9097634,1,2.3695211999632244,-2.0801821568665266,4.024439314690313
482,0.0005726386410420115,482,9116548,1,2.3679688644619787,-2.0853536721226567,4.01691326909725
483,0.0007247168830881168,483,9135462,1,2.3829038447234705,-2.077865549017162,3.992564594059694
484,0.0004905007535344064,484,9154376,1,2.399364756989259,-2.069208604065987,3.9662085762433996
485,0.00047710139891959935,485,9173290,1,2.382584912057793,-2.0860414254220103,3.9742062785802457
486,0.0005439679358277827,486,9192204,1,2.3850739780313126,-2.0880902633964964,3.962165194347352
487,0.00044180705084657934,487,9211118,1,2.395986893021192,-2.0836532467806355,3.9411336393075675
488,0.0004592523753341182,488,9230032,1,2.388923639073692,-2.0930435810253516,3.9389644141946047
489,0.00044502174300656283,489,9248946,1,2.3949380537576523,-2.0923613172479487,3.9228519408613796
490,0.000554030442567105,490,9267860,1,2.397236608382745,-2.0945372445769683,3.910577907414032
491,0.00042073067523895613,491,9286774,1,2.4127736550227317,-2.08650009847549,3.8837702670969985
492,0.0004494833502039497,492,9305688,1,2.4022035024944035,-2.0985902237937526,3.885320454353985
493,0.00042066545442014103,493,9324602,1,2.409657963673241,-2.0967686113236756,3.8670508798986907
494,0.0005349403531443725,494,9343516,1,2.4101318010344603,-2.1003344062391998,3.8563565662287775
495,0.00039875726408739043,495,9362430,1,2.426748075765261,-2.0914189520744824,3.8274476757262015
496,0.0004732224342896274,496,9381344,1,2.4152560280030215,-2.1042252876470804,3.830039677790392
497,0.0005434759828674557,497,9400258,1,2.4282236918804463,-2.0981071494134245,3.804872566571982
498,0.0004263724684200332,498,9419172,1,2.4394504887234763,-2.093331130103582,3.7813750988083497
499,0.0003962315171703312,499,9438086,1,2.430684174259371,-2.104022678971919,3.780845495042363
500,0.0004534237390155793,500,9457000,1,2.4308116513274527,-2.107831366471417,3.76998693923016
501,0.0005234792500151547,501,9475914,1,2.441842530500786,-2.1031769727435856,3.746277472945451
502,0.0006977063739079387,502,9494828,1,2.453320106525217,-2.0981704831412644,3.721753273918135
503,0.0005426675615388121,503,9513742,1,2.47227794155807,-2.0873674947501306,3.687913625023427
504,0.0005653136088347582,504,9532656,5,2.463117637678025,-2.098336084556676,3.6877844173468546
505,0.0005313772022269292,505,9551570,,2.463117637678025,-2.098336084556676,3.6877844173468546
506,0.00042856123529377843,506,9570484,,2.463117637678025,-2.098336084556676,3.6877844173468546
507,0.00047716792051560875,507,9589398,,2.463117637678025,-2.098336084556676,3.6877844173468546
508,0.0005799138242807422,508,9608312,,2.463117637678025,-2.098336084556676,3.6877844173468546
509,0.000501910205074188,509,9627226,5,2.4863568086002417,-2.09960986143226,3.602003243457278
510,0.0004754828233260594,510,9646140,,2.4863568086002417,-2.09960986143226,3.602003243457278
511,0.0004858333236245904,511,9665054,,2.4863568086002417,-2.09960986143226,3.602003243457278
512,0.00043201466796202737,512,9683968,,2.4863568086002417,-2.09960986143226,3.602003243457278
513,0.00045902864870148163,513,9702882,,2.4863568086002417,-2.09960986143226,3.602003243457278
514,0.0004484298411343568,514,9721796,5,2.494059029065661,-2.112834657539791,3.5329750835957614
515,0.0005149716020353412,515,9740710,,2.494059029065661,-2.112834657539791,3.5329750835957614
516,0.0005088023325827279,516,9759624,,2.494059029065661,-2.112834657539791,3.5329750835957614
517,0.00043789998662660534,517,9778538,,2.494059029065661,-2.112834657539791,3.5329750835957614
518,0.0003758071492798165,518,9797452,,2.494059029065661,-2.112834657539791,3.5329750835957614
519,0.00042134622562389756,519,9816366,5,2.503614913969948,-2.1245200592009277,3.459473786022506
520,0.0005149725769267588,520,9835280,,2.503614913969948,-2.1245200592009277,3.459473786022506
521,0.0003992411598484069,521,9854194,,2.503614913969948,-2.1245200592009277,3.459473786022506
522,0.0003941800394861028,522,9873108,,2.503614913969948,-2.1245200592009277,3.459473786022506
523,0.00045084822360230703,523,9892022,,2.503614913969948,-2.1245200592009277,3.459473786022506
524,0.000482057354061205,524,9910936,5,2.5328313651004413,-2.1206708618291534,3.3574156206204457
525,0.0005192731311179921,525,9929850,,2.5328313651004413,-2.1206708618291534,3.3574156206204457
526,0.0004851039420952219,526,9948764,,2.5328313651004413,-2.1206708618291534,3.3574156206204457
527,0.00038010936706900367,527,9967678,,2.5328313651004413,-2.1206708618291534,3.3574156206204457
528,0.0003414272105337207,528,9986592,,2.5328313651004413,-2.1206708618291534,3.3574156206204457
529,0.0003794687825896953,529,10005506,5,2.5385340258010816,-2.1351347235867224,3.2846818631010244
530,0.0003613536268095574,530,10024420,,2.5385340258010816,-2.1351347235867224,3.2846818631010244
531,0.0003742816645868341,531,10043334,,2.5385340258010816,-2.1351347235867224,3.2846818631010244
532,0.00038849148919475884,532,10062248,,2.5385340258010816,-2.1351347235867224,3.2846818631010244
533,0.0004208450494823657,533,10081162,,2.5385340258010816,-2.1351347235867224,3.2846818631010244
534,0.0004455186574850306,534,10100076,5,2.5690670725316074,-2.12993382542584,3.175497716836168
535,0.000443695822559001,535,10118990,,2.5690670725316074,-2.12993382542584,3.175497716836168
536,0.00044117184791209185,536,10137904,,2.5690670725316074,-2.12993382542584,3.175497716836168
537,0.0004011861358773072,537,10156818,,2.5690670725316074,-2.12993382542584,3.175497716836168
538,0.0004967262292871893,538,10175732,,2.5690670725316074,-2.12993382542584,3.175497716836168
539,0.0005453518832562732,539,10194646,5,2.5973629595829255,-2.1263967287975207,3.0669902607142343
540,0.0004678327088883105,540,10213560,,2.5973629595829255,-2.1263967287975207,3.0669902607142343
541,0.0004065622320729295,541,10232474,,2.5973629595829255,-2.1263967287975207,3.0669902607142343
542,0.00040852068707444844,542,10251388,,2.5973629595829255,-2.1263967287975207,3.0669902607142343
543,0.00044543454324552645,543,10270302,,2.5973629595829255,-2.1263967287975207,3.0669902607142343
544,0.0004450462881069317,544,10289216,5,2.6117434067460836,-2.133616437614471,2.9764275510270433
545,0.00048224361242946157,545,10308130,,2.6117434067460836,-2.133616437614471,2.9764275510270433
546,0.0004052203242534552,546,10327044,,2.6117434067460836,-2.133616437614471,2.9764275510270433
547,0.00040908893008936853,547,10345958,,2.6117434067460836,-2.133616437614471,2.9764275510270433
548,0.000497601456153754,548,10364872,,2.6117434067460836,-2.133616437614471,2.9764275510270433
549,0.0004881636958244534,549,10383786,5,2.6372329186634627,-2.1320276909602724,2.868469747278586
550,0.0003857857105397239,550,10402700,,2.6372329186634627,-2.1320276909602724,2.868469747278586
551,0.00033887583479347283,551,10421614,,2.6372329186634627,-2.1320276909602724,2.868469747278586
552,0.0003978617716112881,552,10440528,,2.6372329186634627,-2.1320276909602724,2.868469747278586
553,0.000479351533695882,553,10459442,,2.6372329186634627,-2.1320276909602724,2.868469747278586
554,0.00041195126617617206,554,10478356,5,2.655266442830725,-2.1361284918446417,2.7700798709259
555,0.0004019007401840774,555,10497270,,2.655266442830725,-2.1361284918446417,2.7700798709259
556,0.00044159750247727003,556,10516184,,2.655266442830725,-2.1361284918446417,2.7700798709259
557,0.0004322892724976657,557,10535098,,2.655266442830725,-2.1361284918446417,2.7700798709259
558,0.00033787934986743984,558,10554012,,2.655266442830725,-2.1361284918446417,2.7700798709259
559,0.0003653081910078293,559,10572926,5,2.6577613172075667,-2.1522647052293844,2.693446105273882
560,0.00039301531608157414,560,10591840,,2.6577613172075667,-2.1522647052293844,2.693446105273882
561,0.00031892496080228316,561,10610754,,2.6577613172075667,-2.1522647052293844,2.693446105273882
562,0.0003083497959011916,562,10629668,,2.6577613172075667,-2.1522647052293844,2.693446105273882
563,0.00036146506643282283,563,10648582,,2.6577613172075667,-2.1522647052293844,2.693446105273882
564,0.00032342307667210246,564,10667496,5,2.6811026482050773,-2.15192210753503,2.585987314303675
565,0.00039411137424717746,565,10686410,,2.6811026482050773,-2.15192210753503,2.585987314303675
566,0.00034532342512905156,566,10705324,,2.6811026482050773,-2.15192210753503,2.585987314303675
567,0.00034401897535896175,567,10724238,,2.6811026482050773,-2.15192210753503,2.585987314303675
568,0.00038675705911767055,568,10743152,,2.6811026482050773,-2.15192210753503,2.585987314303675
569,0.00032803405586491474,569,10762066,5,2.7044374706278016,-2.1514556921785606,2.4784038063941423
570,0.00028604779135711633,570,10780980,,2.7044374706278016,-2.1514556921785606,2.4784038063941423
571,0.0002705467683727508,571,10799894,,2.7044374706278016,-2.1514556921785606,2.4784038063941423
572,0.00030523517555827717,572,10818808,,2.7044374706278016,-2.1514556921785606,2.4784038063941423
573,0.00035050755813000045,573,10837722,,2.7044374706278016,-2.1514556921785606,2.4784038063941423
574,0.0003512767774727643,574,10856636,5,2.7195757242509493,-2.157236768512595,2.382874050499477
575,0.0003163003742631676,575,10875550,,2.7195757242509493,-2.157236768512595,2.382874050499477
576,0.0003457265394178344,576,10894464,,2.7195757242509493,-2.157236768512595,2.382874050499477
577,0.00030501573574497065,577,10913378,,2.7195757242509493,-2.157236768512595,2.382874050499477
578,0.00032904122275012604,578,10932292,,2.7195757242509493,-2.157236768512595,2.382874050499477
579,0.00041259663657181034,579,10951206,5,2.7364859864876627,-2.161483199374191,2.2852276013993174
580,0.000376877639454154,580,10970120,,2.7364859864876627,-2.161483199374191,2.2852276013993174
581,0.00034673966940956813,581,10989034,,2.7364859864876627,-2.161483199374191,2.2852276013993174
582,0.0003643592270206053,582,11007948,,2.7364859864876627,-2.161483199374191,2.2852276013993174
583,0.00038524720694055326,583,11026862,,2.7364859864876627,-2.161483199374191,2.2852276013993174
584,0.00040018893486010176,584,11045776,5,2.7642118499465065,-2.1571882936271534,2.173061686917275
585,0.00039889708127816004,585,11064690,,2.7642118499465065,-2.1571882936271534,2.173061686917275
586,0.0004150742760659215,586,11083604,,2.7642118499465065,-2.1571882936271534,2.173061686917275
587,0.00035819161454386794,587,11102518,,2.7642118499465065,-2.1571882936271534,2.173061686917275
588,0.0004031264340553925,588,11121432,,2.7642118499465065,-2.1571882936271534,2.173061686917275
589,0.0003735580286692436,589,11140346,5,2.7864187496733406,-2.157054377840092,2.0700707957324496
590,0.00038613007733030724,590,11159260,,2.7864187496733406,-2.157054377840092,2.0700707957324496
591,0.00038074004853283494,591,11178174,,2.7864187496733406,-2.157054377840092,2.0700707957324496
592,0.0003001686377541307,592,11197088,,2.7864187496733406,-2.157054377840092,2.0700707957324496
593,0.00031616274207502126,593,11216002,,2.7864187496733406,-2.157054377840092,2.0700707957324496
594,0.000349325685440674,594,11234916,5,2.7946318924619122,-2.1675753714012815,1.9876976775036703
595,0.00034376205269116833,595,11253830,,2.7946318924619122,-2.1675753714012815,1.9876976775036703
596,0.00033564056848151,596,11272744,,2.7946318924619122,-2.1675753714012815,1.9876976775036703
597,0.00033460613586089316,597,11291658,,2.7946318924619122,-2.1675753714012815,1.9876976775036703
598,0.0002997884696784303,598,11310572,,2.7946318924619122,-2.1675753714012815,1.9876976775036703
599,0.00030114386048729624,599,11329486,5,2.8121103477223315,-2.1707930120317105,1.8940998941684528
600,0.0003090733555582009,600,11348400,,2.8121103477223315,-2.1707930120317105,1.8940998941684528
601,0.00033508423803393916,601,11367314,,2.8121103477223315,-2.1707930120317105,1.8940998941684528
602,0.00034607051009633016,602,11386228,,2.8121103477223315,-2.1707930120317105,1.8940998941684528
603,0.0003396301721886874,603,11405142,,2.8121103477223315,-2.1707930120317105,1.8940998941684528
604,0.00031719436435624637,604,11424056,5,2.838146658960185,-2.167277225268186,1.791194294299064
605,0.0003176122762982986,605,11442970,,2.838146658960185,-2.167277225268186,1.791194294299064
606,0.0003268076493522232,606,11461884,,2.838146658960185,-2.167277225268186,1.791194294299064
607,0.0003197859150879112,607,11480798,,2.838146658960185,-2.167277225268186,1.791194294299064
608,0.00029090123404201806,608,11499712,,2.838146658960185,-2.167277225268186,1.791194294299064
609,0.00032827706079924246,609,11518626,5,2.850777061339774,-2.1739402223128916,1.7079338648765758
610,0.0003413642849729448,610,11537540,,2.850777061339774,-2.1739402223128916,1.7079338648765758
611,0.0003302215199641467,611,11556454,,2.850777061339774,-2.1739402223128916,1.7079338648765758
612,0.0003345575857433558,612,11575368,,2.850777061339774,-2.1739402223128916,1.7079338648765758
613,0.0003061040776481533,613,11594282,,2.850777061339774,-2.1739402223128916,1.7079338648765758
614,0.0003033174965094698,614,11613196,5,2.8732538119986373,-2.1728966629784567,1.6144819593809867
615,0.0003198053576583676,615,11632110,,2.8732538119986373,-2.1728966629784567,1.6144819593809867
616,0.0003188972601719381,616,11651024,,2.8732538119986373,-2.1728966629784567,1.6144819593809867
617,0.0003062131229882997,617,11669938,,2.8732538119986373,-2.1728966629784567,1.6144819593809867
618,0.00027874230327279426,618,11688852,,2.8732538119986373,-2.1728966629784567,1.6144819593809867
619,0.00028258454949661727,619,11707766,5,2.8888736498082936,-2.17697650777351,1.532028728458274
620,0.00030217326574988324,620,11726680,,2.8888736498082936,-2.17697650777351,1.532028728458274
621,0.00030278482585147093,621,11745594,,2.8888736498082936,-2.17697650777351,1.532028728458274
622,0.0002834039354880913,622,11764508,,2.8888736498082936,-2.17697650777351,1.532028728458274
623,0.00029184808982521404,623,11783422,,2.8888736498082936,-2.17697650777351,1.532028728458274
624,0.0003024316124066728,624,11802336,5,2.911097415739965,-2.1758640684748274,1.4444295343403712
625,0.0002753754350438148,625,11821250,,2.911097415739965,-2.1758640684748274,1.4444295343403712
626,0.00026746624224385784,626,11840164,,2.911097415739965,-2.1758640684748274,1.4444295343403712
627,0.00030653046288060815,627,11859078,,2.911097415739965,-2.1758640684748274,1.4444295343403712
628,0.00031551034685929624,628,11877992,,2.911097415739965,-2.1758640684748274,1.4444295343403712
629,0.0002800690917128118,629,11896906,5,2.934799951240723,-2.173506222399429,1.3583410492668453
630,0.0002989367720486191,630,11915820,,2.934799951240723,-2.173506222399429,1.3583410492668453
631,0.0003233776714737374,631,11934734,,2.934799951240723,-2.173506222399429,1.3583410492668453
632,0.00031194416361965405,632,11953648,,2.934799951240723,-2.173506222399429,1.3583410492668453
633,0.00030930121531669297,633,11972562,,2.934799951240723,-2.173506222399429,1.3583410492668453
634,0.0002972463134802844,634,11991476,5,2.953900719004195,-2.174526491760976,1.280474684006478
635,0.00030094847195827334,635,12010390,,2.953900719004195,-2.174526491760976,1.280474684006478
636,0.0002619519432352502,636,12029304,,2.953900719004195,-2.174526491760976,1.280474684006478
637,0.00026828128524422623,637,12048218,,2.953900719004195,-2.174526491760976,1.280474684006478
638,0.0002896919819393995,638,12067132,,2.953900719004195,-2.174526491760976,1.280474684006478
639,0.00024230369357942927,639,12086046,5,2.9708829379098165,-2.1770424181716455,1.207765064121364
640,0.00025278735006384334,640,12104960,,2.9708829379098165,-2.1770424181716455,1.207765064121364
641,0.0002461504748328125,641,12123874,,2.9708829379098165,-2.1770424181716455,1.207765064121364
642,0.00026459272702196446,642,12142788,,2.9708829379098165,-2.1770424181716455,1.207765064121364
643,0.0002709951835087182,643,12161702,,2.9708829379098165,-2.1770424181716455,1.207765064121364
644,0.0002897744152707826,644,12180616,5,2.987816508591707,-2.1794788332165176,1.137976548025853
645,0.0002699218547540516,645,12199530,,2.987816508591707,-2.1794788332165176,1.137976548025853
646,0.00024273784142765653,646,12218444,,2.987816508591707,-2.1794788332165176,1.137976548025853
647,0.00022562012030813428,647,12237358,,2.987816508591707,-2.1794788332165176,1.137976548025853
648,0.00027946269704394455,648,12256272,,2.987816508591707,-2.1794788332165176,1.137976548025853
649,0.00027801493591556037,649,12275186,5,3.0092400019855323,-2.178379485995129,1.0669696709120167
650,0.0002472720157370156,650,12294100,,3.0092400019855323,-2.178379485995129,1.0669696709120167
651,0.0003128878823660114,651,12313014,,3.0092400019855323,-2.178379485995129,1.0669696709120167
652,0.000331161459737786,652,12331928,,3.0092400019855323,-2.178379485995129,1.0669696709120167
653,0.00030466395198515406,653,12350842,,3.0092400019855323,-2.178379485995129,1.0669696709120167
654,0.0003305889144892965,654,12369756,5,3.0331801584315388,-2.1752584329281426,0.997111451719572
655,0.00042104479809662587,655,12388670,,3.0331801584315388,-2.1752584329281426,0.997111451719572
656,0.00027555565904598123,656,12407584,,3.0331801584315388,-2.1752584329281426,0.997111451719572
657,0.0003034241433577667,657,12426498,,3.0331801584315388,-2.1752584329281426,0.997111451719572
658,0.00036829883448928624,658,12445412,,3.0331801584315388,-2.1752584329281426,0.997111451719572
659,0.00029724834049749127,659,12464326,5,3.0618017081319717,-2.1685078754507217,0.9270067250221614
660,0.0003161542025859332,660,12483240,,3.0618017081319717,-2.1685078754507217,0.9270067250221614
661,0.00030950157182729754,661,12502154,,3.0618017081319717,-2.1685078754507217,0.9270067250221614
662,0.0003239880981856236,662,12521068,,3.0618017081319717,-2.1685078754507217,0.9270067250221614
663,0.00027647222477966693,663,12539982,,3.0618017081319717,-2.1685078754507217,0.9270067250221614
664,0.00025312299139314265,664,12558896,5,3.068624837661187,-2.1781061094496286,0.8776042570008482
665,0.0002984320465061058,665,12577810,,3.068624837661187,-2.1781061094496286,0.8776042570008482
666,0.0002884374463643924,666,12596724,,3.068624837661187,-2.1781061094496286,0.8776042570008482
667,0.0002322542780446024,667,12615638,,3.068624837661187,-2.1781061094496286,0.8776042570008482
668,0.00023206102985472155,668,12634552,,3.068624837661187,-2.1781061094496286,0.8776042570008482
669,0.00027596058492408704,669,12653466,5,3.080615395706732,-2.1837072873228935,0.8264392647139527
670,0.00024857256588607657,670,12672380,,3.080615395706732,-2.1837072873228935,0.8264392647139527
671,0.0002564290459104446,671,12691294,,3.080615395706732,-2.1837072873228935,0.8264392647139527
672,0.0003141686138814076,672,12710208,,3.080615395706732,-2.1837072873228935,0.8264392647139527
673,0.0002976218615788201,673,12729122,,3.080615395706732,-2.1837072873228935,0.8264392647139527
674,0.00027434776365231617,674,12748036,5,3.111740593336842,-2.1746794640728186,0.7643819282314221
675,0.0002587460472197184,675,12766950,,3.111740593336842,-2.1746794640728186,0.7643819282314221
676,0.00028843983911480686,676,12785864,,3.111740593336842,-2.1746794640728186,0.7643819282314221
677,0.00029963580083608443,677,12804778,,3.111740593336842,-2.1746794640728186,0.7643819282314221
678,0.00027551224834489185,678,12823692,,3.111740593336842,-2.1746794640728186,0.7643819282314221
679,0.00023656991297539565,679,12842606,5,3.1280798801475225,-2.176694142255117,0.7158160550743538
680,0.0002914695868509176,680,12861520,,3.1280798801475225,-2.176694142255117,0.7158160550743538
681,0.000292453890485489,681,12880434,,3.1280798801475225,-2.176694142255117,0.7158160550743538
682,0.00026622226723943543,682,12899348,,3.1280798801475225,-2.176694142255117,0.7158160550743538
683,0.00029853982868482953,683,12918262,,3.1280798801475225,-2.176694142255117,0.7158160550743538
684,0.00030542859030696645,684,12937176,5,3.151466621658029,-2.1732845413104114,0.6655522014766393
685,0.00028968328785762554,685,12956090,,3.151466621658029,-2.1732845413104114,0.6655522014766393
686,0.00026519187402142264,686,12975004,,3.151466621658029,-2.1732845413104114,0.6655522014766393
687,0.000253274550387525,687,12993918,,3.151466621658029,-2.1732845413104114,0.6655522014766393
688,0.00029484468176840806,688,13012832,,3.151466621658029,-2.1732845413104114,0.6655522014766393
689,0.0002751646054089951,689,13031746,5,3.170619151690735,-2.1728952114206566,0.6207397917378266
690,0.0002452163471237251,690,13050660,,3.170619151690735,-2.1728952114206566,0.6207397917378266
691,0.00025201893404350195,691,13069574,,3.170619151690735,-2.1728952114206566,0.6207397917378266
692,0.00025744241544201074,692,13088488,,3.170619151690735,-2.1728952114206566,0.6207397917378266
693,0.0002605177416499238,693,13107402,,3.170619151690735,-2.1728952114206566,0.6207397917378266
694,0.0002703926771648324,694,13126316,5,3.184720816318075,-2.1760683264907947,0.5812413328618538
695,0.0002606106227968086,695,13145230,,3.184720816318075,-2.1760683264907947,0.5812413328618538
696,0.00024508800764806715,696,13164144,,3.184720816318075,-2.1760683264907947,0.5812413328618538
697,0.0002786499586011071,697,13183058,,3.184720816318075,-2.1760683264907947,0.5812413328618538
698,0.00028190931662175345,698,13201972,,3.184720816318075,-2.1760683264907947,0.5812413328618538
699,0.00025603512439770215,699,13220886,5,3.207869918853447,-2.172435751187523,0.5394003310735074
700,0.00025267927397161494,700,13239800,,3.207869918853447,-2.172435751187523,0.5394003310735074
701,0.00024190599665147028,701,13258714,,3.207869918853447,-2.172435751187523,0.5394003310735074
702,0.00024859355087819557,702,13277628,,3.207869918853447,-2.172435751187523,0.5394003310735074
703,0.0002184798857818443,703,13296542,,3.207869918853447,-2.172435751187523,0.5394003310735074
704,0.00024524853476366737,704,13315456,5,3.2160864274998167,-2.179625011757465,0.5073083704806345
705,0.0002803021133195305,705,13334370,,3.2160864274998167,-2.179625011757465,0.5073083704806345
706,0.00026864583496805094,706,13353284,,3.2160864274998167,-2.179625011757465,0.5073083704806345
707,0.00023065856336036694,707,13372198,,3.2160864274998167,-2.179625011757465,0.5073083704806345
708,0.0002392241971746617,708,13391112,,3.2160864274998167,-2.179625011757465,0.5073083704806345
709,0.0002559241203379664,709,13410026,5,3.2396651188812244,-2.175410204471772,0.47005304303583806
710,0.00024269567289859906,710,13428940,,3.2396651188812244,-2.175410204471772,0.47005304303583806
711,0.00022382899826073333,711,13447854,,3.2396651188812244,-2.175410204471772,0.47005304303583806
712,0.0002303115008251838,712,13466768,,3.2396651188812244,-2.175410204471772,0.47005304303583806
713,0.00023773199430437986,713,13485682,,3.2396651188812244,-2.175410204471772,0.47005304303583806
714,0.0002103613001833704,714,13504596,5,3.2588858197231794,-2.1742639516022395,0.43710081023298075
715,0.00022610987367746582,715,13523510,,3.2588858197231794,-2.1742639516022395,0.43710081023298075
716,0.00024552214020935603,716,13542424,,3.2588858197231794,-2.1742639516022395,0.43710081023298075
717,0.0002461930514107147,717,13561338,,3.2588858197231794,-2.1742639516022395,0.43710081023298075
718,0.00022277719446078814,718,13580252,,3.2588858197231794,-2.1742639516022395,0.43710081023298075
719,0.0002278501855117604,719,13599166,5,3.275479240386801,-2.1748992475362754,0.40729196737712847
720,0.00021906999861404097,720,13618080,,3.275479240386801,-2.1748992475362754,0.40729196737712847
721,0.0002315354906550493,721,13636994,,3.275479240386801,-2.1748992475362754,0.40729196737712847
722,0.00021969674853952736,722,13655908,,3.275479240386801,-2.1748992475362754,0.40729196737712847
723,0.00022492092631787308,723,13674822,,3.275479240386801,-2.1748992475362754,0.40729196737712847
724,0.00022765101099787854,724,13693736,5,3.2953079589629555,-2.1730474049078388,0.3781702664214972
725,0.0002072553944671568,725,13712650,,3.2953079589629555,-2.1730474049078388,0.3781702664214972
726,0.0002028070595439524,726,13731564,,3.2953079589629555,-2.1730474049078388,0.3781702664214972
727,0.00022369356204626767,727,13750478,,3.2953079589629555,-2.1730474049078388,0.3781702664214972
728,0.00024140498479092998,728,13769392,,3.2953079589629555,-2.1730474049078388,0.3781702664214972
729,0.0002390563294169673,729,13788306,5,3.317734653145052,-2.169186262475067,0.35009308812353446
730,0.0002246457228511356,730,13807220,,3.317734653145052,-2.169186262475067,0.35009308812353446
731,0.0002104190741231693,731,13826134,,3.317734653145052,-2.169186262475067,0.35009308812353446
732,0.0002146289991886985,732,13845048,,3.317734653145052,-2.169186262475067,0.35009308812353446
733,0.00021559534027565386,733,13863962,,3.317734653145052,-2.169186262475067,0.35009308812353446
734,0.00021901430798282329,734,13882876,5,3.3321113081912603,-2.171014948287863,0.32652714594555254
735,0.00022944312319495008,735,13901790,,3.3321113081912603,-2.171014948287863,0.32652714594555254
736,0.00022417208137770483,736,13920704,,3.3321113081912603,-2.171014948287863,0.32652714594555254
737,0.0002287831454931416,737,13939618,,3.3321113081912603,-2.171014948287863,0.32652714594555254
738,0.00022469075687936435,738,13958532,,3.3321113081912603,-2.171014948287863,0.32652714594555254
739,0.00023243891350255286,739,13977446,5,3.3531230898340896,-2.167915010454981,0.3024650587755491
740,0.00023600823313055241,740,13996360,,3.3531230898340896,-2.167915010454981,0.3024650587755491
741,0.00023179126782781057,741,14015274,,3.3531230898340896,-2.167915010454981,0.3024650587755491
742,0.00021340981494805122,742,14034188,,3.3531230898340896,-2.167915010454981,0.3024650587755491
743,0.00021218151924518036,743,14053102,,3.3531230898340896,-2.167915010454981,0.3024650587755491
744,0.00022203806918663638,744,14072016,5,3.3698300187117205,-2.1677837215053404,0.2812729793116393
745,0.00022888010759711253,745,14090930,,3.3698300187117205,-2.1677837215053404,0.2812729793116393
746,0.00022759255044459137,746,14109844,,3.3698300187117205,-2.1677837215053404,0.2812729793116393
747,0.00021310450513871426,747,14128758,,3.3698300187117205,-2.1677837215053404,0.2812729793116393
748,0.0002313807447232169,748,14147672,,3.3698300187117205,-2.1677837215053404,0.2812729793116393
749,0.0002241186536259404,749,14166586,5,3.39262248113278,-2.1631489404164235,0.2599049162264384
750,0.00021704209534961771,750,14185500,,3.39262248113278,-2.1631489404164235,0.2599049162264384
751,0.00021823156158509716,751,14204414,,3.39262248113278,-2.1631489404164235,0.2599049162264384
752,0.000211088910200663,752,14223328,,3.39262248113278,-2.1631489404164235,0.2599049162264384
753,0.00020265842252228938,753,14242242,,3.39262248113278,-2.1631489404164235,0.2599049162264384
754,0.00019494584824743255,754,14261156,5,3.4060307442225395,-2.1651060231761114,0.24234777019559806
755,0.00020075964892429798,755,14280070,,3.4060307442225395,-2.1651060231761114,0.24234777019559806
756,0.00020164849652022643,756,14298984,,3.4060307442225395,-2.1651060231761114,0.24234777019559806
757,0.00018991300603110606,757,14317898,,3.4060307442225395,-2.1651060231761114,0.24234777019559806
758,0.00017765057984814314,758,14336812,,3.4060307442225395,-2.1651060231761114,0.24234777019559806
759,0.00019621203873060322,759,14355726,5,3.4194722083978935,-2.1668923657889,0.22592271323702917
760,0.00020080395147777097,760,14374640,,3.4194722083978935,-2.1668923657889,0.22592271323702917
761,0.00018901634797843792,761,14393554,,3.4194722083978935,-2.1668923657889,0.22592271323702917
762,0.00019991912991863814,762,14412468,,3.4194722083978935,-2.1668923657889,0.22592271323702917
763,0.00019721819998153034,763,14431382,,3.4194722083978935,-2.1668923657889,0.22592271323702917
764,0.00018176714920517534,764,14450296,5,3.442780974380507,-2.161494804034754,0.20846235877661412
765,0.00017605940380019391,765,14469210,,3.442780974380507,-2.161494804034754,0.20846235877661412
766,0.00017888630201376432,766,14488124,,3.442780974380507,-2.161494804034754,0.20846235877661412
767,0.0001919885834979762,767,14507038,,3.442780974380507,-2.161494804034754,0.20846235877661412
768,0.00018135900734154997,768,14525952,,3.442780974380507,-2.161494804034754,0.20846235877661412
769,0.00018103611069292258,769,14544866,5,3.458140278856826,-2.161630011722753,0.193863410902408
770,0.00020320858347416815,770,14563780,,3.458140278856826,-2.161630011722753,0.193863410902408
771,0.000197934358418847,771,14582694,,3.458140278856826,-2.161630011722753,0.193863410902408
772,0.00017702685931647588,772,14601608,,3.458140278856826,-2.161630011722753,0.193863410902408
773,0.00019315734645548865,773,14620522,,3.458140278856826,-2.161630011722753,0.193863410902408
774,0.0002069272367129088,774,14639436,5,3.479532979804256,-2.157345278445746,0.17913745563198313
775,0.00020036926152360024,775,14658350,,3.479532979804256,-2.157345278445746,0.17913745563198313
776,0.00020758452105014424,776,14677264,,3.479532979804256,-2.157345278445746,0.17913745563198313
777,0.00021071766508354295,777,14696178,,3.479532979804256,-2.157345278445746,0.17913745563198313
778,0.00020308401686375266,778,14715092,,3.479532979804256,-2.157345278445746,0.17913745563198313
779,0.0001775657297040656,779,14734006,5,3.5002887600507115,-2.1533900794284615,0.16559880669117533
780,0.00017139107265840003,780,14752920,,3.5002887600507115,-2.1533900794284615,0.16559880669117533
781,0.00019900317370022402,781,14771834,,3.5002887600507115,-2.1533900794284615,0.16559880669117533
782,0.0001913240960435686,782,14790748,,3.5002887600507115,-2.1533900794284615,0.16559880669117533
783,0.0001719994404228431,783,14809662,,3.5002887600507115,-2.1533900794284615,0.16559880669117533
784,0.00019117865940523893,784,14828576,5,3.5121209163139184,-2.15559253096471,0.1544671367577335
785,0.00019512026571336105,785,14847490,,3.5121209163139184,-2.15559253096471,0.1544671367577335
786,0.00018502883364240885,786,14866404,,3.5121209163139184,-2.15559253096471,0.1544671367577335
787,0.00017499181785775308,787,14885318,,3.5121209163139184,-2.15559253096471,0.1544671367577335
788,0.00017817500052043356,788,14904232,,3.5121209163139184,-2.15559253096471,0.1544671367577335
789,0.00020074973214687097,789,14923146,5,3.532103094378199,-2.15191850079822,0.14284739996546403
790,0.00018947491601239985,790,14942060,,3.532103094378199,-2.15191850079822,0.14284739996546403
791,0.00019209473002479438,791,14960974,,3.532103094378199,-2.15191850079822,0.14284739996546403
792,0.00019444152264974646,792,14979888,,3.532103094378199,-2.15191850079822,0.14284739996546403
793,0.00018825345996104081,793,14998802,,3.532103094378199,-2.15191850079822,0.14284739996546403
794,0.00017297631258783586,794,15017716,5,3.5527202229262564,-2.1476943813248286,0.13198500931643542
795,0.00018122324798164335,795,15036630,,3.5527202229262564,-2.1476943813248286,0.13198500931643542
796,0.00019600046386386571,796,15055544,,3.5527202229262564,-2.1476943813248286,0.13198500931643542
797,0.0001945213336038698,797,15074458,,3.5527202229262564,-2.1476943813248286,0.13198500931643542
798,0.00019001473452522066,798,15093372,,3.5527202229262564,-2.1476943813248286,0.13198500931643542
799,0.00020095084680843422,799,15112286,5,3.5713398422577645,-2.1447607908010724,0.12217737763623182
800,0.0002018847800694945,800,15131200,,3.5713398422577645,-2.1447607908010724,0.12217737763623182
801,0.00019057019956017496,801,15150114,,3.5713398422577645,-2.1447607908010724,0.12217737763623182
802,0.0001806260184301911,802,15169028,,3.5713398422577645,-2.1447607908010724,0.12217737763623182
803,0.00017976517033653494,803,15187942,,3.5713398422577645,-2.1447607908010724,0.12217737763623182
804,0.0001838006168851658,804,15206856,5,3.587246323869933,-2.1436000615116915,0.11339979428105451
805,0.00017871540888592108,805,15225770,,3.587246323869933,-2.1436000615116915,0.11339979428105451
806,0.00018486736096812173,806,15244684,,3.587246323869933,-2.1436000615116915,0.11339979428105451
807,0.00018004251819242478,807,15263598,,3.587246323869933,-2.1436000615116915,0.11339979428105451
808,0.00019087567126813143,808,15282512,,3.587246323869933,-2.1436000615116915,0.11339979428105451
809,0.00018629760394617279,809,15301426,5,3.6075835437598505,-2.1392558907403445,0.1047443123999634
810,0.0001862932790851063,810,15320340,,3.6075835437598505,-2.1392558907403445,0.1047443123999634
811,0.00018675878154834902,811,15339254,,3.6075835437598505,-2.1392558907403445,0.1047443123999634
812,0.00017127738605327014,812,15358168,,3.6075835437598505,-2.1392558907403445,0.1047443123999634
813,0.00016477416731226768,813,15377082,,3.6075835437598505,-2.1392558907403445,0.1047443123999634
814,0.00016012359673156507,814,15395996,5,3.619661822218263,-2.140499993543291,0.09758245531784526
815,0.00016986724436675316,815,15414910,,3.619661822218263,-2.140499993543291,0.09758245531784526
816,0.00016328944616618435,816,15433824,,3.619661822218263,-2.140499993543291,0.09758245531784526
817,0.00016143840537624632,817,15452738,,3.619661822218263,-2.140499993543291,0.09758245531784526
818,0.0001642510312817591,818,15471652,,3.619661822218263,-2.140499993543291,0.09758245531784526
819,0.00017068974367921708,819,15490566,5,3.6372575573130494,-2.137821394779133,0.09036648295305172
820,0.00016535994475108673,820,15509480,,3.6372575573130494,-2.137821394779133,0.09036648295305172
821,0.00015627276415879077,821,15528394,,3.6372575573130494,-2.137821394779133,0.09036648295305172
822,0.0001508366405213596,822,15547308,,3.6372575573130494,-2.137821394779133,0.09036648295305172
823,0.00016114436895903195,823,15566222,,3.6372575573130494,-2.137821394779133,0.09036648295305172
824,0.00016174228330689822,824,15585136,5,3.6541003892853943,-2.1355493022900784,0.0837384339671039
825,0.00015967732834842874,825,15604050,,3.6541003892853943,-2.1355493022900784,0.0837384339671039
826,0.00016403056154946916,826,15622964,,3.6541003892853943,-2.1355493022900784,0.0837384339671039
827,0.000154962063834585,827,15641878,,3.6541003892853943,-2.1355493022900784,0.0837384339671039
828,0.0001523497831924514,828,15660792,,3.6541003892853943,-2.1355493022900784,0.0837384339671039
829,0.0001500097777001469,829,15679706,5,3.669398918229283,-2.134216683062899,0.07771445297289992
830,0.00015528061507649737,830,15698620,,3.669398918229283,-2.134216683062899,0.07771445297289992
831,0.0001574565905440306,831,15717534,,3.669398918229283,-2.134216683062899,0.07771445297289992
832,0.00015553573818806454,832,15736448,,3.669398918229283,-2.134216683062899,0.07771445297289992
833,0.00015927104008095494,833,15755362,,3.669398918229283,-2.134216683062899,0.07771445297289992
834,0.00016103446853890646,834,15774276,5,3.688392348326989,-2.1302669332968485,0.071826464906795
835,0.00015944197488457212,835,15793190,,3.688392348326989,-2.1302669332968485,0.071826464906795
836,0.0001515605875030135,836,15812104,,3.688392348326989,-2.1302669332968485,0.071826464906795
837,0.00014688675737216383,837,15831018,,3.688392348326989,-2.1302669332968485,0.071826464906795
838,0.000150373788078223,838,15849932,,3.688392348326989,-2.1302669332968485,0.071826464906795
839,0.00015754446498039698,839,15868846,5,3.70338883519578,-2.1289157577498807,0.06666321347239457
840,0.0001529173299416181,840,15887760,,3.70338883519578,-2.1289157577498807,0.06666321347239457
841,0.00015522261950290384,841,15906674,,3.70338883519578,-2.1289157577498807,0.06666321347239457
842,0.0001578595476228739,842,15925588,,3.70338883519578,-2.1289157577498807,0.06666321347239457
843,0.00016455405848431193,843,15944502,,3.70338883519578,-2.1289157577498807,0.06666321347239457
844,0.00015935688822529825,844,15963416,5,3.7237748499339673,-2.123840459670476,0.06150089598624131
845,0.00016263522602395775,845,15982330,,3.7237748499339673,-2.123840459670476,0.06150089598624131
846,0.000158798353305456,846,16001244,,3.7237748499339673,-2.123840459670476,0.06150089598624131
847,0.00016267321960333758,847,16020158,,3.7237748499339673,-2.123840459670476,0.06150089598624131
848,0.00016057190180203407,848,16039072,,3.7237748499339673,-2.123840459670476,0.06150089598624131
849,0.00015957596409685304,849,16057986,5,3.7397372384539933,-2.121654894609966,0.057005668439280566
850,0.00016321752491310626,850,16076900,,3.7397372384539933,-2.121654894609966,0.057005668439280566
851,0.00016752672260683665,851,16095814,,3.7397372384539933,-2.121654894609966,0.057005668439280566
852,0.00016707079783601086,852,16114728,,3.7397372384539933,-2.121654894609966,0.057005668439280566
853,0.00016752479474679838,853,16133642,,3.7397372384539933,-2.121654894609966,0.057005668439280566
854,0.00017257919815651113,854,16152556,5,3.7580218021584866,-2.1178247325486512,0.05269780310504757
855,0.00016662242874779243,855,16171470,,3.7580218021584866,-2.1178247325486512,0.05269780310504757
856,0.00016071759712373013,856,16190384,,3.7580218021584866,-2.1178247325486512,0.05269780310504757
857,0.00016125647879033922,857,16209298,,3.7580218021584866,-2.1178247325486512,0.05269780310504757
858,0.0001617923479312472,858,16228212,,3.7580218021584866,-2.1178247325486512,0.05269780310504757
859,0.00016322992114937984,859,16247126,5,3.7733515876302413,-2.115900593201249,0.04886972562597114
860,0.00015172042528523166,860,16266040,,3.7733515876302413,-2.115900593201249,0.04886972562597114
861,0.00015517556389355036,861,16284954,,3.7733515876302413,-2.115900593201249,0.04886972562597114
862,0.00016083836445003608,862,16303868,,3.7733515876302413,-2.115900593201249,0.04886972562597114
863,0.00014926677271272226,863,16322782,,3.7733515876302413,-2.115900593201249,0.04886972562597114
864,0.00014823690159374014,864,16341696,5,3.786941395453572,-2.1150787674502327,0.0454051657789023
865,0.00015365729384171634,865,16360610,,3.786941395453572,-2.1150787674502327,0.0454051657789023
866,0.00015532245159539937,866,16379524,,3.786941395453572,-2.1150787674502327,0.0454051657789023
867,0.000148813059752409,867,16398438,,3.786941395453572,-2.1150787674502327,0.0454051657789023
868,0.0001522558957977177,868,16417352,,3.786941395453572,-2.1150787674502327,0.0454051657789023
869,0.00015687761611454798,869,16436266,5,3.803996936629254,-2.111827575018781,0.04201737707707931
870,0.0001490654290454696,870,16455180,,3.803996936629254,-2.111827575018781,0.04201737707707931
871,0.00015173911076360458,871,16474094,,3.803996936629254,-2.111827575018781,0.04201737707707931
872,0.00015353287507552382,872,16493008,,3.803996936629254,-2.111827575018781,0.04201737707707931
873,0.00014997844992344078,873,16511922,,3.803996936629254,-2.111827575018781,0.04201737707707931
874,0.00014885194629173093,874,16530836,5,3.819682942520258,-2.109425390961865,0.038938942111326647
875,0.00014674559451677283,875,16549750,,3.819682942520258,-2.109425390961865,0.038938942111326647
876,0.00015666379152833032,876,16568664,,3.819682942520258,-2.109425390961865,0.038938942111326647
877,0.00015606205345314317,877,16587578,,3.819682942520258,-2.109425390961865,0.038938942111326647
878,0.0001562594532168865,878,16606492,,3.819682942520258,-2.109425390961865,0.038938942111326647
879,0.00015215715195868174,879,16625406,5,3.837178974460813,-2.105710689433399,0.03600679855895894
880,0.0001489327653001471,880,16644320,,3.837178974460813,-2.105710689433399,0.03600679855895894
881,0.00015057438875071272,881,16663234,,3.837178974460813,-2.105710689433399,0.03600679855895894
882,0.00015121879886437206,882,16682148,,3.837178974460813,-2.105710689433399,0.03600679855895894
883,0.00015557767828972002,883,16701062,,3.837178974460813,-2.105710689433399,0.03600679855895894
884,0.00014871676443925508,884,16719976,5,3.852955969567612,-2.103084094763396,0.03335793798595743
885,0.00014415357648189797,885,16738890,,3.852955969567612,-2.103084094763396,0.03335793798595743
886,0.00014845389879772353,886,16757804,,3.852955969567612,-2.103084094763396,0.03335793798595743
887,0.0001463401678727938,887,16776718,,3.852955969567612,-2.103084094763396,0.03335793798595743
888,0.0001478460848938351,888,16795632,,3.852955969567612,-2.103084094763396,0.03335793798595743
889,0.0001427842766329318,889,16814546,5,3.867023959021968,-2.101543016281182,0.03096310193378793
890,0.0001453944569427823,890,16833460,,3.867023959021968,-2.101543016281182,0.03096310193378793
891,0.00014442413749360394,891,16852374,,3.867023959021968,-2.101543016281182,0.03096310193378793
892,0.00014411838878675143,892,16871288,,3.867023959021968,-2.101543016281182,0.03096310193378793
893,0.00014982580415691393,893,16890202,,3.867023959021968,-2.101543016281182,0.03096310193378793
894,0.0001438346349506292,894,16909116,5,3.883138099088737,-2.0985271545246116,0.0286681913461857
895,0.0001459618794324019,895,16928030,,3.883138099088737,-2.0985271545246116,0.0286681913461857
896,0.00014491973019804816,896,16946944,,3.883138099088737,-2.0985271545246116,0.0286681913461857
897,0.00015086536110381354,897,16965858,,3.883138099088737,-2.0985271545246116,0.0286681913461857
898,0.00015110079868213555,898,16984772,,3.883138099088737,-2.0985271545246116,0.0286681913461857
899,0.00015082123279298865,899,17003686,5,3.8989436971338787,-2.0956431314943824,0.02655012930354772
900,0.00014783833880810393,900,17022600,,3.8989436971338787,-2.0956431314943824,0.02655012930354772
901,0.0001513806692981512,901,17041514,,3.8989436971338787,-2.0956431314943824,0.02655012930354772
902,0.00014896353431170795,902,17060428,,3.8989436971338787,-2.0956431314943824,0.02655012930354772
903,0.00014747029573232429,903,17079342,,3.8989436971338787,-2.0956431314943824,0.02655012930354772
904,0.00014432185575391498,904,17098256,5,3.913525362988164,-2.0935153704557714,0.02462237399992473
905,0.0001394784797232873,905,17117170,,3.913525362988164,-2.0935153704557714,0.02462237399992473
906,0.00014549674845215632,906,17136084,,3.913525362988164,-2.0935153704557714,0.02462237399992473
907,0.0001450365218781946,907,17154998,,3.913525362988164,-2.0935153704557714,0.02462237399992473
908,0.00014748852264495627,908,17173912,,3.913525362988164,-2.0935153704557714,0.02462237399992473
909,0.00014486669297465726,909,17192826,5,3.9287677812895767,-2.090837882983362,0.022814547521088357
910,0.00014698646234957702,910,17211740,,3.9287677812895767,-2.090837882983362,0.022814547521088357
911,0.00014515851926301393,911,17230654,,3.9287677812895767,-2.090837882983362,0.022814547521088357
912,0.00014665584484530036,912,17249568,,3.9287677812895767,-2.090837882983362,0.022814547521088357
913,0.00014718542997982365,913,17268482,,3.9287677812895767,-2.090837882983362,0.022814547521088357
914,0.0001441534616455492,914,17287396,5,3.9437924059721268,-2.0882110785582597,0.02114331353115828
915,0.0001391437985523991,915,17306310,,3.9437924059721268,-2.0882110785582597,0.02114331353115828
916,0.00013853537625620194,916,17325224,,3.9437924059721268,-2.0882110785582597,0.02114331353115828
917,0.0001418463946699644,917,17344138,,3.9437924059721268,-2.0882110785582597,0.02114331353115828
918,0.0001416232590399913,918,17363052,,3.9437924059721268,-2.0882110785582597,0.02114331353115828
919,0.00013942251154080987,919,17381966,5,3.9575089984708844,-2.08637991798797,0.01962496200367614
920,0.0001426521291165439,920,17400880,,3.9575089984708844,-2.08637991798797,0.01962496200367614
921,0.00014239039881326632,921,17419794,,3.9575089984708844,-2.08637991798797,0.01962496200367614
922,0.0001406680983671721,922,17438708,,3.9575089984708844,-2.08637991798797,0.01962496200367614
923,0.00013430649547838125,923,17457622,,3.9575089984708844,-2.08637991798797,0.01962496200367614
924,0.00013250040470913493,924,17476536,5,3.9706435315943547,-2.084850892449522,0.018228152730204616
925,0.00013142251317370401,925,17495450,,3.9706435315943547,-2.084850892449522,0.018228152730204616
926,0.00013233134660924073,926,17514364,,3.9706435315943547,-2.084850892449522,0.018228152730204616
927,0.0001318494731412101,927,17533278,,3.9706435315943547,-2.084850892449522,0.018228152730204616
928,0.0001300674626337206,928,17552192,,3.9706435315943547,-2.084850892449522,0.018228152730204616
929,0.00012806353086924904,929,17571106,5,3.984318291821169,-2.0828566213343342,0.016918291444183886
930,0.00012662765264326303,930,17590020,,3.984318291821169,-2.0828566213343342,0.016918291444183886
931,0.00013156315054363432,931,17608934,,3.984318291821169,-2.0828566213343342,0.016918291444183886
932,0.00013277189022908864,932,17627848,,3.984318291821169,-2.0828566213343342,0.016918291444183886
933,0.000134447304265789,933,17646762,,3.984318291821169,-2.0828566213343342,0.016918291444183886
934,0.00013180261799661253,934,17665676,5,3.999882651707338,-2.079474714485671,0.01566296613021967
935,0.0001318691102395464,935,17684590,,3.999882651707338,-2.079474714485671,0.01566296613021967
936,0.0001342198874285383,936,17703504,,3.999882651707338,-2.079474714485671,0.01566296613021967
937,0.00013258839237331732,937,17722418,,3.999882651707338,-2.079474714485671,0.01566296613021967
938,0.0001323395190287735,938,17741332,,3.999882651707338,-2.079474714485671,0.01566296613021967
939,0.000133089648070836,939,17760246,5,4.013781267985644,-2.0771388619814783,0.014530786670195361
940,0.0001368943018969504,940,17779160,,4.013781267985644,-2.0771388619814783,0.014530786670195361
941,0.0001356182602652023,941,17798074,,4.013781267985644,-2.0771388619814783,0.014530786670195361
942,0.00013586259524679678,942,17816988,,4.013781267985644,-2.0771388619814783,0.014530786670195361
943,0.00013473953934507732,943,17835902,,4.013781267985644,-2.0771388619814783,0.014530786670195361
944,0.000134968644429051,944,17854816,5,4.028568721319935,-2.0741063785467135,0.013463431898012246
945,0.00013204093926738603,945,17873730,,4.028568721319935,-2.0741063785467135,0.013463431898012246
946,0.00013340893354137073,946,17892644,,4.028568721319935,-2.0741063785467135,0.013463431898012246
947,0.00013389632262353346,947,17911558,,4.028568721319935,-2.0741063785467135,0.013463431898012246
948,0.00013559677855549956,948,17930472,,4.028568721319935,-2.0741063785467135,0.013463431898012246
949,0.00013404024544291793,949,17949386,5,4.042850060328676,-2.071329437005575,0.012481545423119744
950,0.00013271013420139421,950,17968300,,4.042850060328676,-2.071329437005575,0.012481545423119744
951,0.00013430985712452326,951,17987214,,4.042850060328676,-2.071329437005575,0.012481545423119744
952,0.0001332758339900042,952,18006128,,4.042850060328676,-2.071329437005575,0.012481545423119744
953,0.0001333777458223384,953,18025042,,4.042850060328676,-2.071329437005575,0.012481545423119744
954,0.00013240990869615998,954,18043956,5,4.05630152313155,-2.0690259909362916,0.011583084234985996
955,0.00013511295321852468,955,18062870,,4.05630152313155,-2.0690259909362916,0.011583084234985996
956,0.00013388926701737858,956,18081784,,4.05630152313155,-2.0690259909362916,0.011583084234985996
957,0.00012931700679508218,957,18100698,,4.05630152313155,-2.0690259909362916,0.011583084234985996
958,0.00012595313024617305,958,18119612,,4.05630152313155,-2.0690259909362916,0.011583084234985996
959,0.00012674050181391006,959,18138526,5,4.068414473195805,-2.0675398745680456,0.010768168264031708
960,0.0001261497397136574,960,18157440,,4.068414473195805,-2.0675398745680456,0.010768168264031708
961,0.0001274161999118284,961,18176354,,4.068414473195805,-2.0675398745680456,0.010768168264031708
962,0.00012342031305695444,962,18195268,,4.068414473195805,-2.0675398745680456,0.010768168264031708
963,0.00012467617568391598,963,18214182,,4.068414473195805,-2.0675398745680456,0.010768168264031708
964,0.00011999262846403014,964,18233096,5,4.081791239777637,-2.0651101392022007,0.009992508222651075
965,0.00012099719121878849,965,18252010,,4.081791239777637,-2.0651101392022007,0.009992508222651075
966,0.00012230168839516553,966,18270924,,4.081791239777637,-2.0651101392022007,0.009992508222651075
967,0.00012362266363630248,967,18289838,,4.081791239777637,-2.0651101392022007,0.009992508222651075
968,0.00012308212217611303,968,18308752,,4.081791239777637,-2.0651101392022007,0.009992508222651075
969,0.00012091607052995557,969,18327666,5,4.094952014712703,-2.0627405685007845,0.009274647975897832
970,0.00011886977498655471,970,18346580,,4.094952014712703,-2.0627405685007845,0.009274647975897832
971,0.00011699158202788107,971,18365494,,4.094952014712703,-2.0627405685007845,0.009274647975897832
972,0.00011615586973778846,972,18384408,,4.094952014712703,-2.0627405685007845,0.009274647975897832
973,0.00011375091467741294,973,18403322,,4.094952014712703,-2.0627405685007845,0.009274647975897832
974,0.00011449322981239851,974,18422236,5,4.106087649844137,-2.061654152754028,0.008632466661283367
975,0.00011391496013768432,975,18441150,,4.106087649844137,-2.061654152754028,0.008632466661283367
976,0.0001136984431137078,976,18460064,,4.106087649844137,-2.061654152754028,0.008632466661283367
977,0.00011445987096682375,977,18478978,,4.106087649844137,-2.061654152754028,0.008632466661283367
978,0.000115814457223265,978,18497892,,4.106087649844137,-2.061654152754028,0.008632466661283367
979,0.00011633396070154234,979,18516806,5,4.119868418831851,-2.0586948099424935,0.008003802127566129
980,0.00011641564391134951,980,18535720,,4.119868418831851,-2.0586948099424935,0.008003802127566129
981,0.00011818155390819207,981,18554634,,4.119868418831851,-2.0586948099424935,0.008003802127566129
982,0.00011806830406110858,982,18573548,,4.119868418831851,-2.0586948099424935,0.008003802127566129
983,0.00011871608873603723,983,18592462,,4.119868418831851,-2.0586948099424935,0.008003802127566129
984,0.00011707360904097963,984,18611376,5,4.1336847595501105,-2.0556272962618976,0.007419580589193231
985,0.00011600368815890827,985,18630290,,4.1336847595501105,-2.0556272962618976,0.007419580589193231
986,0.00011792050395605103,986,18649204,,4.1336847595501105,-2.0556272962618976,0.007419580589193231
987,0.00011794685725752263,987,18668118,,4.1336847595501105,-2.0556272962618976,0.007419580589193231
988,0.00011964335891508082,988,18687032,,4.1336847595501105,-2.0556272962618976,0.007419580589193231
989,0.00012095182373421387,989,18705946,5,4.146871108794858,-2.052894585683402,0.006883459349179333
990,0.00012139948336792328,990,18724860,,4.146871108794858,-2.052894585683402,0.006883459349179333
991,0.00011970743031727848,991,18743774,,4.146871108794858,-2.052894585683402,0.006883459349179333
992,0.00011775971252521444,992,18762688,,4.146871108794858,-2.052894585683402,0.006883459349179333
993,0.00011724979890156972,993,18781602,,4.146871108794858,-2.052894585683402,0.006883459349179333
994,0.00011877517970046436,994,18800516,5,4.159140800630659,-2.050694235653663,0.006394032178173692
995,0.00011886510221603697,995,18819430,,4.159140800630659,-2.050694235653663,0.006394032178173692
996,0.00011781459807828215,996,18838344,,4.159140800630659,-2.050694235653663,0.006394032178173692
997,0.00011864837717479038,997,18857258,,4.159140800630659,-2.050694235653663,0.006394032178173692
998,0.00011939333848204337,998,18876172,,4.159140800630659,-2.050694235653663,0.006394032178173692
999,0.00011937607237202941,999,18895086,5,4.172319698237146,-2.0477904094397217,0.00593065399410575
1000,0.00011984923240800083,1000,18914000,,4.172319698237146,-2.0477904094397217,0.00593065399410575
