step,LeducPoker/conv,LeducPoker/iters,LeducPoker/nodes_touched
0,2.373611111111111,0,0
1,2.373611111111111,1,18914
2,2.061319444444444,2,37828
3,1.79880658691384,3,56742
4,1.6590264691929166,4,75656
5,1.4713245596865683,5,94570
6,1.3046625366898728,6,113484
7,1.1565805178914506,7,132398
8,1.0447752045677785,8,151312
9,0.9617541410503099,9,170226
10,0.8885789831687689,10,189140
11,0.82051887735123,11,208054
12,0.7594515315507495,12,226968
13,0.7072715810248775,13,245882
14,0.663613323549189,14,264796
15,0.6298892917347846,15,283710
16,0.5981195166848348,16,302624
17,0.5598746649451571,17,321538
18,0.5265117132306728,18,340452
19,0.4930234289091532,19,359366
20,0.45314565341607516,20,378280
21,0.43189007232636,21,397194
22,0.41778229823872065,22,416108
23,0.41277427629190333,23,435022
24,0.40567293645240765,24,453936
25,0.3974605121585195,25,472850
26,0.38268030799406616,26,491764
27,0.3659632346488735,27,510678
28,0.34809470656877306,28,529592
29,0.3296695884416735,29,548506
30,0.31091772472731516,30,567420
31,0.2974616802751786,31,586334
32,0.2925546674505395,32,605248
33,0.2877275444149008,33,624162
34,0.27776930416755335,34,643076
35,0.26394236209889177,35,661990
36,0.25333872753181275,36,680904
37,0.24508622008924483,37,699818
38,0.24084203110852298,38,718732
39,0.2363606685526595,39,737646
40,0.23202999042915048,40,756560
41,0.2275961986873791,41,775474
42,0.2238932213802371,42,794388
43,0.22099613508504826,43,813302
44,0.21970162593792356,44,832216
45,0.2156567671308594,45,851130
46,0.20965287901111063,46,870044
47,0.20371824823346377,47,888958
48,0.20017259536153967,48,907872
49,0.19540378743794928,49,926786
50,0.1890834659549563,50,945700
51,0.1816384526206792,51,964614
52,0.1763913521656218,52,983528
53,0.17250881558631673,53,1002442
54,0.16938506659982477,54,1021356
55,0.16603426886860997,55,1040270
56,0.1630477789904945,56,1059184
57,0.1597060161472917,57,1078098
58,0.15759309879382843,58,1097012
59,0.15626787150732707,59,1115926
60,0.15584876088961166,60,1134840
61,0.15598665979550672,61,1153754
62,0.15629681447724109,62,1172668
63,0.1574732499392546,63,1191582
64,0.15541203524566685,64,1210496
65,0.1531323961053646,65,1229410
66,0.14900400029548913,66,1248324
67,0.14660710618371586,67,1267238
68,0.14319091776705775,68,1286152
69,0.13938513307953512,69,1305066
70,0.1362350300571542,70,1323980
71,0.1330410351397501,71,1342894
72,0.1295431605100556,72,1361808
73,0.12622057695394853,73,1380722
74,0.12301473172783253,74,1399636
75,0.12136796657483889,75,1418550
76,0.12064664747775064,76,1437464
77,0.12116813319370874,77,1456378
78,0.1216841752456532,78,1475292
79,0.12212671826237698,79,1494206
80,0.12133612571940809,80,1513120
81,0.12001656534965874,81,1532034
82,0.11842874703523412,82,1550948
83,0.11707011843644496,83,1569862
84,0.11503779034252742,84,1588776
85,0.11426907782677848,85,1607690
86,0.11505022847040264,86,1626604
87,0.11364212271035026,87,1645518
88,0.11004405297146636,88,1664432
89,0.1064605061961944,89,1683346
90,0.1040879783239484,90,1702260
91,0.10329141691936038,91,1721174
92,0.10269028375385884,92,1740088
93,0.10160590349501884,93,1759002
94,0.10003630278962834,94,1777916
95,0.09868097131510756,95,1796830
96,0.0983594176568624,96,1815744
97,0.09836927664637324,97,1834658
98,0.09738345190700692,98,1853572
99,0.09681100615585056,99,1872486
100,0.09571635300459791,100,1891400
101,0.09394927266361214,101,1910314
102,0.09156075160961664,102,1929228
103,0.08990407530194296,103,1948142
104,0.0903006445806079,104,1967056
105,0.0903345819056856,105,1985970
106,0.08991358403718953,106,2004884
107,0.0892484192213314,107,2023798
108,0.08875239368167917,108,2042712
109,0.08789908741859918,109,2061626
110,0.08640173891472833,110,2080540
111,0.08461015516977335,111,2099454
112,0.08270399623696514,112,2118368
113,0.08127891105058321,113,2137282
114,0.08040850195837518,114,2156196
115,0.08005467502701677,115,2175110
116,0.07980106606099191,116,2194024
117,0.07936173995528065,117,2212938
118,0.07914765320563354,118,2231852
119,0.07857060967196272,119,2250766
120,0.07810806010182297,120,2269680
121,0.07803028836578245,121,2288594
122,0.07799243852259323,122,2307508
123,0.0779487787664696,123,2326422
124,0.07749278465268539,124,2345336
125,0.07639850691029071,125,2364250
126,0.07574362298509209,126,2383164
127,0.07660984452792471,127,2402078
128,0.07688095652375593,128,2420992
129,0.07651084129242386,129,2439906
130,0.07535563840953603,130,2458820
131,0.07397968525805912,131,2477734
132,0.07257970514204252,132,2496648
133,0.07117073192368706,133,2515562
134,0.07021700731259718,134,2534476
135,0.06970000409528304,135,2553390
136,0.06972475612867124,136,2572304
137,0.06957922664184883,137,2591218
138,0.06937922006525972,138,2610132
139,0.06929358866221358,139,2629046
140,0.06924572260253795,140,2647960
141,0.0691758571221109,141,2666874
142,0.06891969773479457,142,2685788
143,0.06816807984604412,143,2704702
144,0.06707238927630495,144,2723616
145,0.06634482872577728,145,2742530
146,0.0655390058042942,146,2761444
147,0.0647298606833408,147,2780358
148,0.06355951048764844,148,2799272
149,0.06292621950952496,149,2818186
150,0.06265887163594391,150,2837100
151,0.06253456225804374,151,2856014
152,0.06241958345426002,152,2874928
153,0.06269043762407671,153,2893842
154,0.06299368229470009,154,2912756
155,0.0632503337811911,155,2931670
156,0.06309850983178064,156,2950584
157,0.06251153451135644,157,2969498
158,0.061962708546161954,158,2988412
159,0.061399083642038554,159,3007326
160,0.06077887430723326,160,3026240
161,0.06065794694311408,161,3045154
162,0.06046626579532155,162,3064068
163,0.05997618784620343,163,3082982
164,0.05926502918141768,164,3101896
165,0.058451160417164985,165,3120810
166,0.05762716316352212,166,3139724
167,0.05701042336910497,167,3158638
168,0.05663439299796838,168,3177552
169,0.05649070939450007,169,3196466
170,0.05647184783158965,170,3215380
171,0.05653422717352097,171,3234294
172,0.056829514750910776,172,3253208
173,0.05768587406839436,173,3272122
174,0.059379404814304676,174,3291036
175,0.060798835393488015,175,3309950
176,0.06154037630027631,176,3328864
177,0.06173311229654613,177,3347778
178,0.061500386705515664,178,3366692
179,0.06073859747943319,179,3385606
180,0.05952219033158915,180,3404520
181,0.05803582209921557,181,3423434
182,0.05699103381952084,182,3442348
183,0.05600777860139183,183,3461262
184,0.05521153728124603,184,3480176
185,0.054768157992208466,185,3499090
186,0.054579680430381666,186,3518004
187,0.054841202677344825,187,3536918
188,0.0552311948521409,188,3555832
189,0.05564665308292631,189,3574746
190,0.055991844843704314,190,3593660
191,0.05633375458564174,191,3612574
192,0.056432352405483985,192,3631488
193,0.05613372388362119,193,3650402
194,0.05567483933871745,194,3669316
195,0.05509536693470998,195,3688230
196,0.054263408193704704,196,3707144
197,0.05385210199199872,197,3726058
198,0.054062139519682445,198,3744972
199,0.05414309256024162,199,3763886
200,0.05383832390280856,200,3782800
201,0.053337925929418675,201,3801714
202,0.05191994360653443,202,3820628
203,0.050339402577736725,203,3839542
204,0.048729387892445075,204,3858456
205,0.04711775621250719,205,3877370
206,0.04569220357407677,206,3896284
207,0.04505822663393322,207,3915198
208,0.045134663258923846,208,3934112
209,0.04591827432163939,209,3953026
210,0.046498475845725626,210,3971940
211,0.046575674916681464,211,3990854
212,0.04660329986465253,212,4009768
213,0.046539139985763756,213,4028682
214,0.04649288929199834,214,4047596
215,0.04655402375670907,215,4066510
216,0.04636370474450777,216,4085424
217,0.04578994055027752,217,4104338
218,0.04533380263737538,218,4123252
219,0.04503967906490501,219,4142166
220,0.04476943094914085,220,4161080
221,0.044920867576177775,221,4179994
222,0.04551088252230939,222,4198908
223,0.04640245031286473,223,4217822
224,0.04733325462303782,224,4236736
225,0.0474364018064668,225,4255650
226,0.046928761086609094,226,4274564
227,0.04643454330462647,227,4293478
228,0.0462642174378623,228,4312392
229,0.04590852732034861,229,4331306
230,0.04554690784621232,230,4350220
231,0.045217787598992365,231,4369134
232,0.04508406654941213,232,4388048
233,0.04493429922087604,233,4406962
234,0.044913448581781715,234,4425876
235,0.04476476610283908,235,4444790
236,0.04438122046597434,236,4463704
237,0.044319850742927325,237,4482618
238,0.04418492078381547,238,4501532
239,0.04407902189111913,239,4520446
240,0.04410710568594674,240,4539360
241,0.04421772224692451,241,4558274
242,0.04406061568509406,242,4577188
243,0.04360009324006793,243,4596102
244,0.04283700940938104,244,4615016
245,0.0422915533207064,245,4633930
246,0.04188490216317113,246,4652844
247,0.04140258200043394,247,4671758
248,0.04085896131279754,248,4690672
249,0.04063340240002017,249,4709586
250,0.04046900108728872,250,4728500
251,0.0406898362215771,251,4747414
252,0.041075870171671414,252,4766328
253,0.04169820454609546,253,4785242
254,0.04256891614803775,254,4804156
255,0.043547233170557545,255,4823070
256,0.04412453267076774,256,4841984
257,0.04409537369545975,257,4860898
258,0.04407844909201453,258,4879812
259,0.04352952362470912,259,4898726
260,0.04260364466113997,260,4917640
261,0.0414020250656946,261,4936554
262,0.04024116667651936,262,4955468
263,0.03914818944508486,263,4974382
264,0.03814304279959635,264,4993296
265,0.03748773079952128,265,5012210
266,0.03712988398029332,266,5031124
267,0.03695874631026114,267,5050038
268,0.036947962324159866,268,5068952
269,0.037142275825404664,269,5087866
270,0.037355521767408584,270,5106780
271,0.03755936673095153,271,5125694
272,0.03787552357557361,272,5144608
273,0.03828893945110956,273,5163522
274,0.038654698052223796,274,5182436
275,0.03895132056931605,275,5201350
276,0.03918883422836919,276,5220264
277,0.03977361396741712,277,5239178
278,0.039954022543029086,278,5258092
279,0.03958051824016197,279,5277006
280,0.039523377752602534,280,5295920
281,0.03980729299524066,281,5314834
282,0.04013101490536085,282,5333748
283,0.04018364692306789,283,5352662
284,0.04025158553808021,284,5371576
285,0.040120526030375386,285,5390490
286,0.039871579151129,286,5409404
287,0.03951300361295973,287,5428318
288,0.03903905199744381,288,5447232
289,0.038786871017412364,289,5466146
290,0.038659704365969216,290,5485060
291,0.038287116604101695,291,5503974
292,0.03797858956658261,292,5522888
293,0.037506316330408004,293,5541802
294,0.03706243158465597,294,5560716
295,0.03669907333216396,295,5579630
296,0.03622205273776294,296,5598544
297,0.03571425045946684,297,5617458
298,0.0354985182036984,298,5636372
299,0.0354877667989999,299,5655286
300,0.03552411624109633,300,5674200
301,0.03550780375156154,301,5693114
302,0.0353764551447979,302,5712028
303,0.03520722372513353,303,5730942
304,0.03495753214237718,304,5749856
305,0.03463899336255688,305,5768770
306,0.034151076211490716,306,5787684
307,0.03359985449233194,307,5806598
308,0.0330573671802564,308,5825512
309,0.03254909118258542,309,5844426
310,0.032170727559157605,310,5863340
311,0.031852488491682915,311,5882254
312,0.03183137179854413,312,5901168
313,0.03190590738966469,313,5920082
314,0.03211731011195597,314,5938996
315,0.03256527229230319,315,5957910
316,0.032958881974205975,316,5976824
317,0.03309452599942679,317,5995738
318,0.03297400398309046,318,6014652
319,0.03268300018055831,319,6033566
320,0.03226115666113613,320,6052480
321,0.03181069355256924,321,6071394
322,0.03144026913481637,322,6090308
323,0.03154943994722162,323,6109222
324,0.03189298436165261,324,6128136
325,0.032401051731964337,325,6147050
326,0.03286000197338278,326,6165964
327,0.033079461243215605,327,6184878
328,0.03304662072921391,328,6203792
329,0.03288302258387173,329,6222706
330,0.032648256686961544,330,6241620
331,0.03228370198369104,331,6260534
332,0.031876866523922465,332,6279448
333,0.03161395143845856,333,6298362
334,0.03163315523289982,334,6317276
335,0.03174629674272217,335,6336190
336,0.031848366747500634,336,6355104
337,0.031910753466131744,337,6374018
338,0.03183722163358768,338,6392932
339,0.03167650270244532,339,6411846
340,0.031616547295748615,340,6430760
341,0.031611234905189134,341,6449674
342,0.03156035840374096,342,6468588
343,0.0315830773360746,343,6487502
344,0.03172059503351085,344,6506416
345,0.031731291524668775,345,6525330
346,0.03157998427446393,346,6544244
347,0.031231797492717532,347,6563158
348,0.030815491059747173,348,6582072
349,0.030399033554000587,349,6600986
350,0.030594372039267265,350,6619900
351,0.0308968540336996,351,6638814
352,0.03112339534070019,352,6657728
353,0.03125514824070039,353,6676642
354,0.03125980415729471,354,6695556
355,0.031201433901831666,355,6714470
356,0.03111318600526905,356,6733384
357,0.031061679076737347,357,6752298
358,0.03091947078524651,358,6771212
359,0.030696490841611412,359,6790126
360,0.03051509573754349,360,6809040
361,0.030294622342950273,361,6827954
362,0.029958034525379318,362,6846868
363,0.029517072374635134,363,6865782
364,0.02900041864097247,364,6884696
365,0.02849994530314462,365,6903610
366,0.02807337030879342,366,6922524
367,0.027667885072044762,367,6941438
368,0.027362866271982228,368,6960352
369,0.027102840625993524,369,6979266
370,0.026839714956057276,370,6998180
371,0.026655540425854385,371,7017094
372,0.026790534940732913,372,7036008
373,0.027009638394102115,373,7054922
374,0.027104847670217952,374,7073836
375,0.02706234795501164,375,7092750
376,0.026918233508289285,376,7111664
377,0.026809489514539514,377,7130578
378,0.0268908830818492,378,7149492
379,0.02684461973570767,379,7168406
380,0.026660393427457796,380,7187320
381,0.02680429117156871,381,7206234
382,0.02709749577701273,382,7225148
383,0.02741450741911891,383,7244062
384,0.027692625300521953,384,7262976
385,0.027952901298839733,385,7281890
386,0.028128417068694234,386,7300804
387,0.028184755150833518,387,7319718
388,0.02814064935840642,388,7338632
389,0.028097110723325297,389,7357546
390,0.0283117549354302,390,7376460
391,0.02848696869908747,391,7395374
392,0.028466543989025525,392,7414288
393,0.028357028055851552,393,7433202
394,0.028227670502563862,394,7452116
395,0.028077910771327902,395,7471030
396,0.027840437876508167,396,7489944
397,0.027451525409009178,397,7508858
398,0.027133904052480257,398,7527772
399,0.026806351867297684,399,7546686
400,0.026435794557523554,400,7565600
401,0.026167877927185668,401,7584514
402,0.026041690541017293,402,7603428
403,0.02602128152982605,403,7622342
404,0.025939089870923165,404,7641256
405,0.025853608478367818,405,7660170
406,0.025755801543725435,406,7679084
407,0.025707436157326582,407,7697998
408,0.025650349454863053,408,7716912
409,0.025594525994656198,409,7735826
410,0.02547997667341044,410,7754740
411,0.025307258516583053,411,7773654
412,0.025440027368025198,412,7792568
413,0.025561132362215966,413,7811482
414,0.0255715120644239,414,7830396
415,0.02548032095861255,415,7849310
416,0.02540869362331334,416,7868224
417,0.02538407074985037,417,7887138
418,0.025694656905450378,418,7906052
419,0.025937127532723467,419,7924966
420,0.02591724178965274,420,7943880
421,0.0256913024090282,421,7962794
422,0.025405409235300352,422,7981708
423,0.025268487954230548,423,8000622
424,0.02526053390563801,424,8019536
425,0.025146180725781564,425,8038450
426,0.025115426508952432,426,8057364
427,0.02522898116405478,427,8076278
428,0.02524193768359903,428,8095192
429,0.025759427419717512,429,8114106
430,0.025670881987873206,430,8133020
431,0.02547908972733201,431,8151934
432,0.025334878768164662,432,8170848
433,0.025309615915206488,433,8189762
434,0.02526368856361376,434,8208676
435,0.025193999490057573,435,8227590
436,0.025089089385960994,436,8246504
437,0.024973074189371655,437,8265418
438,0.02487593840175878,438,8284332
439,0.024932198194504318,439,8303246
440,0.02515593145467876,440,8322160
441,0.0252793900412224,441,8341074
442,0.025249873108905696,442,8359988
443,0.02536842129177999,443,8378902
444,0.025554312238560528,444,8397816
445,0.025592007883825568,445,8416730
446,0.025544260734244706,446,8435644
447,0.025426406844233584,447,8454558
448,0.025219614388517775,448,8473472
449,0.024966530053746216,449,8492386
450,0.024719590766209547,450,8511300
451,0.024702839207245864,451,8530214
452,0.024775578563022704,452,8549128
453,0.024749817454478407,453,8568042
454,0.024709347628183165,454,8586956
455,0.024624967925116606,455,8605870
456,0.024558316605935437,456,8624784
457,0.024556520927279946,457,8643698
458,0.024415047057884928,458,8662612
459,0.02410946867521288,459,8681526
460,0.02375106771259569,460,8700440
461,0.023396346493878784,461,8719354
462,0.023092094337066785,462,8738268
463,0.02278529171905322,463,8757182
464,0.022591701112004703,464,8776096
465,0.022414198299093357,465,8795010
466,0.022332601423052295,466,8813924
467,0.022424387225043724,467,8832838
468,0.022629911312245503,468,8851752
469,0.02287533623203744,469,8870666
470,0.023126797481620137,470,8889580
471,0.023348396474901355,471,8908494
472,0.02348407496567942,472,8927408
473,0.02351812880046858,473,8946322
474,0.02349424658565885,474,8965236
475,0.02341467408317873,475,8984150
476,0.023281323749142796,476,9003064
477,0.023289230124941135,477,9021978
478,0.02327189020130043,478,9040892
479,0.02323335370582566,479,9059806
480,0.023185235409908522,480,9078720
481,0.02312892754736301,481,9097634
482,0.02298271205356625,482,9116548
483,0.02284655577295097,483,9135462
484,0.02282957002415148,484,9154376
485,0.022673108010481696,485,9173290
486,0.02237452854625796,486,9192204
487,0.022035790638734273,487,9211118
488,0.02224551375521218,488,9230032
489,0.02250439437279922,489,9248946
490,0.022802658281675492,490,9267860
491,0.02286136472761581,491,9286774
492,0.022691692690225723,492,9305688
493,0.022441735184784817,493,9324602
494,0.022310310683992446,494,9343516
495,0.02220594125870426,495,9362430
496,0.02198759918754778,496,9381344
497,0.021764595541871157,497,9400258
498,0.02159288063353279,498,9419172
499,0.021555415700133224,499,9438086
500,0.021507209207812267,500,9457000
501,0.02142631378749009,501,9475914
502,0.021300412197120158,502,9494828
503,0.021138616083229395,503,9513742
504,0.020927709398180158,504,9532656
505,0.020647115559422363,505,9551570
506,0.02034981838798114,506,9570484
507,0.02012431950851619,507,9589398
508,0.019921788566487686,508,9608312
509,0.019774094810517284,509,9627226
510,0.019878646759966312,510,9646140
511,0.019967869365119545,511,9665054
512,0.020267758687159604,512,9683968
513,0.020521350061299765,513,9702882
514,0.020700760137937396,514,9721796
515,0.020882621459963446,515,9740710
516,0.020937125449109417,516,9759624
517,0.020839998386946126,517,9778538
518,0.020646606602468726,518,9797452
519,0.02042846311310864,519,9816366
520,0.02028292140350013,520,9835280
521,0.020203744029140713,521,9854194
522,0.020202834970189237,522,9873108
523,0.02040530228104051,523,9892022
524,0.02059142524263327,524,9910936
525,0.02068310293709935,525,9929850
526,0.02066727845443808,526,9948764
527,0.02081522772977748,527,9967678
528,0.021075640583446076,528,9986592
529,0.02127328860790395,529,10005506
530,0.02143390866483741,530,10024420
531,0.02169677777641893,531,10043334
532,0.02195283440245452,532,10062248
533,0.02207936770829083,533,10081162
534,0.02217405636240599,534,10100076
535,0.022214064717604384,535,10118990
536,0.022211615220521508,536,10137904
537,0.02220058501198366,537,10156818
538,0.022162687285330718,538,10175732
539,0.022078518405582226,539,10194646
540,0.021954099826128448,540,10213560
541,0.02178100453123938,541,10232474
542,0.02153898854935038,542,10251388
543,0.021446063136951382,543,10270302
544,0.021458623448464803,544,10289216
545,0.021436622481466286,545,10308130
546,0.02137292385423588,546,10327044
547,0.021261667937119796,547,10345958
548,0.021098482793126067,548,10364872
549,0.020874802778458712,549,10383786
550,0.020625102966369532,550,10402700
551,0.020290648235787384,551,10421614
552,0.019899994856384884,552,10440528
553,0.019468896306402292,553,10459442
554,0.019177409320092487,554,10478356
555,0.01903700154084703,555,10497270
556,0.019063278441675546,556,10516184
557,0.019054093169435404,557,10535098
558,0.01907770442420248,558,10554012
559,0.019090097119311866,559,10572926
560,0.019114576583397047,560,10591840
561,0.019093162480007114,561,10610754
562,0.019029183530426208,562,10629668
563,0.01893633742060906,563,10648582
564,0.01894210841743016,564,10667496
565,0.018969236127069633,565,10686410
566,0.018987056567847577,566,10705324
567,0.01905633342621535,567,10724238
568,0.019121163163378835,568,10743152
569,0.019172773987925912,569,10762066
570,0.019207896152372506,570,10780980
571,0.019289174487514923,571,10799894
572,0.019418214286351335,572,10818808
573,0.019530321919412258,573,10837722
574,0.01960899681993386,574,10856636
575,0.019625712695580277,575,10875550
576,0.019650307392637345,576,10894464
577,0.019672852138263475,577,10913378
578,0.019666912027849745,578,10932292
579,0.019887190027642276,579,10951206
580,0.02019501206988885,580,10970120
581,0.020513262445087,581,10989034
582,0.020843068670966823,582,11007948
583,0.02115550424511075,583,11026862
584,0.021374597883744656,584,11045776
585,0.021465364812468857,585,11064690
586,0.021412972128719676,586,11083604
587,0.021184987724947063,587,11102518
588,0.02081991809688371,588,11121432
589,0.020388620626009213,589,11140346
590,0.020188510541307825,590,11159260
591,0.020010816938735326,591,11178174
592,0.019872227381471944,592,11197088
593,0.019703754712630916,593,11216002
594,0.019627340232082957,594,11234916
595,0.019608620706882157,595,11253830
596,0.019591796799411226,596,11272744
597,0.019580004110677285,597,11291658
598,0.01958145098034339,598,11310572
599,0.019660291606583447,599,11329486
600,0.01977555740815426,600,11348400
601,0.019940952700366082,601,11367314
602,0.020073549301042215,602,11386228
603,0.02033701446208433,603,11405142
604,0.020330277010290942,604,11424056
605,0.02010765460806338,605,11442970
606,0.01979666819632664,606,11461884
607,0.019867229455780372,607,11480798
608,0.019765276235798657,608,11499712
609,0.019284617368787046,609,11518626
610,0.019142504315210085,610,11537540
611,0.01894684529698204,611,11556454
612,0.018809724025261904,612,11575368
613,0.018685753516454323,613,11594282
614,0.01859540128761622,614,11613196
615,0.018434668527624154,615,11632110
616,0.01823260399103116,616,11651024
617,0.018052527068530916,617,11669938
618,0.017961274846168038,618,11688852
619,0.017911393779765722,619,11707766
620,0.017827379738793753,620,11726680
621,0.01776317743891058,621,11745594
622,0.017644557442441172,622,11764508
623,0.017590957229252982,623,11783422
624,0.017694536485624704,624,11802336
625,0.01785532855938074,625,11821250
626,0.018015923882450838,626,11840164
627,0.018212466692234225,627,11859078
628,0.018415582227723715,628,11877992
629,0.018612279091193507,629,11896906
630,0.018771222919388264,630,11915820
631,0.018885599082756638,631,11934734
632,0.018953318559759805,632,11953648
633,0.018973628414493945,633,11972562
634,0.019046021856378326,634,11991476
635,0.019131091279027332,635,12010390
636,0.01919290289311945,636,12029304
637,0.019355622445832568,637,12048218
638,0.019509033875070747,638,12067132
639,0.01958799837398452,639,12086046
640,0.0195828736299989,640,12104960
641,0.01947959985843173,641,12123874
642,0.01926906899322195,642,12142788
643,0.018976855621748417,643,12161702
644,0.018667275348238005,644,12180616
645,0.01836777780308295,645,12199530
646,0.018244382734579373,646,12218444
647,0.018070070820020594,647,12237358
648,0.017839868355272258,648,12256272
649,0.017701471467413438,649,12275186
650,0.017544294834645723,650,12294100
651,0.01736000801254073,651,12313014
652,0.017153700956912953,652,12331928
653,0.016926455607368024,653,12350842
654,0.016685021310308766,654,12369756
655,0.016432483419806077,655,12388670
656,0.016225853266828516,656,12407584
657,0.016080460431163623,657,12426498
658,0.01595341234017153,658,12445412
659,0.015845466670249664,659,12464326
660,0.015756738490424055,660,12483240
661,0.015688226723792158,661,12502154
662,0.015713095576588502,662,12521068
663,0.01578752490145282,663,12539982
664,0.015871758121081297,664,12558896
665,0.0159505564414702,665,12577810
666,0.016034676968410155,666,12596724
667,0.0161240355473741,667,12615638
668,0.01627053111258886,668,12634552
669,0.01642750862098831,669,12653466
670,0.01666975919644942,670,12672380
671,0.016904921028406183,671,12691294
672,0.017098077436718567,672,12710208
673,0.017251757876207557,673,12729122
674,0.017396537818827745,674,12748036
675,0.017500969046787468,675,12766950
676,0.017546725260338583,676,12785864
677,0.017537058941546113,677,12804778
678,0.017475422009111202,678,12823692
679,0.01737387890348588,679,12842606
680,0.017296565789210877,680,12861520
681,0.017248695035457118,681,12880434
682,0.017197157942018537,682,12899348
683,0.01712220785772464,683,12918262
684,0.01702764846319646,684,12937176
685,0.0169143746796801,685,12956090
686,0.01694998099903869,686,12975004
687,0.01717114258143844,687,12993918
688,0.017342298408889303,688,13012832
689,0.017401727778618453,689,13031746
690,0.017466494964446494,690,13050660
691,0.017467655802039628,691,13069574
692,0.01738458541232203,692,13088488
693,0.017289758143348488,693,13107402
694,0.017284616894920835,694,13126316
695,0.01723820415987147,695,13145230
696,0.01713758470623339,696,13164144
697,0.01698660870225538,697,13183058
698,0.0167862334977356,698,13201972
699,0.016546211750049555,699,13220886
700,0.016319346333196483,700,13239800
701,0.016246806920727108,701,13258714
702,0.016244815969527676,702,13277628
703,0.016222023788353856,703,13296542
704,0.01618213312881725,704,13315456
705,0.016138864882144305,705,13334370
706,0.016104627590730752,706,13353284
707,0.01606974252784621,707,13372198
708,0.016087936355388688,708,13391112
709,0.016097183988335068,709,13410026
710,0.016076324792209357,710,13428940
711,0.016126833389617568,711,13447854
712,0.01615418435708621,712,13466768
713,0.01616447171206628,713,13485682
714,0.01614682437024531,714,13504596
715,0.016092862946735065,715,13523510
716,0.01602629058638491,716,13542424
717,0.015937184957933836,717,13561338
718,0.01579330405458801,718,13580252
719,0.015602146482619955,719,13599166
720,0.01539543187155909,720,13618080
721,0.015170774889500159,721,13636994
722,0.01493518074790387,722,13655908
723,0.014938424077027418,723,13674822
724,0.01500681805546776,724,13693736
725,0.015220268022143393,725,13712650
726,0.015380410220539348,726,13731564
727,0.015481650191332574,727,13750478
728,0.015523126652557201,728,13769392
729,0.0155060283015679,729,13788306
730,0.015432588249160023,730,13807220
731,0.01576115037510989,731,13826134
732,0.01612618916463246,732,13845048
733,0.016421139613337687,733,13863962
734,0.01666604639173099,734,13882876
735,0.016818926215325984,735,13901790
736,0.016845831750612883,736,13920704
737,0.016993048926247326,737,13939618
738,0.017082590470611322,738,13958532
739,0.017055391038646422,739,13977446
740,0.016902330396843426,740,13996360
741,0.016636234055748905,741,14015274
742,0.016310062279819695,742,14034188
743,0.015950540403085314,743,14053102
744,0.01561855151893421,744,14072016
745,0.01554660805410435,745,14090930
746,0.015398212948646628,746,14109844
747,0.015365116871115095,747,14128758
748,0.01523187218872235,748,14147672
749,0.0151425373392238,749,14166586
750,0.015051142160120004,750,14185500
751,0.015081817304857498,751,14204414
752,0.015173689663206105,752,14223328
753,0.015214450809261731,753,14242242
754,0.015187931754111289,754,14261156
755,0.015098011993918053,755,14280070
756,0.015026720280219091,756,14298984
757,0.01490795683100457,757,14317898
758,0.014833287365497716,758,14336812
759,0.014735753885573313,759,14355726
760,0.01461290904233993,760,14374640
761,0.014737799196620244,761,14393554
762,0.01497169185672309,762,14412468
763,0.015191335371596393,763,14431382
764,0.015394487685826352,764,14450296
765,0.015577667012327628,765,14469210
766,0.015721646845400616,766,14488124
767,0.015780973175144875,767,14507038
768,0.01581188694815286,768,14525952
769,0.015805586255918214,769,14544866
770,0.01575578341419695,770,14563780
771,0.01569018042020187,771,14582694
772,0.01567898199912718,772,14601608
773,0.01570360063567476,773,14620522
774,0.015691199803922,774,14639436
775,0.015641360742905716,775,14658350
776,0.015558199971805825,776,14677264
777,0.015458064901522683,777,14696178
778,0.015346671910343335,778,14715092
779,0.015215367092567933,779,14734006
780,0.015069802130431631,780,14752920
781,0.014916726425367455,781,14771834
782,0.014775332569144872,782,14790748
783,0.014676190048258445,783,14809662
784,0.014680249967600534,784,14828576
785,0.014654060437154684,785,14847490
786,0.014586295408975533,786,14866404
787,0.014492305183503196,787,14885318
788,0.014376151463525014,788,14904232
789,0.014265228263609611,789,14923146
790,0.01416554796961969,790,14942060
791,0.014061106879779184,791,14960974
792,0.01399623104840314,792,14979888
793,0.013962790475799514,793,14998802
794,0.013943022026705637,794,15017716
795,0.013940119288327515,795,15036630
796,0.013968822245883222,796,15055544
797,0.014004654667564204,797,15074458
798,0.014053438537947716,798,15093372
799,0.014223538166491162,799,15112286
800,0.014361504630236901,800,15131200
801,0.014546757574180502,801,15150114
802,0.014727661518611851,802,15169028
803,0.014857531302483212,803,15187942
804,0.015037270909496678,804,15206856
805,0.015193908869868433,805,15225770
806,0.015288699206977535,806,15244684
807,0.01534183051509884,807,15263598
808,0.015392370695610627,808,15282512
809,0.01555553797933093,809,15301426
810,0.0157033348825118,810,15320340
811,0.015871948501254396,811,15339254
812,0.016007089045049133,812,15358168
813,0.016083589613245713,813,15377082
814,0.016099353491334206,814,15395996
815,0.016055859620806606,815,15414910
816,0.01596571370671923,816,15433824
817,0.01584025129986738,817,15452738
818,0.015742272405836477,818,15471652
819,0.015644637018072893,819,15490566
820,0.015548187495984411,820,15509480
821,0.015777880030665208,821,15528394
822,0.015984037057171073,822,15547308
823,0.016129615385695815,823,15566222
824,0.016195600297330803,824,15585136
825,0.01616965947082466,825,15604050
826,0.016063282527950716,826,15622964
827,0.01588968317420522,827,15641878
828,0.015663877512200663,828,15660792
829,0.01544531942932309,829,15679706
830,0.015271195944170951,830,15698620
831,0.015113031249950476,831,15717534
832,0.01490582222055814,832,15736448
833,0.014664789714675046,833,15755362
834,0.014534359500305342,834,15774276
835,0.014514621313235054,835,15793190
836,0.014470675660630122,836,15812104
837,0.01440620066304698,837,15831018
838,0.014332339428715174,838,15849932
839,0.014293664030582937,839,15868846
840,0.014250477470272804,840,15887760
841,0.014203123680426644,841,15906674
842,0.014151794230241398,842,15925588
843,0.014097462660110277,843,15944502
844,0.014044337565461557,844,15963416
845,0.013993624879011811,845,15982330
846,0.013944332606248139,846,16001244
847,0.01390810612518073,847,16020158
848,0.0138858410532203,848,16039072
849,0.013853373510933485,849,16057986
850,0.013812671944520176,850,16076900
851,0.013778173383721809,851,16095814
852,0.013758486123349394,852,16114728
853,0.013732058615488402,853,16133642
854,0.013709176511634717,854,16152556
855,0.0136765746282492,855,16171470
856,0.013628430177449746,856,16190384
857,0.013563795775635962,857,16209298
858,0.013492507961854444,858,16228212
859,0.013559185777991145,859,16247126
860,0.013675559349893451,860,16266040
861,0.013789127684970107,861,16284954
862,0.013862257503395523,862,16303868
863,0.013885082086138256,863,16322782
864,0.013895649885555014,864,16341696
865,0.01387895852289038,865,16360610
866,0.013821067143775997,866,16379524
867,0.013753216515835776,867,16398438
868,0.013725025664671459,868,16417352
869,0.013682160732706228,869,16436266
870,0.01367235135722722,870,16455180
871,0.013641000716659954,871,16474094
872,0.01378528366266981,872,16493008
873,0.014237961283213418,873,16511922
874,0.01463697734684432,874,16530836
875,0.014898131643712176,875,16549750
876,0.014998757449278949,876,16568664
877,0.015011416752288308,877,16587578
878,0.015008353609983205,878,16606492
879,0.014934763610933321,879,16625406
880,0.014846613429325056,880,16644320
881,0.014725813882599637,881,16663234
882,0.014567730794373339,882,16682148
883,0.014377077679323724,883,16701062
884,0.01416011212296392,884,16719976
885,0.013923142649524267,885,16738890
886,0.013681712083600243,886,16757804
887,0.013494308258023217,887,16776718
888,0.013346760487111808,888,16795632
889,0.013245821840979444,889,16814546
890,0.013181268284018777,890,16833460
891,0.013275905834789103,891,16852374
892,0.013489841462492769,892,16871288
893,0.013723222264573204,893,16890202
894,0.013905339274628448,894,16909116
895,0.014038099523050795,895,16928030
896,0.01409543499716756,896,16946944
897,0.014096395761290875,897,16965858
898,0.014117304972165012,898,16984772
899,0.014104534187463325,899,17003686
900,0.014059960328287269,900,17022600
901,0.013944883170044359,901,17041514
902,0.013793470369044103,902,17060428
903,0.013622062510380284,903,17079342
904,0.013393488350442267,904,17098256
905,0.013139788344865178,905,17117170
906,0.012967902105707585,906,17136084
907,0.012854376563490644,907,17154998
908,0.012739931872089647,908,17173912
909,0.012623049557281621,909,17192826
910,0.01250237827694485,910,17211740
911,0.01238979193233658,911,17230654
912,0.01231520929163632,912,17249568
913,0.012403676407399145,913,17268482
914,0.012535482603234963,914,17287396
915,0.012739077309486493,915,17306310
916,0.012979548105173114,916,17325224
917,0.013197653087575159,917,17344138
918,0.01335205305481113,918,17363052
919,0.013441684664724424,919,17381966
920,0.01353304271625938,920,17400880
921,0.013592319267617475,921,17419794
922,0.013567606628647713,922,17438708
923,0.0135213405869406,923,17457622
924,0.013448519106992865,924,17476536
925,0.013331790392362555,925,17495450
926,0.013268736078112367,926,17514364
927,0.013180609097811158,927,17533278
928,0.013076051593643848,928,17552192
929,0.0130134314600579,929,17571106
930,0.012984482320298987,930,17590020
931,0.01295923635802737,931,17608934
932,0.012938512229533752,932,17627848
933,0.012922867470865018,933,17646762
934,0.012912317884221813,934,17665676
935,0.012906278621986456,935,17684590
936,0.012904314971987685,936,17703504
937,0.012905581428182794,937,17722418
938,0.012910887619724767,938,17741332
939,0.01291625708522004,939,17760246
940,0.01291744828780407,940,17779160
941,0.013008221785996116,941,17798074
942,0.013094931933469875,942,17816988
943,0.013148804518226184,943,17835902
944,0.013162580997536755,944,17854816
945,0.013159653620798406,945,17873730
946,0.01317014050683843,946,17892644
947,0.013160471662544318,947,17911558
948,0.01311542705981851,948,17930472
949,0.013075504748360986,949,17949386
950,0.013036669513855459,950,17968300
951,0.01298252797878513,951,17987214
952,0.01291933340705391,952,18006128
953,0.012848881286789168,953,18025042
954,0.012779101797690665,954,18043956
955,0.012748475194232042,955,18062870
956,0.0127118297471418,956,18081784
957,0.012667956172879524,957,18100698
958,0.012618762392334643,958,18119612
959,0.01256385738953436,959,18138526
960,0.012562650875346762,960,18157440
961,0.012580430271826634,961,18176354
962,0.01258060461297468,962,18195268
963,0.012559137463716077,963,18214182
964,0.012512106578874818,964,18233096
965,0.012515766316949298,965,18252010
966,0.012500189425926525,966,18270924
967,0.01245705160496774,967,18289838
968,0.012396748848770345,968,18308752
969,0.012315518728362257,969,18327666
970,0.012225558570570005,970,18346580
971,0.01212606303170305,971,18365494
972,0.01208953339845803,972,18384408
973,0.012088567698939415,973,18403322
974,0.012038818646432803,974,18422236
975,0.011975719705366317,975,18441150
976,0.011971274784980238,976,18460064
977,0.011844587798847839,977,18478978
978,0.011755385210209635,978,18497892
979,0.011708860692855871,979,18516806
980,0.01176699355344174,980,18535720
981,0.011928347578309767,981,18554634
982,0.012062702209111431,982,18573548
983,0.012209394728948456,983,18592462
984,0.012340550444371656,984,18611376
985,0.012413465819161473,985,18630290
986,0.012432100640043353,986,18649204
987,0.012399174260211282,987,18668118
988,0.012321927426881152,988,18687032
989,0.012220493147399064,989,18705946
990,0.012100136328049349,990,18724860
991,0.011966140988570684,991,18743774
992,0.011845059159318397,992,18762688
993,0.011815875825230193,993,18781602
994,0.011818626557067696,994,18800516
995,0.011816810705564326,995,18819430
996,0.011820835328115065,996,18838344
997,0.01182854939502126,997,18857258
998,0.011865927475242136,998,18876172
999,0.011863454112912009,999,18895086
1000,0.011817129942816987,1000,18914000
