step,KuhnPoker/conv,KuhnPoker/iters,KuhnPoker/nodes_touched
0,0.45833333333333326,0,0
1,0.45833333333333326,1,116
2,0.27083333333333337,2,232
3,0.1944444444444444,3,348
4,0.14062500000000003,4,464
5,0.12138888888888891,5,580
6,0.0967261904761905,6,696
7,0.10796957671957674,7,812
8,0.09045463963098321,8,928
9,0.07756755332157572,9,1044
10,0.0686987938171576,10,1160
11,0.06046924690611871,11,1276
12,0.056175094336424425,12,1392
13,0.057410765836257344,13,1508
14,0.055491770881090224,14,1624
15,0.0537199097257052,15,1740
16,0.05051169055809107,16,1856
17,0.0500843270804055,17,1972
18,0.0492656492537962,18,2088
19,0.045244613333537326,19,2204
20,0.040670197752702114,20,2320
21,0.039914275345009936,21,2436
22,0.03783806706199738,22,2552
23,0.03459452214742581,23,2668
24,0.030887611432971224,24,2784
25,0.0294781152900066,25,2900
26,0.029921334314481574,26,3016
27,0.02943266647561768,27,3132
28,0.02793457019962242,28,3248
29,0.025385679228546065,29,3364
30,0.022976662780746865,30,3480
31,0.0241673487539025,31,3596
32,0.02404680216108418,32,3712
33,0.02278866365606963,33,3828
34,0.023563359486823976,34,3944
35,0.025290074569431525,35,4060
36,0.02584353208047141,36,4176
37,0.025046068367683555,37,4292
38,0.02287501837230524,38,4408
39,0.022325694870475782,39,4524
40,0.02173271812802427,40,4640
41,0.020517348345035907,41,4756
42,0.019549014823615624,42,4872
43,0.018439105177279397,43,4988
44,0.017228031170687413,44,5104
45,0.01741061269740163,45,5220
46,0.017309206989279263,46,5336
47,0.016855043821498578,47,5452
48,0.015990077698860072,48,5568
49,0.015514939944355682,49,5684
50,0.015176601954280416,50,5800
51,0.014479024570811044,51,5916
52,0.014917023908300603,52,6032
53,0.014949720904030822,53,6148
54,0.01436476255196309,54,6264
55,0.013398036254981371,55,6380
56,0.01456595046522599,56,6496
57,0.015421168687205444,57,6612
58,0.015716830674279814,58,6728
59,0.015342753820282912,59,6844
60,0.014370574218123322,60,6960
61,0.014003542854660128,61,7076
62,0.014369455290710875,62,7192
63,0.014703280145769687,63,7308
64,0.01435071650079725,64,7424
65,0.013444981895212815,65,7540
66,0.012161919016871192,66,7656
67,0.011223097109611058,67,7772
68,0.011485640097778693,68,7888
69,0.011860723789898997,69,8004
70,0.012015686785352087,70,8120
71,0.011778275229671759,71,8236
72,0.01125891198000828,72,8352
73,0.010558979331646762,73,8468
74,0.00976004842237263,74,8584
75,0.008957402309598156,75,8700
76,0.009339085767700012,76,8816
77,0.009844410767489209,77,8932
78,0.010084062167076385,78,9048
79,0.010031726091496024,79,9164
80,0.009901430616872292,80,9280
81,0.010102437916053447,81,9396
82,0.01008994106228997,82,9512
83,0.01018137266995317,83,9628
84,0.010370663100467498,84,9744
85,0.01033042123727243,85,9860
86,0.010055447102741921,86,9976
87,0.010497265110710169,87,10092
88,0.010711868452140755,88,10208
89,0.010675236171888702,89,10324
90,0.010384733742348329,90,10440
91,0.009833650289658491,91,10556
92,0.0091823730021946,92,10672
93,0.008741083156215745,93,10788
94,0.00823787973520096,94,10904
95,0.008368847509684835,95,11020
96,0.008295863048415147,96,11136
97,0.008637115311109056,97,11252
98,0.00878216475848867,98,11368
99,0.008631826681385874,99,11484
100,0.008225977315915622,100,11600
101,0.0076814332419256615,101,11716
102,0.007212850847532204,102,11832
103,0.0069432848837420735,103,11948
104,0.006936337540187604,104,12064
105,0.0068069165734154224,105,12180
106,0.006679314108898771,106,12296
107,0.006826721380885831,107,12412
108,0.007239952965423929,108,12528
109,0.007688926704601778,109,12644
110,0.007935871122467991,110,12760
111,0.00794586752359594,111,12876
112,0.007703693164179737,112,12992
113,0.0073648259922632076,113,13108
114,0.007100939714901999,114,13224
115,0.007469734394544958,115,13340
116,0.007777042495607456,116,13456
117,0.008009066491760197,117,13572
118,0.00815090344533076,118,13688
119,0.008187650965605198,119,13804
120,0.008078560696973797,120,13920
121,0.007751526958785976,121,14036
122,0.007258585790058281,122,14152
123,0.0066993002793478695,123,14268
124,0.0064436121349135955,124,14384
125,0.006471432223927959,125,14500
126,0.006465545902623243,126,14616
127,0.006465235063125796,127,14732
128,0.006519359677160136,128,14848
129,0.00647926354787412,129,14964
130,0.006250467108452118,130,15080
131,0.005898739851258328,131,15196
132,0.005615504614252059,132,15312
133,0.005375887947945773,133,15428
134,0.00550266183394485,134,15544
135,0.005632868760669679,135,15660
136,0.005673063144620183,136,15776
137,0.005597691774166719,137,15892
138,0.005672275871018179,138,16008
139,0.005900755528473273,139,16124
140,0.006029728254511868,140,16240
141,0.006062639578276768,141,16356
142,0.006005568370293618,142,16472
143,0.005982745609675433,143,16588
144,0.005906542802529086,144,16704
145,0.006098142750435659,145,16820
146,0.0062660157280424456,146,16936
147,0.006300954135122383,147,17052
148,0.006371381831909689,148,17168
149,0.006450904532739693,149,17284
150,0.006447882080280742,150,17400
151,0.006358233510555172,151,17516
152,0.006184387350216619,152,17632
153,0.00591081827502582,153,17748
154,0.0055646278981673625,154,17864
155,0.005457549521310334,155,17980
156,0.005528728623815898,156,18096
157,0.0055287899556648035,157,18212
158,0.0054614365140256416,158,18328
159,0.005335910294273272,159,18444
160,0.005163652041736744,160,18560
161,0.004974416505999085,161,18676
162,0.004784710982195961,162,18792
163,0.004611655024741063,163,18908
164,0.0044261463164986525,164,19024
165,0.004178573082503606,165,19140
166,0.004162964122084362,166,19256
167,0.004195746984523158,167,19372
168,0.004278623506549228,168,19488
169,0.004314792944338841,169,19604
170,0.004299274786610852,170,19720
171,0.004615327581918072,171,19836
172,0.004867772538732801,172,19952
173,0.005043073234758194,173,20068
174,0.0051340260743587,174,20184
175,0.005137791875514386,175,20300
176,0.005055656663112362,176,20416
177,0.004892594192923677,177,20532
178,0.005006145318304178,178,20648
179,0.005145680553594184,179,20764
180,0.005251207219224424,180,20880
181,0.005318507681331852,181,20996
182,0.005342674189200314,182,21112
183,0.005318504410084052,183,21228
184,0.005241128003800805,184,21344
185,0.005106989465501227,185,21460
186,0.004915544545313788,186,21576
187,0.004685401405318729,187,21692
188,0.004436650540818432,188,21808
189,0.004573944356170506,189,21924
190,0.004654512444314973,190,22040
191,0.004673110073202397,191,22156
192,0.004633728020164124,192,22272
193,0.004543609299594548,193,22388
194,0.0044115506626004886,194,22504
195,0.004247114180531392,195,22620
196,0.004062341725138446,196,22736
197,0.0038573927984800194,197,22852
198,0.003645658735114077,198,22968
199,0.00343597343721716,199,23084
200,0.003329603136321274,200,23200
201,0.0034448960443855814,201,23316
202,0.0034999052864312374,202,23432
203,0.00349235875608489,203,23548
204,0.0034222898558416703,204,23664
205,0.003460029342752552,205,23780
206,0.003712868884416548,206,23896
207,0.003931972620445007,207,24012
208,0.0041054369124161605,208,24128
209,0.004221777019510431,209,24244
210,0.0042721180433179795,210,24360
211,0.004251757567333536,211,24476
212,0.004160493656298503,212,24592
213,0.004264594443902148,213,24708
214,0.004384638258241896,214,24824
215,0.004472835127701413,215,24940
216,0.004527390286145905,216,25056
217,0.004546263227165559,217,25172
218,0.004527464572134682,218,25288
219,0.004469607231523037,219,25404
220,0.004372629140082879,220,25520
221,0.0042385326638298415,221,25636
222,0.00407184206914557,222,25752
223,0.0038793612788402543,223,25868
224,0.003726995543762157,224,25984
225,0.0038559799188545296,225,26100
226,0.0039409776380018025,226,26216
227,0.003977271049746101,227,26332
228,0.003968755993039946,228,26448
229,0.003916592885525955,229,26564
230,0.0038190994613203355,230,26680
231,0.0036934365324732543,231,26796
232,0.003546761247047059,232,26912
233,0.0033838985347297013,233,27028
234,0.003211429269436128,234,27144
235,0.0030354042870733844,235,27260
236,0.0028613118818127115,236,27376
237,0.002795605141380053,237,27492
238,0.002895145957571954,238,27608
239,0.002945454214303783,239,27724
240,0.0029432947210940863,240,27840
241,0.0028869030316718003,241,27956
242,0.00285719463055642,242,28072
243,0.0030489093224265462,243,28188
244,0.003242109413925165,244,28304
245,0.0034056107603605557,245,28420
246,0.003527211856346746,246,28536
247,0.0035962960718437798,247,28652
248,0.0036063859371745777,248,28768
249,0.0035558613623620505,249,28884
250,0.0036408434792969124,250,29000
251,0.0037419192068290086,251,29116
252,0.003816897183669149,252,29232
253,0.003865569149155257,253,29348
254,0.0038875114506253805,254,29464
255,0.0038822368139583285,255,29580
256,0.0038495189232115312,256,29696
257,0.0037979412029273962,257,29812
258,0.003704797397659082,258,29928
259,0.0035974649387188473,259,30044
260,0.0034720895544672337,260,30160
261,0.0033332090654235036,261,30276
262,0.0031891844457351826,262,30392
263,0.0033073763687579416,263,30508
264,0.0033913027865019874,264,30624
265,0.003435524414119012,265,30740
266,0.0034395448725192956,266,30856
267,0.0034063284860449405,267,30972
268,0.0033407038310810655,268,31088
269,0.0032482717241668346,269,31204
270,0.0031347955610972478,270,31320
271,0.0030058931065765626,271,31436
272,0.002866884284910831,272,31552
273,0.0027227159717775062,273,31668
274,0.002577931900187874,274,31784
275,0.002506446896624742,275,31900
276,0.0024512961000558997,276,32016
277,0.00246328914321875,277,32132
278,0.0024990881424653832,278,32248
279,0.002489636258006689,279,32364
280,0.0024333907898756446,280,32480
281,0.0023773954371686945,281,32596
282,0.00256581687341223,282,32712
283,0.0027419073503344993,283,32828
284,0.0028939469586558297,284,32944
285,0.0030106523122592765,285,33060
286,0.0030827688190649127,286,33176
287,0.0031051351185647502,287,33292
288,0.003076809404119446,288,33408
289,0.0031292157716028834,289,33524
290,0.0032149573354684213,290,33640
291,0.0032806584555890306,291,33756
292,0.003326652472118885,292,33872
293,0.0033530819251626487,293,33988
294,0.0033599842078986253,294,34104
295,0.0033474805310866884,295,34220
296,0.003359121487478578,296,34336
297,0.0033236338779502883,297,34452
298,0.0032264924415151275,298,34568
299,0.003122958428855682,299,34684
300,0.003033960616151188,300,34800
301,0.0029364753880427308,301,34916
302,0.0028302100383215123,302,35032
303,0.002887554469059833,303,35148
304,0.002964520036669638,304,35264
305,0.0030082925649122794,305,35380
306,0.0030186028475527316,306,35496
307,0.0029979283506289256,307,35612
308,0.00295013709401698,308,35728
309,0.002879636181331857,309,35844
310,0.0027909292881800885,310,35960
311,0.0026884087976829785,311,36076
312,0.002576259456227692,312,36192
313,0.002458410468147154,313,36308
314,0.002338512595956188,314,36424
315,0.0022541883523113093,315,36540
316,0.002221741812705208,316,36656
317,0.0021706605581366667,317,36772
318,0.002115140215612349,318,36888
319,0.002135571747488657,319,37004
320,0.002117269658232862,320,37120
321,0.0020593707821802143,321,37236
322,0.00204252050128495,322,37352
323,0.0022118305813447203,323,37468
324,0.0023694266019952948,324,37584
325,0.00250601481055604,325,37700
326,0.0026121835843817554,326,37816
327,0.002680673891510582,327,37932
328,0.0027076786902402727,328,38048
329,0.0026926543092054833,329,38164
330,0.0027344546819424165,330,38280
331,0.0028088616198218286,331,38396
332,0.002867372839163801,332,38512
333,0.002910388710380546,333,38628
334,0.0029381680725400483,334,38744
335,0.0029508738845440974,335,38860
336,0.002948687267815747,336,38976
337,0.002959707835319292,337,39092
338,0.0029638584275796243,338,39208
339,0.002918426242599359,339,39324
340,0.002821380884561131,340,39440
341,0.002742745480362685,341,39556
342,0.0026742737716110854,342,39672
343,0.0025976982943338445,343,39788
344,0.002514319892314265,344,39904
345,0.0025532951248286306,345,40020
346,0.0026221952410347693,346,40136
347,0.002663572560660965,347,40252
348,0.0026769978743354517,348,40368
349,0.002664329400135279,349,40484
350,0.0026285988759249534,350,40600
351,0.0025733023708341407,351,40716
352,0.0025020299710777905,352,40832
353,0.002418294836255136,353,40948
354,0.0023254587946685,354,41064
355,0.00222669841865783,355,41180
356,0.002124988751201068,356,41296
357,0.002023098872227791,357,41412
358,0.001985476072796616,358,41528
359,0.0019589571653196303,359,41644
360,0.0019155787336233854,360,41760
361,0.001854010152729263,361,41876
362,0.0018486857631638542,362,41992
363,0.0018259382720561823,363,42108
364,0.0017693641236715407,364,42224
365,0.0017873890174033569,365,42340
366,0.0019339189450497951,366,42456
367,0.002071233586452448,367,42572
368,0.0021912426308821065,368,42688
369,0.002287955048973278,369,42804
370,0.00235356433855749,370,42920
371,0.002384322205580769,371,43036
372,0.0023792868772445908,372,43152
373,0.002447874297660635,373,43268
374,0.002513695934977578,374,43384
375,0.0025654156241678994,375,43500
376,0.0026034442221929965,376,43616
377,0.002628084811545306,377,43732
378,0.002639553663836447,378,43848
379,0.002638057211699907,379,43964
380,0.002623911009816765,380,44080
381,0.0026268906437618977,381,44196
382,0.0026193122512417066,382,44312
383,0.0025700968786734613,383,44428
384,0.002478166537348392,384,44544
385,0.0023997747321136964,385,44660
386,0.0023375309899373586,386,44776
387,0.002272743986541953,387,44892
388,0.0022041433004745536,388,45008
389,0.0022918773063138054,389,45124
390,0.0023695067319113305,390,45240
391,0.0024111245325656727,391,45356
392,0.0024186418897458595,392,45472
393,0.002397099850880241,393,45588
394,0.0023580932930477305,394,45704
395,0.002312506607688586,395,45820
396,0.0022526203007047496,396,45936
397,0.002181373029678052,397,46052
398,0.002101582119060863,398,46168
399,0.0020159112267517376,399,46284
400,0.0019268586789612796,400,46400
401,0.0018367557313707372,401,46516
402,0.0017477725648324116,402,46632
403,0.001729788552082917,403,46748
404,0.001714141950146686,404,46864
405,0.001684297876525881,405,46980
406,0.001638830296398719,406,47096
407,0.0016199125476829834,407,47212
408,0.001594926703699484,408,47328
409,0.0015519500146902732,409,47444
410,0.0015854209304615452,410,47560
411,0.0017065911821882163,411,47676
412,0.001819119701455929,412,47792
413,0.0019179521323759163,413,47908
414,0.002001169878907527,414,48024
415,0.0020665876787437087,415,48140
416,0.0021034097834136956,416,48256
417,0.0021725514558413594,417,48372
418,0.0022481873669339125,418,48488
419,0.0023090537239203457,419,48604
420,0.002355572765312147,420,48720
421,0.0023882245140744995,421,48836
422,0.0024074152838073903,422,48952
423,0.0024134643786603016,423,49068
424,0.0024066574396655604,424,49184
425,0.002387341555462802,425,49300
426,0.002356050261247994,426,49416
427,0.0023136477917106713,427,49532
428,0.002299940798658695,428,49648
429,0.0022549765922020015,429,49764
430,0.00217583749075545,430,49880
431,0.002068402702830957,431,49996
432,0.0020013488034082427,432,50112
433,0.00193735317875543,433,50228
434,0.0020140856758623094,434,50344
435,0.0021102698769142336,435,50460
436,0.0021801809865202026,436,50576
437,0.0022197222390430427,437,50692
438,0.0022280517399880517,438,50808
439,0.0022076133493677264,439,50924
440,0.002163150105539885,440,51040
441,0.0021002970188272185,441,51156
442,0.0020315011974600117,442,51272
443,0.001970131202492925,443,51388
444,0.001900360243782373,444,51504
445,0.0018245403814988737,445,51620
446,0.0017448769238603001,446,51736
447,0.001663424243580569,447,51852
448,0.0015820906932135503,448,51968
449,0.0015026493323414825,449,52084
450,0.0014646147318467806,450,52200
451,0.0014675540760114292,451,52316
452,0.0014600188142644133,452,52432
453,0.0014403083437060094,453,52548
454,0.0014181401616243094,454,52664
455,0.0014476602479746303,455,52780
456,0.001487444308340663,456,52896
457,0.0015011854695801963,457,53012
458,0.0014956461650988129,458,53128
459,0.001578726800201602,459,53244
460,0.001651574016603069,460,53360
461,0.0017255289932047169,461,53476
462,0.0018222115481540124,462,53592
463,0.0019171884850313903,463,53708
464,0.0020094093092799803,464,53824
465,0.0020922212462686773,465,53940
466,0.0021586227086163035,466,54056
467,0.002208245408681475,467,54172
468,0.0022414991004939544,468,54288
469,0.0022590269289392284,469,54404
470,0.0022614681528348446,470,54520
471,0.002249410435789495,471,54636
472,0.0022234416505242105,472,54752
473,0.002184251168587642,473,54868
474,0.0021327550847103083,474,54984
475,0.0020702283244870834,475,55100
476,0.0019984232347717845,476,55216
477,0.0019196442010288028,477,55332
478,0.0018627969785546261,478,55448
479,0.0017874055254448462,479,55564
480,0.0017013932937936516,480,55680
481,0.0017426239095169327,481,55796
482,0.0018314045924742728,482,55912
483,0.0019082054566978979,483,56028
484,0.001969458133114582,484,56144
485,0.002011740015230218,485,56260
486,0.0020320956207662555,486,56376
487,0.0020286602948490773,487,56492
488,0.0020013088776872356,488,56608
489,0.0019519134354941126,489,56724
490,0.0018840157618842668,490,56840
491,0.0018020714778581026,491,56956
492,0.001710625425848794,492,57072
493,0.0016491174795933983,493,57188
494,0.0015823432155316342,494,57304
495,0.0015121671322616825,495,57420
496,0.0014403693377965654,496,57536
497,0.0013686142729803785,497,57652
498,0.001298452061267108,498,57768
499,0.0012313257347610906,499,57884
500,0.0011685824404747414,500,58000
501,0.001203192649061352,501,58116
502,0.0012927520559112005,502,58232
503,0.0013740074358896404,503,58348
504,0.0014443337324674954,504,58464
505,0.0015011482242023033,505,58580
506,0.0015419414923570351,506,58696
507,0.0015643947611818643,507,58812
508,0.0015666749429589233,508,58928
509,0.001557685149670418,509,59044
510,0.001635475259187641,510,59160
511,0.0017109935082211813,511,59276
512,0.0017836032669573954,512,59392
513,0.0018526393861537371,513,59508
514,0.001917409084556898,514,59624
515,0.001977193676425709,515,59740
516,0.0020312514108914714,516,59856
517,0.0020788215248684905,517,59972
518,0.0021086994528577707,518,60088
519,0.0021195228900119656,519,60204
520,0.0021122418216439065,520,60320
521,0.0020881349602352994,521,60436
522,0.0020485967371405567,522,60552
523,0.001995119509910215,523,60668
524,0.0019293561522834568,524,60784
525,0.0018531965978972331,525,60900
526,0.0017688190237843127,526,61016
527,0.0016786912863392678,527,61132
528,0.0015855110680543516,528,61248
529,0.0015831698708044795,529,61364
530,0.0015872991182507568,530,61480
531,0.0015888581957105852,531,61596
532,0.0016387311974923047,532,61712
533,0.001676964523713187,533,61828
534,0.0016923442109653408,534,61944
535,0.0017142343848784436,535,62060
536,0.001727087090597712,536,62176
537,0.0017301299796582126,537,62292
538,0.0017225222383724093,538,62408
539,0.0017033627682399577,539,62524
540,0.001671825511005115,540,62640
541,0.0016274246102907508,541,62756
542,0.0015703271051711876,542,62872
543,0.0015015688509540104,543,62988
544,0.001423058503980279,544,63104
545,0.0013431854195683213,545,63220
546,0.0013232161759152705,546,63336
547,0.0013100486303475878,547,63452
548,0.0012828827201991633,548,63568
549,0.0013040306855937045,549,63684
550,0.0013315967883475999,550,63800
551,0.0013487468892417476,551,63916
552,0.0013562025742986927,552,64032
553,0.0013547747073925087,553,64148
554,0.001353786806141677,554,64264
555,0.001386838596881157,555,64380
556,0.0014283261433389871,556,64496
557,0.0015114624769507479,557,64612
558,0.001582397154255205,558,64728
559,0.001638728849594706,559,64844
560,0.0016781823025376341,560,64960
561,0.0016987024919109805,561,65076
562,0.0016986478302691566,562,65192
563,0.0017090924973173216,563,65308
564,0.00175231688619365,564,65424
565,0.0017891723793021785,565,65540
566,0.001819359035060364,566,65656
567,0.0018426684684471617,567,65772
568,0.0018590017868760356,568,65888
569,0.0018683836836690393,569,66004
570,0.0018709700931024142,570,66120
571,0.0018654789857318888,571,66236
572,0.0018447322032638103,572,66352
573,0.0018094792435516538,573,66468
574,0.0017613034272194183,574,66584
575,0.001702203610259384,575,66700
576,0.0016343497507522453,576,66816
577,0.0015986597834052874,577,66932
578,0.001595785962912405,578,67048
579,0.00158654801335964,579,67164
580,0.0015715114756556237,580,67280
581,0.0015512578300192759,581,67396
582,0.001526404660504188,582,67512
583,0.0014976155974691652,583,67628
584,0.001467696797275958,584,67744
585,0.0014547664845611374,585,67860
586,0.0014390375696657631,586,67976
587,0.0014207348809250342,587,68092
588,0.0014175962634931094,588,68208
589,0.0014022899237736974,589,68324
590,0.0013717219228676358,590,68440
591,0.001326032734508098,591,68556
592,0.0012976917153162126,592,68672
593,0.0012675033161398952,593,68788
594,0.0012352740217368152,594,68904
595,0.0012006619577775157,595,69020
596,0.0011724851136412362,596,69136
597,0.0011783457301935973,597,69252
598,0.0011701754310739776,598,69368
599,0.0012177939537945104,599,69484
600,0.0012908845825936321,600,69600
601,0.0013515037961387422,601,69716
602,0.0013984414943102874,602,69832
603,0.0014310112447352141,603,69948
604,0.001448981508767655,604,70064
605,0.0014524972109873913,605,70180
606,0.001468183344571855,606,70296
607,0.0015075745799076334,607,70412
608,0.001542916784486953,608,70528
609,0.0015741007360148551,609,70644
610,0.001601018001728377,610,70760
611,0.0016235561314479063,611,70876
612,0.0016416015537713546,612,70992
613,0.0016550499345671932,613,71108
614,0.001663823478507881,614,71224
615,0.0016678936466646699,615,71340
616,0.0016673060148231778,616,71456
617,0.0016622015378925936,617,71572
618,0.001652825532315244,618,71688
619,0.0016395130878254227,619,71804
620,0.0016226396904385765,620,71920
621,0.0016025331297046808,621,72036
622,0.0015793626075442935,622,72152
623,0.0015530518727517595,623,72268
624,0.0015232838213252442,624,72384
625,0.001502277102466143,625,72500
626,0.0015079338430764588,626,72616
627,0.001545460823717315,627,72732
628,0.001568143001497574,628,72848
629,0.0015766667605271178,629,72964
630,0.001572431961719023,630,73080
631,0.001557210336723347,631,73196
632,0.0015328578393934977,632,73312
633,0.001501129691369063,633,73428
634,0.0014649437605301907,634,73544
635,0.0014283131607112642,635,73660
636,0.0013872260852785534,636,73776
637,0.001342689233402361,637,73892
638,0.0012956794182697184,638,74008
639,0.0012471374286859016,639,74124
640,0.0011979644134915701,640,74240
641,0.0011490204163419615,641,74356
642,0.0011011248058375167,642,74472
643,0.0010550582124349006,643,74588
644,0.0010371056057882078,644,74704
645,0.0010232116819477721,645,74820
646,0.001002426467560713,646,74936
647,0.0009743468426725299,647,75052
648,0.0009386864454292154,648,75168
649,0.0009208568782810567,649,75284
650,0.000943733792363538,650,75400
651,0.00100311765862518,651,75516
652,0.0010647772794593335,652,75632
653,0.0011245318053796638,653,75748
654,0.0011804540313039291,654,75864
655,0.0012362270905235673,655,75980
656,0.0013045966962413336,656,76096
657,0.0013702596947553491,657,76212
658,0.0014310611079286495,658,76328
659,0.0014855364231191326,659,76444
660,0.0015327479529309018,660,76560
661,0.0015721747832496968,661,76676
662,0.0016035697349576217,662,76792
663,0.0016268392802676612,663,76908
664,0.0016419648618789529,664,77024
665,0.0016489634261016295,665,77140
666,0.001647878627752175,666,77256
667,0.0016387944002555777,667,77372
668,0.0016218645189988168,668,77488
669,0.0015973532540057567,669,77604
670,0.0015656824241892242,670,77720
671,0.0015274789292599456,671,77836
672,0.0014836143376293631,672,77952
673,0.0014352251660939286,673,78068
674,0.001383700852304326,674,78184
675,0.0013306285273289031,675,78300
676,0.0012776912619745506,676,78416
677,0.0012697010125276575,677,78532
678,0.001330378072065097,678,78648
679,0.0013847466409597498,679,78764
680,0.0014309999673843832,680,78880
681,0.0014674930972377598,681,78996
682,0.0014927977233344658,682,79112
683,0.0015058011886523726,683,79228
684,0.001505844186523858,684,79344
685,0.0014928536641142798,685,79460
686,0.001467410723947432,686,79576
687,0.0014307130136703428,687,79692
688,0.0013844334154282378,688,79808
689,0.0013305160893584411,689,79924
690,0.0012709691179504656,690,80040
691,0.001207704167645346,691,80156
692,0.001161281989604357,692,80272
693,0.0011164704991756536,693,80388
694,0.0010704153685251738,694,80504
695,0.0010239834592766228,695,80620
696,0.000978001719298044,696,80736
697,0.0009332550509583704,697,80852
698,0.0008904864382025257,698,80968
699,0.0008795285936057939,699,81084
700,0.0008931638232287098,700,81200
701,0.0009143638829489376,701,81316
702,0.0009747407437566136,702,81432
703,0.0010297144724473184,703,81548
704,0.0010779045385173047,704,81664
705,0.0011179746517552547,705,81780
706,0.0011486572959285013,706,81896
707,0.0011688069074229923,707,82012
708,0.0011775019731244951,708,82128
709,0.0011916363142810416,709,82244
710,0.001244168153490599,710,82360
711,0.0012948055377858814,711,82476
712,0.0013431958158469925,712,82592
713,0.001388977816715764,713,82708
714,0.0014317838808046435,714,82824
715,0.0014712425948340824,715,82940
716,0.0015069822790323706,716,83056
717,0.0015386351896228556,717,83172
718,0.0015626960465569273,718,83288
719,0.0015758305534781525,719,83404
720,0.001577925163693178,720,83520
721,0.0015693023942923157,721,83636
722,0.001550541947613976,722,83752
723,0.0015223834182110652,723,83868
724,0.001485688271148311,724,83984
725,0.0014414340729469455,725,84100
726,0.0013907196568125335,726,84216
727,0.0013347664379781965,727,84332
728,0.0012749068447873713,728,84448
729,0.0012125562146560465,729,84564
730,0.0012057505032574412,730,84680
731,0.0012044168858457438,731,84796
732,0.0012008685838542643,732,84912
733,0.0011997360573311744,733,85028
734,0.0012184926230087434,734,85144
735,0.0012337810360962265,735,85260
736,0.001245235656383653,736,85376
737,0.0012525859454888821,737,85492
738,0.0012556309368522978,738,85608
739,0.0012542105112389457,739,85724
740,0.0012481770274451187,740,85840
741,0.001237371469536841,741,85956
742,0.0012216099596694951,742,86072
743,0.0012006882793585694,743,86188
744,0.0011744117450178115,744,86304
745,0.0011426528221988586,745,86420
746,0.0011054286694185123,746,86536
747,0.001062979260606528,747,86652
748,0.001015821172454412,748,86768
749,0.0009766273669903902,749,86884
750,0.0009604263161467064,750,87000
751,0.0009661298494124115,751,87116
752,0.0010064814133739497,752,87232
753,0.00103834692373872,753,87348
754,0.0010617143050294375,754,87464
755,0.0010767051943173511,755,87580
756,0.0010835534424815108,756,87696
757,0.0010825913975366641,757,87812
758,0.0011078695432947538,758,87928
759,0.0011340672250485795,759,88044
760,0.0011594164326721446,760,88160
761,0.0011838543134939095,761,88276
762,0.0012073204687121086,762,88392
763,0.0012297566252896242,763,88508
764,0.0012511068548527737,764,88624
765,0.001271317744111683,765,88740
766,0.001290337282883386,766,88856
767,0.0013081103076886258,767,88972
768,0.0013245672142548626,768,89088
769,0.001339601722543854,769,89204
770,0.0013530337693132,770,89320
771,0.001364557140137862,771,89436
772,0.0013736809387191462,772,89552
773,0.0013787486713186248,773,89668
774,0.0013791105549378346,774,89784
775,0.001375113483632645,775,89900
776,0.0013665463462712302,776,90016
777,0.0013515820229269004,777,90132
778,0.0013299792795063436,778,90248
779,0.0013019362213224084,779,90364
780,0.001268017115043707,780,90480
781,0.0012349185578629795,781,90596
782,0.0012442787776066055,782,90712
783,0.0012475619668096127,783,90828
784,0.0012451252722444905,784,90944
785,0.0012373845166868125,785,91060
786,0.0012247962166968274,786,91176
787,0.0012078466814891275,787,91292
788,0.00118704471705125,788,91408
789,0.0011629158529065653,789,91524
790,0.001136944484623953,790,91640
791,0.0011141040914286193,791,91756
792,0.0010898056647706267,792,91872
793,0.0010644146652320219,793,91988
794,0.0010382812828375887,794,92104
795,0.0010117357838186625,795,92220
796,0.0009850840727621268,796,92336
797,0.0009586038844426048,797,92452
798,0.0009325416666901842,798,92568
799,0.000907109852127358,799,92684
800,0.0008824838461108653,800,92800
801,0.0008587977290114013,801,92916
802,0.0008361375092800771,802,93032
803,0.0008145310075656775,803,93148
804,0.0007939344602943266,804,93264
805,0.0007953985736840752,805,93380
806,0.0008418814433062971,806,93496
807,0.0008835885964894596,807,93612
808,0.0009289434796367624,808,93728
809,0.000975788038644898,809,93844
810,0.0010162706222722473,810,93960
811,0.0010491383588987768,811,94076
812,0.0010862032256055976,812,94192
813,0.0011304429469443655,813,94308
814,0.0011713946855422264,814,94424
815,0.0012085754522804804,815,94540
816,0.0012416378207696643,816,94656
817,0.0012703312404430955,817,94772
818,0.0012944684032884235,818,94888
819,0.0013139004172423585,819,95004
820,0.0013285016176898812,820,95120
821,0.001338163493465272,821,95236
822,0.0013427967872895186,822,95352
823,0.0013423407955451827,823,95468
824,0.001336778882780304,824,95584
825,0.001326159047438047,825,95700
826,0.0013106179187327704,826,95816
827,0.0012904057613226938,827,95932
828,0.0012659089013047908,828,96048
829,0.0012376646051069085,829,96164
830,0.0012063622857758638,830,96280
831,0.0011728248029727883,831,96396
832,0.0011379655778732678,832,96512
833,0.0011027218879754996,833,96628
834,0.0010918422273203665,834,96744
835,0.0011214803883727031,835,96860
836,0.0011649276048611157,836,96976
837,0.0012015331455074163,837,97092
838,0.001230131169375176,838,97208
839,0.0012498249662599714,839,97324
840,0.0012600589758747505,840,97440
841,0.0012606705903054627,841,97556
842,0.0012519049669783289,842,97672
843,0.0012343840478399037,843,97788
844,0.001209033533589754,844,97904
845,0.0011769828637238633,845,98020
846,0.0011394592163722905,846,98136
847,0.0010976953870277806,847,98252
848,0.0010528640380740861,848,98368
849,0.0010060409876991583,849,98484
850,0.0009655937582302154,850,98600
851,0.0009300159918466944,851,98716
852,0.0008937581244192194,852,98832
853,0.0008573891759702523,853,98948
854,0.000821454385049103,854,99064
855,0.000786474586526642,855,99180
856,0.0007529465422433379,856,99296
857,0.0007213439673647015,857,99412
858,0.000712097947067114,858,99528
859,0.0007249498745371674,859,99644
860,0.0007544135107606653,860,99760
861,0.000793702850959338,861,99876
862,0.0008286726128972077,862,99992
863,0.0008585005925328404,863,100108
864,0.0008824214057568114,864,100224
865,0.0008997602253831005,865,100340
866,0.0009099885546497433,866,100456
867,0.000947557578178243,867,100572
868,0.0009897100002854153,868,100688
869,0.0010338885819276,869,100804
870,0.0010768945940126395,870,100920
871,0.0011184487343766925,871,101036
872,0.0011582617776697002,872,101152
873,0.0011960353084184694,873,101268
874,0.0012314627678844114,874,101384
875,0.0012638533958825027,875,101500
876,0.0012897609735494642,876,101616
877,0.001308498578311612,877,101732
878,0.0013197406363074926,878,101848
879,0.001323429784826441,879,101964
880,0.0013196916401615189,880,102080
881,0.001308777076078238,881,102196
882,0.0012910323879594954,882,102312
883,0.0012668901750054473,883,102428
884,0.0012368725161041039,884,102544
885,0.0012015988891889706,885,102660
886,0.0011617925429976972,886,102776
887,0.001118280327686877,887,102892
888,0.0010719825456972643,888,103008
889,0.0010238914626874984,889,103124
890,0.0009940779076446915,890,103240
891,0.0009968506888814732,891,103356
892,0.0009980976548129572,892,103472
893,0.0010165454425011544,893,103588
894,0.001036432500213208,894,103704
895,0.0010533011363174638,895,103820
896,0.0010667882912623328,896,103936
897,0.0010766080567077563,897,104052
898,0.0010825356739230518,898,104168
899,0.0010843895347744104,899,104284
900,0.0010820146965350164,900,104400
901,0.0010752715587982742,901,104516
902,0.0010640334319527711,902,104632
903,0.0010481961605154355,903,104748
904,0.0010277010122296815,904,104864
905,0.0010025684453675576,905,104980
906,0.000972936004661612,906,105096
907,0.0009390904826564461,907,105212
908,0.0009014846338855353,908,105328
909,0.0008607326325635045,909,105444
910,0.0008175845579434238,910,105560
911,0.000782726338818901,911,105676
912,0.0007756151953152435,912,105792
913,0.0008037327846186493,913,105908
914,0.0008285344413612727,914,106024
915,0.0008475127527508286,915,106140
916,0.0008607444960035127,916,106256
917,0.0008683722790641946,917,106372
918,0.0008802031584302095,918,106488
919,0.0009014241369241505,919,106604
920,0.0009224794367402034,920,106720
921,0.0009433107139800168,921,106836
922,0.0009638623545837888,922,106952
923,0.0009840806838777028,923,107068
924,0.0010039132581691756,924,107184
925,0.0010233080585200782,925,107300
926,0.0010422122404472045,926,107416
927,0.0010605698177323375,927,107532
928,0.0010783172743936698,928,107648
929,0.00109537565433393,929,107764
930,0.0011116373340261942,930,107880
931,0.0011269458183771341,931,107996
932,0.0011410682159034846,932,108112
933,0.0011536634986932526,933,108228
934,0.0011642557575435863,934,108344
935,0.0011720866068666569,935,108460
936,0.0011763530283551427,936,108576
937,0.0011769385284581269,937,108692
938,0.0011728156583968863,938,108808
939,0.0011635373049284359,939,108924
940,0.0011489294475187928,940,109040
941,0.001129099994581273,941,109156
942,0.0011043997050899368,942,109272
943,0.0010753602538952634,943,109388
944,0.0010426307157121728,944,109504
945,0.0010402188930446477,945,109620
946,0.0010422786887353819,946,109736
947,0.0010403544009640053,947,109852
948,0.0010346971240912661,948,109968
949,0.001025584821494091,949,110084
950,0.0010133181710152983,950,110200
951,0.0009982173734341404,951,110316
952,0.0009840471757580627,952,110432
953,0.0009702117007268363,953,110548
954,0.0009547797930491431,954,110664
955,0.0009379854900970208,955,110780
956,0.0009200631541488313,956,110896
957,0.0009012440393167676,957,111012
958,0.0008817525098594459,958,111128
959,0.0008618023587799173,959,111244
960,0.0008415934899222155,960,111360
961,0.0008213090452526828,961,111476
962,0.0008011128826444225,962,111592
963,0.0007811471452029428,963,111708
964,0.0007615295329016225,964,111824
965,0.0007423498363301473,965,111940
966,0.0007236653951081529,966,112056
967,0.0007054955001007668,967,112172
968,0.0006878154679051118,968,112288
969,0.0006801367212808662,969,112404
970,0.0007056965125711578,970,112520
971,0.0007387310224623578,971,112636
972,0.000767154331461628,972,112752
973,0.0008041329177043144,973,112868
974,0.000837220144632167,974,112984
975,0.0008647774618279758,975,113100
976,0.0009016784691874002,976,113216
977,0.0009376296846803911,977,113332
978,0.0009715475711493948,978,113448
979,0.0010030305352076996,979,113564
980,0.001031762970523764,980,113680
981,0.0010574977352887094,981,113796
982,0.0010800383597044105,982,113912
983,0.0010992238234254492,983,114028
984,0.0011149173401483747,984,114144
985,0.0011269996616410927,985,114260
986,0.0011353669141808131,986,114376
987,0.0011399327469063247,987,114492
988,0.0011406344513762712,988,114608
989,0.0011374425952737355,989,114724
990,0.0011303735308913765,990,114840
991,0.0011195038450398653,991,114956
992,0.001104985380962098,992,115072
993,0.0010870588817478155,993,115188
994,0.0010660636426828296,994,115304
995,0.0010424400040772719,995,115420
996,0.0010167214077098918,996,115536
997,0.0009895135131288701,997,115652
998,0.0009614598465488011,998,115768
999,0.0009460467082912372,999,115884
1000,0.0009376166469940161,1000,116000
