step,GoofSpiel3/conv,GoofSpiel3/iters,GoofSpiel3/nodes_touched,GoofSpiel3/tau,GoofSpiel3/alpha,GoofSpiel3/beta,GoofSpiel3/gamma
0,0.6666666666666666,0,0,,,,
1,0.6666666666666666,1,134,1,1.0224879191439482,-0.8825253571253122,4.9972556300742
2,0.1414447885604052,2,268,1,1.0255333535840228,-0.8838958880641179,4.997224649023956
3,0.016926883123355354,3,402,1,0.9627525753744601,-0.8960646425302452,4.997659271284914
4,0.003595548772453757,4,536,1,0.8789980765786716,-0.9229320375840235,4.998158278317758
5,0.001056681530196626,5,670,1,0.8200352001156122,-0.948682167561826,4.998443767393396
6,0.00038332803903718917,6,804,1,0.7755786789919563,-0.9727373278470166,4.998629606230767
7,0.00016126204236863704,7,938,1,0.7404334415702754,-0.9957027209259883,4.998759606480903
8,7.573518157619542e-05,8,1072,1,0.7118064159038997,-1.0175737749311242,4.998855877307728
9,3.872724611972598e-05,9,1206,1,0.687780147629895,-1.0386206414498922,4.998929753049973
10,2.1192035371124696e-05,10,1340,1,0.6670768657684512,-1.0586972601230349,4.998987704028792
11,1.2255741835908895e-05,11,1474,1,0.6489605637426632,-1.0779295320782436,4.99903416935713
12,7.421123815500671e-06,12,1608,1,0.6331679728097039,-1.0964269978897963,4.9990719110081105
13,4.671559861691386e-06,13,1742,1,0.6194251974440144,-1.114285475922492,4.99910286384025
14,3.0400975739892065e-06,14,1876,1,0.6073621231481403,-1.1316012267941897,4.999128511687354
15,2.0361430313498185e-06,15,2010,1,0.596696355066777,-1.1484494309151718,4.999149925290876
16,1.3984680579076643e-06,16,2144,1,0.587208088182334,-1.16489001653258,4.9991678972894595
17,9.82037664756584e-07,17,2278,1,0.5787232785377503,-1.1809715906543585,4.9991830273582
18,7.033308950686252e-07,18,2412,1,0.5711020494317025,-1.1967341707475507,4.999195777771167
19,5.12675600967459e-07,19,2546,1,0.5642305060825197,-1.2122111324878315,4.999206510742757
20,3.796722624002685e-07,20,2680,1,0.5580143891230209,-1.2274276240780795,4.999215515836336
21,2.8523347227483664e-07,21,2814,1,0.5523670489647898,-1.2423482705848496,4.999223056974784
22,2.1709496013697083e-07,22,2948,1,0.5472209277763662,-1.2569768182810686,4.999229330227921
23,1.6721037402616544e-07,23,3082,1,0.5425219742244181,-1.2713384116811535,4.99923448525322
24,1.3019952899283384e-07,24,3216,1,0.5382240225811241,-1.2854549611745176,4.9992386463653995
25,1.0240207930483108e-07,25,3350,1,0.5342873711856664,-1.2993456831879975,4.999241917657813
26,8.128785889649822e-08,26,3484,1,0.5306808179608455,-1.3129978614508941,4.999244428118713
27,6.508215414766287e-08,27,3618,1,0.5273780960342622,-1.3263903325171151,4.999246301166609
28,5.2523214168023724e-08,28,3752,1,0.5243521482044688,-1.3395422208286127,4.99924759212394
29,4.27026898473206e-08,29,3886,1,0.5215785863103795,-1.3524766914184925,4.999248348122444
30,3.4959005068485863e-08,30,4020,1,0.5190364434717853,-1.3652093287902665,4.999248610210587
31,2.8805070561740357e-08,31,4154,1,0.5167075838479445,-1.3777503612803055,4.999248423008902
32,2.3878620446183664e-08,32,4288,1,0.5145815729458962,-1.3901089235711526,4.9992478309399235
33,1.9907663486027913e-08,33,4422,1,0.512644163615755,-1.4022957916336294,4.9992468602779025
34,1.6686167152124707e-08,34,4556,1,0.5108815193442309,-1.4143206233299785,4.9992455337485495
35,1.405675562353318e-08,35,4690,1,0.509281213226445,-1.4261922524738626,4.999243871417444
36,1.1898271516675646e-08,36,4824,1,0.5078319324855551,-1.4379187900317623,4.999241891054993
37,1.0116747296693676e-08,37,4958,1,0.5065202085393692,-1.4495081181904763,4.9992396087982325
38,8.638791706022403e-09,38,5092,1,0.5053333517888245,-1.4609688540761243,4.9992370395582855
39,7.406703366470779e-09,39,5226,1,0.504263291044188,-1.4723074522323518,4.999234195786821
40,6.374830988745946e-09,40,5360,1,0.5033029376722626,-1.4835296250342036,4.999231088475145
41,5.506841170167158e-09,41,5494,1,0.5024458117558384,-1.494640673505386,4.999227727428313
42,4.773652411827148e-09,42,5628,1,0.5016859768329993,-1.50564552629611,4.9992241213980515
43,4.1518620076718185e-09,43,5762,1,0.5010173363913739,-1.51654715397857,4.999220280865923
44,3.622540276561069e-09,44,5896,1,0.5004342756605897,-1.5273483280496931,4.999216215309257
45,3.1703005185039164e-09,45,6030,1,0.4999316435681007,-1.5380530360641422,4.999211927294644
46,2.7825773234414243e-09,46,6164,1,0.4995042145374873,-1.548664875009348,4.999207416306377
47,2.4490633363588103e-09,47,6298,1,0.4991481815547285,-1.5591875317014035,4.999202687501903
48,2.161267272562259e-09,48,6432,1,0.4988600381043793,-1.5696244715453833,4.9991977455797
49,1.9121652582385127e-09,49,6566,1,0.4986365298039339,-1.5799789502143313,4.999192594703857
50,1.695924406643494e-09,50,6700,1,0.49847463172653095,-1.5902540303858692,4.999187238552375
51,1.5076826072325975e-09,51,6834,1,0.4983715281652419,-1.600452596828652,4.99918168035982
52,1.3433722849224078e-09,52,6968,1,0.49832459453424427,-1.610577370031019,4.999175922955063
53,1.1995787234750013e-09,53,7102,1,0.49833138114525743,-1.6206309185384975,4.9991699687947655
54,1.073425688384541e-09,54,7236,1,0.4983895986339073,-1.6306156701448964,4.999163819993133
55,9.624827101100178e-10,55,7370,1,0.4984971048413467,-1.640533922063113,4.999157478348412
56,8.646896289518628e-10,56,7504,1,0.4986518929825263,-1.6503878501857983,4.999150945366532
57,7.782949543870272e-10,57,7638,1,0.49885208095462863,-1.6601795175323968,4.999144222282228
58,7.018053251792424e-10,58,7772,1,0.499095901658114,-1.6699108819672426,4.99913731007795
59,6.33943924722087e-10,59,7906,1,0.49938169288234757,-1.6795834698968928,4.999130209708028
60,5.736161481566252e-10,60,8040,1,0.4997078768700356,-1.68919516071372,4.999122924134233
61,5.198811633381606e-10,61,8174,1,0.500072979023519,-1.6987465574766172,4.999115454403342
62,4.719282789335618e-10,62,8308,1,0.5004756138985482,-1.7082393058019956,4.99910780067793
63,4.290572466988206e-10,63,8442,1,0.5009144831830878,-1.717674927488918,4.99909996297052
64,3.9066179414802104e-10,64,8576,1,0.5013883553795575,-1.7270549016250674,4.9990919411083725
65,3.5621581820474177e-10,65,8710,1,0.5018960616096186,-1.7363806659141934,4.999083734743749
66,3.2526177757682195e-10,66,8844,1,0.5024364962681402,-1.7456535935040993,4.9990753433779815
67,2.9740090733860536e-10,67,8978,1,0.50300934771804,-1.7548677214669473,4.999066776440024
68,2.722849480723628e-10,68,9112,1,0.5036149219603316,-1.7640114155093842,4.9990580513283
69,2.4960913741205257e-10,69,9246,1,0.5042522715565818,-1.7730858796762856,4.999049167733919
70,2.2910625667088278e-10,70,9380,1,0.5049204731582981,-1.7820925185101877,4.9990401248991105
71,2.105415616276932e-10,71,9514,1,0.505614299262739,-1.7910151651575288,4.999030913880761
72,1.9370845613951953e-10,72,9648,1,0.506327369348589,-1.7998327113634711,4.9990215231340045
73,1.7842479139862456e-10,73,9782,1,0.5070592306811843,-1.8085476650662908,4.999011951819686
74,1.645296934228825e-10,74,9916,1,0.5078094789774488,-1.8171625479978437,4.999002199049347
75,1.5188083758461135e-10,75,10050,1,0.5085777286082152,-1.8256797855068139,4.998992263836267
76,1.403521023317646e-10,76,10184,1,0.5093636115579658,-1.834101711376359,4.9989821450990926
77,1.2983154527043867e-10,77,10318,1,0.5101667764554116,-1.842430572344282,4.998971841665131
78,1.2021965389065708e-10,78,10452,1,0.5109868876692405,-1.850668532347572,4.998961352273362
79,1.1142783077594327e-10,79,10586,1,0.5118236244639065,-1.8588176765112125,4.998950675577158
80,1.0337707942195796e-10,80,10720,1,0.5126766802107576,-1.8668800148996316,4.998939810146768
81,9.599686202769353e-11,81,10854,1,0.5135457616502734,-1.8748574860475395,4.998928754471564
82,8.922410499887218e-11,82,10988,1,0.5144304758201246,-1.8827518861495958,4.998917507455475
83,8.300233156762366e-11,83,11122,1,0.5153302722056701,-1.890564834715521,4.998906068693987
84,7.72809040078617e-11,84,11256,1,0.5162448951750571,-1.8982980763916097,4.9988944364853864
85,7.201436051183916e-11,85,11390,1,0.5171741141898014,-1.905953305910677,4.998882608991041
86,6.716183397332409e-11,86,11524,1,0.5181177082811994,-1.9135321608299918,4.998870584302053
87,6.268654176384756e-11,87,11658,1,0.5190754655914034,-1.921036224047549,4.998858360440336
88,5.855533714643726e-11,88,11792,1,0.5200470223841138,-1.9284673874332523,4.998845935789346
89,5.473831429217303e-11,89,11926,1,0.5210302033073342,-1.9358315861028688,4.998833313597589
90,5.1208459987853214e-11,90,12060,1,0.5220242511128383,-1.943131515230065,4.9988204933436275
91,4.794134607773997e-11,91,12194,1,0.5230288122702458,-1.9503687006693486,4.998807472540875
92,4.491485749689206e-11,92,12328,1,0.5240440941000606,-1.9575479702003635,4.9987942539312895
93,4.210895144972001e-11,93,12462,1,0.5250699013020843,-1.9646775018385934,4.998780850714963
94,3.950544388352532e-11,94,12596,1,0.5261028747658647,-1.9717542260961927,4.998767271188454
95,3.708781991670628e-11,95,12730,1,0.527142697469767,-1.978778743651345,4.998753514015519
96,3.4841065319344876e-11,96,12864,1,0.5281892967544879,-1.9857519480232129,4.998739577106876
97,3.275151652127302e-11,97,12998,1,0.5292426022387975,-1.9926747063688897,4.998725458338938
98,3.0806726947536954e-11,98,13132,1,0.5303025457292643,-1.9995478604974697,4.9987111555536075
99,2.899534776142043e-11,99,13266,1,0.5313690611343558,-2.0063722278357985,4.998696666558056
100,2.7307021337360915e-11,100,13400,1,0.5324420843826783,-2.0131486023485805,4.998681989124486
101,2.5732285995685012e-11,101,13534,1,0.533521553345113,-2.019877755415485,4.998667120989877
102,2.4262490712752503e-11,102,13668,1,0.5346074077606155,-2.026560436667614,4.998652059855718
103,2.2889718677781638e-11,103,13802,1,0.5356995891654914,-2.033197374785553,4.998636803387724
104,2.1606718704691655e-11,104,13936,1,0.5367980408259478,-2.0397892782611855,4.998621349215538
105,2.040684362660411e-11,105,14070,1,0.5379027076737277,-2.046336836125137,4.998605694932422
106,1.9283994904634812e-11,106,14204,1,0.5390135362446742,-2.0528407186417956,4.998589838094929
107,1.8232572773370306e-11,107,14338,1,0.5401304746200646,-2.0593015779735446,4.998573776222565
108,1.7247431324743236e-11,108,14472,1,0.5412534723705535,-2.0657200488159075,4.99855750679744
109,1.6323838001431592e-11,109,14606,1,0.5423824805025992,-2.0720967490050657,4.998541027263906
110,1.5457437031722096e-11,110,14740,1,0.5435174514072307,-2.078432280099232,4.998524335028174
111,1.4644216391128447e-11,111,14874,1,0.5446583388110515,-2.0847272279351854,4.998507427457931
112,1.3880477922913862e-11,112,15008,1,0.5458050977293394,-2.090982163161253,4.998490301881941
113,1.3162810290873527e-11,113,15142,1,0.546957684421151,-2.0971976417479135,4.998472955589627
114,1.2488064474010198e-11,114,15276,1,0.5481160563463314,-2.1033742054771682,4.998455385830648
115,1.1853331544711953e-11,115,15410,1,0.5492801721243197,-2.1095123824116997,4.998437589814469
116,1.1255922500256421e-11,116,15544,1,0.5504499914946668,-2.115612687344836,4.998419564709908
117,1.069334994239108e-11,117,15678,1,0.5516254752791896,-2.121675622232247,4.998401307644678
118,1.0163311421781749e-11,118,15812,1,0.55280658582299,-2.127701684050188,4.998382815684142
119,9.663674283637036e-12,119,15946,1,0.5539932963565137,-2.1336915067112963,4.998364085429659
120,9.192461868105646e-12,120,16080,1,0.5551855757509003,-2.1396456170822016,4.998345113690958
121,8.747840934389774e-12,121,16214,1,0.5563833898669333,-2.145564467638637,4.998325897408263
122,8.32811019114267e-12,122,16348,1,0.5575867054599386,-2.151448499961023,4.998306433477685
123,7.931689827830173e-12,123,16482,1,0.5587954746021115,-2.1572986919762958,4.998286718263003
124,7.557111952518921e-12,124,16616,1,0.5600095474401536,-2.1631196186168515,4.9982667448093
125,7.20301185112414e-12,125,16750,1,0.5612288696112162,-2.1689125020023834,4.998246508997179
126,6.86811999173819e-12,126,16884,1,0.5624534122909062,-2.1746776826144316,4.9982260074279505
127,6.551254705289201e-12,127,17018,1,0.5636832576924435,-2.180415603206736,4.998205236897426
128,6.2513154805904116e-12,128,17152,1,0.5649199940175804,-2.1861282022300514,4.998184197531755
129,5.9672768179601976e-12,129,17286,1,0.5661641168850851,-2.191816306979755,4.998162887078933
130,5.698182591027846e-12,130,17420,1,0.567415585331263,-2.197480198052442,4.9981413020576575
131,5.443140871227955e-12,131,17554,1,0.5686743596480239,-2.2031201492772947,4.998119438937374
132,5.201319173869084e-12,132,17688,1,0.5699404013435618,-2.2087364279163837,4.998097294137644
133,4.9719400885910496e-12,133,17822,1,0.5712136869404458,-2.2143293270839233,4.998074864061142
134,4.754277260547208e-12,134,17956,1,0.5724956113673163,-2.2199024329289347,4.998052148539941
135,4.5476516918322034e-12,135,18090,1,0.5737870833683525,-2.225458205195082,4.9980291462671875
136,4.35142833551758e-12,136,18224,1,0.5750880550231117,-2.230996840826739,4.998005853590467
137,4.165012957218195e-12,137,18358,1,0.5763984812191871,-2.236518526065836,4.997982266815344
138,3.9878492414279e-12,138,18492,1,0.5777183184648202,-2.2420234426914636,4.997958382197337
139,3.819416121946114e-12,139,18626,1,0.5790475248402118,-2.24751176814429,4.9979341959412515
140,3.659225317596131e-12,140,18760,1,0.580386059950686,-2.2529836756467265,4.997909704200526
141,3.5068190561326577e-12,141,18894,1,0.5817338848816156,-2.258439334319067,4.997884903076546
142,3.3617679707689184e-12,142,19028,1,0.5830909621550293,-2.263878909291719,4.997859788617962
143,3.223669155139578e-12,143,19162,1,0.5844572556878362,-2.2693025618137157,4.9978343568199906
144,3.0921443637697512e-12,144,19296,1,0.5858327448825864,-2.274710515872596,4.997808603552565
145,2.9668383462556334e-12,145,19430,1,0.5872174101723429,-2.2801029899987,4.9977825246294145
146,2.847417304391044e-12,146,19564,1,0.5886112187425752,-2.285480130556114,4.9977561158804376
147,2.7335674624070316e-12,147,19698,1,0.590014139040794,-2.2908420805282734,4.997729373079153
148,2.6249937413379555e-12,148,19832,1,0.5914261407412758,-2.296188979607484,4.997702291941947
149,2.521418529295784e-12,149,19966,1,0.592847194710935,-2.3015209642809547,4.9976748681273095
150,2.422580540132465e-12,150,20100,1,0.5942772729763952,-2.30683816791412,4.997647097235058
151,2.328233753604842e-12,151,20234,1,0.5957163486922146,-2.3121407208313314,4.997618974805551
152,2.238146430733951e-12,152,20368,1,0.597164396110238,-2.3174287503940683,4.997590496318894
153,2.152100198576034e-12,153,20502,1,0.5986213905500004,-2.322702381076699,4.997561657194122
154,2.0698891991013322e-12,154,20636,1,0.6000873083701543,-2.3279617345399295,4.997532452788383
155,1.991319297312974e-12,155,20770,1,0.6015621269408864,-2.3332069297019977,4.997502878396101
156,1.9162073441364846e-12,156,20904,1,0.6030454853923082,-2.338438338380203,4.9974729285750525
157,1.8443804899731397e-12,157,21038,1,0.6045366285908991,-2.343656625087102,4.997442597000193
158,1.7756755451409408e-12,158,21172,1,0.6060355142027782,-2.3488619133110418,4.997411878663215
159,1.7099383837316317e-12,159,21306,1,0.6075421260423579,-2.3540543049715454,4.9973807685380995
160,1.6470233876883277e-12,160,21440,1,0.609056448616778,-2.359233899677581,4.997349261530219
161,1.5867929281615051e-12,161,21574,1,0.610578467108156,-2.3644007947842187,4.997317352475386
162,1.5291168814328627e-12,162,21708,1,0.6121081673564077,-2.3695550854476197,4.997285036138909
163,1.4738721769087842e-12,163,21842,1,0.6136455358426276,-2.3746968646784383,4.997252307214616
164,1.4209423748795575e-12,164,21976,1,0.6151905596729892,-2.3798262233936773,4.997219160323875
165,1.3702172719187327e-12,165,22110,1,0.6167432265631614,-2.384943250467072,4.997185590014598
166,1.321592531960474e-12,166,22244,1,0.6183035248232165,-2.3900480327780227,4.9971515907602235
167,1.2749693412427715e-12,167,22378,1,0.6198714433430044,-2.3951406552591474,4.997117156958694
168,1.2302540854421088e-12,168,22512,1,0.6214469715779833,-2.400221200942512,4.9970822829314105
169,1.1873580474516995e-12,169,22646,1,0.623030099535492,-2.405289751004537,4.997046962922175
170,1.146197124371712e-12,170,22780,1,0.6246208177614399,-2.410346384809681,4.997011191096114
171,1.1066915623868137e-12,171,22914,1,0.6262191173273977,-2.4153911799529055,4.996974961538591
172,1.0687657083047549e-12,172,23048,1,0.6278249898180923,-2.4204242123009734,4.996938268254104
173,1.0323477766202789e-12,173,23182,1,0.6294384273192597,-2.4254455560326154,4.996901105165156
174,1e-12,174,23316,1,0.6310594224058792,-2.430455283677607,4.996863466111118
175,1e-12,175,23450,1,0.6327235130076363,-2.4352937518806828,4.996824917708457
176,1e-12,176,23584,1,0.634822734044532,-2.438201632107423,4.996780660345889
177,1e-12,177,23718,1,0.6369279866634792,-2.4411088908067047,4.996735771769522
178,1e-12,178,23852,1,0.6390392821537869,-2.444015505665985,4.996690242739234
179,1e-12,179,23986,1,0.6411566317847877,-2.4469214543488644,4.996644063875788
180,1e-12,180,24120,1,0.6432800468054949,-2.4498267144954466,4.996597225658669
181,1e-12,181,24254,1,0.6454095384442513,-2.452731263722683,4.996549718423894
182,1e-12,182,24388,1,0.6475451179083795,-2.4556350796247415,4.996501532361792
183,1e-12,183,24522,1,0.6496867963838349,-2.4585381397733537,4.996452657514739
184,1e-12,184,24656,1,0.6518345850348441,-2.461440421718157,4.996403083774863
185,1e-12,185,24790,1,0.6539884950035573,-2.4643419029870834,4.996352800881713
186,1e-12,186,24924,1,0.6561485374096854,-2.4672425610866737,4.996301798419886
187,1e-12,187,25058,1,0.6583147233501474,-2.4701423735024637,4.99625006581662
188,1e-12,188,25192,1,0.6604870638987028,-2.473041317699328,4.996197592339343
189,1e-12,189,25326,1,0.6626655701055963,-2.4759393711218327,4.996144367093201
190,1e-12,190,25460,1,0.6648502529971891,-2.4788365111945927,4.996090379018515
191,1e-12,191,25594,1,0.6670411235755946,-2.4817327153226336,4.996035616888227
192,1e-12,192,25728,1,0.6692381928183133,-2.4846279608917317,4.995980069305292
193,1e-12,193,25862,1,0.6714414716778585,-2.4875222252687874,4.995923724700022
194,1e-12,194,25996,1,0.6736509710813912,-2.490415485802163,4.995866571327409
195,1e-12,195,26130,1,0.6758667019303435,-2.493307719822044,4.995808597264375
196,1e-12,196,26264,1,0.6780886751000448,-2.4961989046408037,4.995749790407011
197,1e-12,197,26398,1,0.6803169014393484,-2.499089017553342,4.995690138467738
198,1e-12,198,26532,1,0.6825513917702508,-2.501978035837442,4.995629628972457
199,1e-12,199,26666,1,0.6847921568875128,-2.5048659367541313,4.995568249257621
200,1e-12,200,26800,1,0.6870392075582799,-2.507752697548026,4.995505986467284
201,1e-12,201,26934,1,0.6892925545216966,-2.5106382954476967,4.995442827550092
202,1e-12,202,27068,1,0.6915522084885248,-2.513522707666005,4.995378759256225
203,1e-12,203,27202,1,0.6938181801407552,-2.516405911400469,4.995313768134295
204,1e-12,204,27336,1,0.6960904801312207,-2.5192878838336084,4.995247840528193
205,1e-12,205,27470,1,0.698369119083204,-2.5221686021332905,4.995180962573878
206,1e-12,206,27604,1,0.7006541075900512,-2.5250480434530975,4.995113120196126
207,1e-12,207,27738,1,0.7029454562147737,-2.527926184932666,4.995044299105221
208,1e-12,208,27872,1,0.7052431754896578,-2.5308030036980314,4.994974484793591
209,1e-12,209,28006,1,0.7075472759158603,-2.5336784768619864,4.994903662532392
210,1e-12,210,28140,1,0.7098577679630207,-2.5365525815244285,4.9948318173680395
211,1e-12,211,28274,1,0.7121746620688567,-2.539425294772709,4.99475893411868
212,1e-12,212,28408,1,0.7144979686387587,-2.5422965936819715,4.994684997370609
213,1e-12,213,28542,1,0.7168276980453947,-2.5451664553155133,4.994609991474626
214,1e-12,214,28676,1,0.719163860628298,-2.548034856725114,4.994533900542342
215,1e-12,215,28810,1,0.7215064666934647,-2.550901774951399,4.994456708442414
216,1e-12,216,28944,1,0.7238555265129445,-2.553767187024166,4.994378398796727
217,1e-12,217,29078,1,0.7262110503244334,-2.5566310699627466,4.994298954976519
218,1e-12,218,29212,1,0.7285730483308586,-2.5594934007763377,4.994218360098425
219,1e-12,219,29346,1,0.7309415306999663,-2.562354156464343,4.99413659702048
220,1e-12,220,29480,1,0.7333165075639079,-2.565213314016721,4.9940536483380455
221,1e-12,221,29614,1,0.7356979890188247,-2.5680708504143217,4.99396949637967
222,1e-12,222,29748,1,0.7380859851244286,-2.5709267426292244,4.99388412320288
223,1e-12,223,29882,1,0.7404805059035822,-2.57378096762508,4.993797510589923
224,1e-12,224,30016,1,0.7428814001601478,-2.576634067285009,4.993709636427864
225,1e-12,225,30150,1,0.7452884331971772,-2.579486869029194,4.993620476260482
226,1e-12,226,30284,1,0.7477016088474284,-2.58233935935265,4.993530010560278
227,1e-12,227,30418,1,0.7501209338764738,-2.5851915157782455,4.9934382195516775
228,1e-12,228,30552,1,0.7525465024772453,-2.588043168088308,4.993345084109494
229,1e-12,229,30686,1,0.7549782344527745,-2.5908940757864514,4.993250584902903
230,1e-12,230,30820,1,0.75741611597436,-2.5937442031596896,4.993154701330757
231,1e-12,231,30954,1,0.7598601914917387,-2.5965935441180306,4.993057412187624
232,1e-12,232,31088,1,0.7623107394476736,-2.5994421905377023,4.992958694419009
233,1e-12,233,31222,1,0.7647678208127995,-2.6022901409859895,4.99285852597658
234,1e-12,234,31356,1,0.7672314388127219,-2.6051373521091508,4.992756884870669
235,1e-12,235,31490,1,0.7697016001671844,-2.6079837940812958,4.992653748720397
236,1e-12,236,31624,1,0.7721783135461395,-2.610829444630981,4.992549094766309
237,1e-12,237,31758,1,0.7746615875716314,-2.613674281464802,4.992442899890483
238,1e-12,238,31892,1,0.7771514308173324,-2.6165182822677235,4.992335140610701
239,1e-12,239,32026,1,0.7796478518080812,-2.6193614247034263,4.992225793074535
240,1e-12,240,32160,1,0.7821508590194304,-2.6222036864146454,4.992114833053321
241,1e-12,241,32294,1,0.7846604608771746,-2.625045045023509,4.992002235936036
242,1e-12,242,32428,1,0.7871766657568888,-2.6278854781318772,4.991887976723076
243,1e-12,243,32562,1,0.7896994819834675,-2.630724963321694,4.991772030019929
244,1e-12,244,32696,1,0.792228917830651,-2.6335634781553154,4.9916543700307425
245,1e-12,245,32830,1,0.7947649815205635,-2.636401000175853,4.991534970551781
246,1e-12,246,32964,1,0.7973076812232356,-2.6392375069075067,4.99141380496478
247,1e-12,247,33098,1,0.7998570221637136,-2.6420729481321135,4.991290846471927
248,1e-12,248,33232,1,0.8024129018026236,-2.6449062445244054,4.991166076971566
249,1e-12,249,33366,1,0.804975270758608,-2.647736836095846,4.991039473828628
250,1e-12,250,33500,1,0.8075441358329236,-2.6505647034999544,4.990911009340937
251,1e-12,251,33634,1,0.8101195037688058,-2.653389827405126,4.9907806553761445
252,1e-12,252,33768,1,0.8127013812510084,-2.6562121884948526,4.990648383364887
253,1e-12,253,33902,1,0.8152897749053318,-2.6590317674679094,4.9905141642938275
254,1e-12,254,34036,1,0.8178846912981546,-2.66184854503858,4.990377968698596
255,1e-12,255,34170,1,0.8204861369359626,-2.6646625019368377,4.990239766656603
256,1e-12,256,34304,1,0.823094118264881,-2.6674736189085566,4.990099527779746
257,1e-12,257,34438,1,0.8257086416701971,-2.670281876715711,4.989957221206993
258,1e-12,258,34572,1,0.8283297134758913,-2.6730872561365513,4.989812815596851
259,1e-12,259,34706,1,0.8309573399441637,-2.675889737965824,4.9896662791197075
260,1e-12,260,34840,1,0.8335915272749577,-2.678689303014945,4.989517579450052
261,1e-12,261,34974,1,0.8362322816054848,-2.6814859321121913,4.98936668375857
262,1e-12,262,35108,1,0.838879609009753,-2.6842796061028866,4.98921355870411
263,1e-12,263,35242,1,0.8415335154980808,-2.6870703058496006,4.989058170425521
264,1e-12,264,35376,1,0.8441940070166323,-2.689858012232309,4.988900484533357
265,1e-12,265,35510,1,0.8468610894469282,-2.692642706148587,4.988740466101449
266,1e-12,266,35644,1,0.8495347686053694,-2.6954243685137884,4.9885780796583425
267,1e-12,267,35778,1,0.8522150502427657,-2.6982029802612235,4.988413289178588
268,1e-12,268,35912,1,0.854901940043842,-2.700978522342319,4.988246058073906
269,1e-12,269,36046,1,0.8575954436267705,-2.703750975726808,4.988076349184194
270,1e-12,270,36180,1,0.8602955665426775,-2.7065203214028855,4.987904124768399
271,1e-12,271,36314,1,0.863002314275171,-2.7092865403773825,4.987729346495237
272,1e-12,272,36448,1,0.8657156922398537,-2.712049613675938,4.987551975433769
273,1e-12,273,36582,1,0.8684357057838377,-2.714809522343143,4.987371972043816
274,1e-12,274,36716,1,0.871162360185266,-2.7175662474427176,4.987189296166226
275,1e-12,275,36850,1,0.8738956606528248,-2.720319770057663,4.987003907012985
276,1e-12,276,36984,1,0.8766356123252583,-2.7230700712904174,4.986815763157166
277,1e-12,277,37118,1,0.8793822202708861,-2.7258171322630185,4.986624822522712
278,1e-12,278,37252,1,0.8821354894871147,-2.7285609341172363,4.986431042374065
279,1e-12,279,37386,1,0.884895424899953,-2.731301458014735,4.986234379305617
280,1e-12,280,37520,1,0.8876620313635266,-2.734038685137222,4.986034789231001
281,1e-12,281,37654,1,0.890435313659588,-2.7367725966865892,4.985832227372201
282,1e-12,282,37788,1,0.8932152764970325,-2.7395031738850464,4.9856266482484966
283,1e-12,283,37922,1,0.8960019245114059,-2.7422303979752667,4.985418005665216
284,1e-12,284,38056,1,0.8987952622644233,-2.7449542502205393,4.985206252702324
285,1e-12,285,38190,1,0.9015952942434766,-2.7476747119048714,4.984991341702816
286,1e-12,286,38324,1,0.9044020248611444,-2.7503917643331492,4.98477322426093
287,1e-12,287,38458,1,0.907215458454707,-2.7531053888312558,4.9845518512101705
288,1e-12,288,38592,1,0.910035599285655,-2.7558155667461937,4.984327172611132
289,1e-12,289,38726,1,0.9128624515392008,-2.7585222794462245,4.984099137739143
290,1e-12,290,38860,1,0.9156960193237902,-2.7612255083209742,4.983867695071696
291,1e-12,291,38994,1,0.918536208109916,-2.7639250263840336,4.983632794680831
292,1e-12,292,39128,1,0.9213828873750254,-2.766620533118314,4.983394386818354
293,1e-12,293,39262,1,0.9242360589656828,-2.769312009571778,4.983152417751578
294,1e-12,294,39396,1,0.9270957253988037,-2.7719994384029256,4.982906832886594
295,1e-12,295,39530,1,0.9299618891131107,-2.7746828022948637,4.982657576772875
296,1e-12,296,39664,1,0.9328345524687047,-2.777362083955357,4.982404593089635
297,1e-12,297,39798,1,0.9357137177466384,-2.7800372661168757,4.982147824631961
298,1e-12,298,39932,1,0.9385993871484775,-2.7827083315366057,4.981887213296744
299,1e-12,299,40066,1,0.9414915627958758,-2.7853752629965136,4.981622700068362
300,1e-12,300,40200,1,0.9443902467301446,-2.7880380433033585,4.981354225004162
301,1e-12,301,40334,1,0.9472954409118208,-2.790696655288727,4.981081727219686
302,1e-12,302,40468,1,0.9502071472202445,-2.7933510818090586,4.98080514487369
303,1e-12,303,40602,1,0.9531253674531204,-2.7960013057456683,4.980524415152906
304,1e-12,304,40736,1,0.956050103326094,-2.798647310004773,4.980239474256568
305,1e-12,305,40870,1,0.9589813564723304,-2.8012890775174983,4.979950257380705
306,1e-12,306,41004,1,0.9619191284420774,-2.8039265912399016,4.979656698702168
307,1e-12,307,41138,1,0.9648634207022433,-2.806559834152984,4.979358731362423
308,1e-12,308,41272,1,0.9678142346359726,-2.8091887892626906,4.979056287451075
309,1e-12,309,41406,1,0.9707715715422205,-2.811813439599935,4.978749297989145
310,1e-12,310,41540,1,0.9737354326353214,-2.8144337682205838,4.978437692912072
311,1e-12,311,41674,1,0.9767058190445776,-2.8170497582054708,4.978121401052461
312,1e-12,312,41808,1,0.9796827318138213,-2.8196613926603877,4.97780035012255
313,1e-12,313,41942,1,0.9826661719010032,-2.8222686547160816,4.977474466696407
314,1e-12,314,42076,1,0.9856561386010578,-2.824871526234499,4.977143676167389
315,1e-12,315,42210,1,0.9886526229573596,-2.8274699824603227,4.976807902625467
316,1e-12,316,42344,1,0.9916556239301428,-2.8300640053211557,4.976467069088203
317,1e-12,317,42478,1,0.9946651420501267,-2.832653578136589,4.976121097386301
318,1e-12,318,42612,1,0.9976811777601862,-2.835238684251192,4.9757699081188775
319,1e-12,319,42746,1,1.0007037314149305,-2.837819307034489,4.975413420633929
320,1e-12,320,42880,1,1.0037328032802955,-2.8403954298809264,4.975051553008487
321,1e-12,321,43014,1,1.0067683935331315,-2.8429670362098554,4.9746842220284755
322,1e-12,322,43148,1,1.009810502260796,-2.845534109465491,4.97431134316825
323,1e-12,323,43282,1,1.0128591294607423,-2.8480966331168855,4.9739328305698205
324,1e-12,324,43416,1,1.0159142750401156,-2.8506545906578826,4.973548597021756
325,1e-12,325,43550,1,1.0189759088235575,-2.853207963407111,4.973158554629926
326,1e-12,326,43684,1,1.0220436452714943,-2.855756706735755,4.972762622438777
327,1e-12,327,43818,1,1.0251173632023116,-2.8583007956243467,4.972360712266228
328,1e-12,328,43952,1,1.0281970580987907,-2.860840213664857,4.971952731844453
329,1e-12,329,44086,1,1.031282725346011,-2.863374944474118,4.971538587459246
330,1e-12,330,44220,1,1.0343743602310995,-2.8659049716937606,4.9711181839273495
331,1e-12,331,44354,1,1.037471957942973,-2.8684302789901475,4.970691424573456
332,1e-12,332,44488,1,1.040575513572081,-2.8709508500543177,4.970258211206845
333,1e-12,333,44622,1,1.0436850221101586,-2.873466668601904,4.9698184440976885
334,1e-12,334,44756,1,1.0468004784499827,-2.8759777183730764,4.969372021952981
335,1e-12,335,44890,1,1.0499218773851158,-2.8784839831324565,4.968918841892122
336,1e-12,336,45024,1,1.0530492136096712,-2.880985446669047,4.968458799422131
337,1e-12,337,45158,1,1.0561824817180678,-2.883482092796148,4.967991788412489
338,1e-12,338,45292,1,1.0593216762047981,-2.8859739053512765,4.9675177010696085
339,1e-12,339,45426,1,1.0624667914641794,-2.8884608681960713,4.967036427910921
340,1e-12,340,45560,1,1.065617821790137,-2.890942965216215,4.966547857738584
341,1e-12,341,45694,1,1.0687747613759622,-2.8934201803213426,4.966051877612803
342,1e-12,342,45828,1,1.0719376043140922,-2.8958924974449247,4.965548372824744
343,1e-12,343,45962,1,1.0751063445958744,-2.898359900544193,4.965037226869068
344,1e-12,344,46096,1,1.078281284084706,-2.9008209367456135,4.964518339339657
345,1e-12,345,46230,1,1.0814628224032963,-2.903273711861946,4.963991614646233
346,1e-12,346,46364,1,1.0846509601104914,-2.9057182024067743,4.963456932731907
347,1e-12,347,46498,1,1.0878456959174934,-2.9081543931156473,4.962914171586629
348,1e-12,348,46632,1,1.0910470284357856,-2.910582268768309,4.96236320731961
349,1e-12,349,46766,1,1.0942549561767068,-2.9130018141880285,4.961803914130851
350,1e-12,350,46900,1,1.0974694775510239,-2.9154130142408974,4.961236164282277
351,1e-12,351,47034,1,1.100690612433671,-2.91781587203357,4.960659826403816
352,1e-12,352,47168,1,1.1039184056464206,-2.920210411749002,4.960074765090248
353,1e-12,353,47302,1,1.1071528572748657,-2.922596619856101,4.95948084626012
354,1e-12,354,47436,1,1.1103939657377233,-2.924974481542296,4.958877933887098
355,1e-12,355,47570,1,1.113641729351266,-2.9273439820348126,4.958265889849542
356,1e-12,356,47704,1,1.1168961463288951,-2.9297051066000055,4.957644573899003
357,1e-12,357,47838,1,1.1201567662407323,-2.93205798508083,4.957013871000153
358,1e-12,358,47972,1,1.1234229962890168,-2.9344027927884313,4.956373674189168
359,1e-12,359,48106,1,1.1266948269847257,-2.9367395168315182,4.95572383970383
360,1e-12,360,48240,1,1.1299722513547366,-2.939068143527913,4.955064221455762
361,1e-12,361,48374,1,1.133255262342713,-2.9413886592419995,4.954394671155423
362,1e-12,362,48508,1,1.136543852809008,-2.9437010503840857,4.9537150382801975
363,1e-12,363,48642,1,1.139838015419101,-2.9460052609383838,4.953025170195504
364,1e-12,364,48776,1,1.143137732851898,-2.948297471185731,4.952324925779781
365,1e-12,365,48910,1,1.1464429911741716,-2.9505752138463075,4.951614157389651
366,1e-12,366,49044,1,1.1497537828492899,-2.9528384963629857,4.95089270623716
367,1e-12,367,49178,1,1.1530701002572399,-2.955087326159806,4.9501604111633295
368,1e-12,368,49312,1,1.1563919356945531,-2.957321710639897,4.94941710860439
369,1e-12,369,49446,1,1.1597192813742359,-2.959541657183415,4.948662632557603
370,1e-12,370,49580,1,1.163052129425695,-2.9617471731455187,4.9478968145466755
371,1e-12,371,49714,1,1.1663904718946738,-2.9639382658543107,4.94711948358675
372,1e-12,372,49848,1,1.1697343007431802,-2.9661149426088422,4.94633046614898
373,1e-12,373,49982,1,1.1730836078494273,-2.9682772106771074,4.945529586124682
374,1e-12,374,50116,1,1.1764383850077782,-2.9704250772940535,4.944716664789068
375,1e-12,375,50250,1,1.1797986239286726,-2.9725585496596225,4.943891520764549
376,1e-12,376,50384,1,1.1831643162385863,-2.974677634936778,4.943053969983614
377,1e-12,377,50518,1,1.1865354534799677,-2.9767823402495797,4.9422038256512835
378,1e-12,378,50652,1,1.189912027111189,-2.978872672681244,4.941340898207125
379,1e-12,379,50786,1,1.1932940285064983,-2.980948639272243,4.940464995286848
380,1e-12,380,50920,1,1.196681448955974,-2.9830102470183877,4.93957592168346
381,1e-12,381,51054,5,1.2000742796654762,-2.9850575028689708,4.938673479307994
382,1e-12,382,51188,,1.2000742796654762,-2.9850575028689708,4.938673479307994
383,1e-12,383,51322,,1.2000742796654762,-2.9850575028689708,4.938673479307994
384,1e-12,384,51456,,1.2000742796654762,-2.9850575028689708,4.938673479307994
385,1e-12,385,51590,,1.2000742796654762,-2.9850575028689708,4.938673479307994
386,1e-12,386,51724,5,1.2171192734184808,-2.9950787434213817,4.933953595957389
387,1e-12,387,51858,,1.2171192734184808,-2.9950787434213817,4.933953595957389
388,1e-12,388,51992,,1.2171192734184808,-2.9950787434213817,4.933953595957389
389,1e-12,389,52126,,1.2171192734184808,-2.9950787434213817,4.933953595957389
390,1e-12,390,52260,,1.2171192734184808,-2.9950787434213817,4.933953595957389
391,1e-12,391,52394,5,1.2342981560621982,-3.004742198985779,4.928868052099949
392,1e-12,392,52528,,1.2342981560621982,-3.004742198985779,4.928868052099949
393,1e-12,393,52662,,1.2342981560621982,-3.004742198985779,4.928868052099949
394,1e-12,394,52796,,1.2342981560621982,-3.004742198985779,4.928868052099949
395,1e-12,395,52930,,1.2342981560621982,-3.004742198985779,4.928868052099949
396,1e-12,396,53064,5,1.2516097333845217,-3.014048674901301,4.923388598150657
397,1e-12,397,53198,,1.2516097333845217,-3.014048674901301,4.923388598150657
398,1e-12,398,53332,,1.2516097333845217,-3.014048674901301,4.923388598150657
399,1e-12,399,53466,,1.2516097333845217,-3.014048674901301,4.923388598150657
400,1e-12,400,53600,,1.2516097333845217,-3.014048674901301,4.923388598150657
401,1e-12,401,53734,5,1.2690527583383544,-3.022998933990493,4.91748486648944
402,1e-12,402,53868,,1.2690527583383544,-3.022998933990493,4.91748486648944
403,1e-12,403,54002,,1.2690527583383544,-3.022998933990493,4.91748486648944
404,1e-12,404,54136,,1.2690527583383544,-3.022998933990493,4.91748486648944
405,1e-12,405,54270,,1.2690527583383544,-3.022998933990493,4.91748486648944
406,1e-12,406,54404,5,1.2866259310240618,-3.0315936912984442,4.911124228537192
407,1e-12,407,54538,,1.2866259310240618,-3.0315936912984442,4.911124228537192
408,1e-12,408,54672,,1.2866259310240618,-3.0315936912984442,4.911124228537192
409,1e-12,409,54806,,1.2866259310240618,-3.0315936912984442,4.911124228537192
410,1e-12,410,54940,,1.2866259310240618,-3.0315936912984442,4.911124228537192
411,1e-12,411,55074,5,1.3043278987134204,-3.0398336090283347,4.904271645425035
412,1e-12,412,55208,,1.3043278987134204,-3.0398336090283347,4.904271645425035
413,1e-12,413,55342,,1.3043278987134204,-3.0398336090283347,4.904271645425035
414,1e-12,414,55476,,1.3043278987134204,-3.0398336090283347,4.904271645425035
415,1e-12,415,55610,,1.3043278987134204,-3.0398336090283347,4.904271645425035
416,1e-12,416,55744,5,1.3221572559157821,-3.0477192916666414,4.8968895126371015
417,1e-12,417,55878,,1.3221572559157821,-3.0477192916666414,4.8968895126371015
418,1e-12,418,56012,,1.3221572559157821,-3.0477192916666414,4.8968895126371015
419,1e-12,419,56146,,1.3221572559157821,-3.0477192916666414,4.8968895126371015
420,1e-12,420,56280,,1.3221572559157821,-3.0477192916666414,4.8968895126371015
421,1e-12,421,56414,5,1.3401125444871589,-3.0552512812915813,4.8889374991820596
422,1e-12,422,56548,,1.3401125444871589,-3.0552512812915813,4.8889374991820596
423,1e-12,423,56682,,1.3401125444871589,-3.0552512812915813,4.8889374991820596
424,1e-12,424,56816,,1.3401125444871589,-3.0552512812915813,4.8889374991820596
425,1e-12,425,56950,,1.3401125444871589,-3.0552512812915813,4.8889374991820596
426,1e-12,426,57084,5,1.3581922537828448,-3.06243005305837,4.8803723820575
427,1e-12,427,57218,,1.3581922537828448,-3.06243005305837,4.8803723820575
428,1e-12,428,57352,,1.3581922537828448,-3.06243005305837,4.8803723820575
429,1e-12,429,57486,,1.3581922537828448,-3.06243005305837,4.8803723820575
430,1e-12,430,57620,,1.3581922537828448,-3.06243005305837,4.8803723820575
431,1e-12,431,57754,5,1.3763951827860605,-3.069256563364006,4.871147867647814
432,1e-12,432,57888,,1.3763951827860605,-3.069256563364006,4.871147867647814
433,1e-12,433,58022,,1.3763951827860605,-3.069256563364006,4.871147867647814
434,1e-12,434,58156,,1.3763951827860605,-3.069256563364006,4.871147867647814
435,1e-12,435,58290,,1.3763951827860605,-3.069256563364006,4.871147867647814
436,1e-12,436,58424,5,1.3947206701400368,-3.075732564642035,4.861214411695784
437,1e-12,437,58558,,1.3947206701400368,-3.075732564642035,4.861214411695784
438,1e-12,438,58692,,1.3947206701400368,-3.075732564642035,4.861214411695784
439,1e-12,439,58826,,1.3947206701400368,-3.075732564642035,4.861214411695784
440,1e-12,440,58960,,1.3947206701400368,-3.075732564642035,4.861214411695784
441,1e-12,441,59094,5,1.413167143256451,-3.0818583874985803,4.85051908421557
442,1e-12,442,59228,,1.413167143256451,-3.0818583874985803,4.85051908421557
443,1e-12,443,59362,,1.413167143256451,-3.0818583874985803,4.85051908421557
444,1e-12,444,59496,,1.413167143256451,-3.0818583874985803,4.85051908421557
445,1e-12,445,59630,,1.413167143256451,-3.0818583874985803,4.85051908421557
446,1e-12,446,59764,5,1.4317329318586431,-3.087634208715638,4.839005379450031
447,1e-12,447,59898,,1.4317329318586431,-3.087634208715638,4.839005379450031
448,1e-12,448,60032,,1.4317329318586431,-3.087634208715638,4.839005379450031
449,1e-12,449,60166,,1.4317329318586431,-3.087634208715638,4.839005379450031
450,1e-12,450,60300,,1.4317329318586431,-3.087634208715638,4.839005379450031
451,1e-12,451,60434,5,1.450416280968381,-3.0930601269508617,4.826613050161467
452,1e-12,452,60568,,1.450416280968381,-3.0930601269508617,4.826613050161467
453,1e-12,453,60702,,1.450416280968381,-3.0930601269508617,4.826613050161467
454,1e-12,454,60836,,1.450416280968381,-3.0930601269508617,4.826613050161467
455,1e-12,455,60970,,1.450416280968381,-3.0930601269508617,4.826613050161467
456,1e-12,456,61104,5,1.469207778836219,-3.098137991069619,4.813278607716047
457,1e-12,457,61238,,1.469207778836219,-3.098137991069619,4.813278607716047
458,1e-12,458,61372,,1.469207778836219,-3.098137991069619,4.813278607716047
459,1e-12,459,61506,,1.469207778836219,-3.098137991069619,4.813278607716047
460,1e-12,460,61640,,1.469207778836219,-3.098137991069619,4.813278607716047
461,1e-12,461,61774,5,1.4880980207482915,-3.102892772858331,4.798935268713183
462,1e-12,462,61908,,1.4880980207482915,-3.102892772858331,4.798935268713183
463,1e-12,463,62042,,1.4880980207482915,-3.102892772858331,4.798935268713183
464,1e-12,464,62176,,1.4880980207482915,-3.102892772858331,4.798935268713183
465,1e-12,465,62310,,1.4880980207482915,-3.102892772858331,4.798935268713183
466,1e-12,466,62444,5,1.5070853193389042,-3.1073440000152974,4.783513011301665
467,1e-12,467,62578,,1.5070853193389042,-3.1073440000152974,4.783513011301665
468,1e-12,468,62712,,1.5070853193389042,-3.1073440000152974,4.783513011301665
469,1e-12,469,62846,,1.5070853193389042,-3.1073440000152974,4.783513011301665
470,1e-12,470,62980,,1.5070853193389042,-3.1073440000152974,4.783513011301665
471,1e-12,471,63114,5,1.5261678184567928,-3.1114905644216946,4.766936376352439
472,1e-12,472,63248,,1.5261678184567928,-3.1114905644216946,4.766936376352439
473,1e-12,473,63382,,1.5261678184567928,-3.1114905644216946,4.766936376352439
474,1e-12,474,63516,,1.5261678184567928,-3.1114905644216946,4.766936376352439
475,1e-12,475,63650,,1.5261678184567928,-3.1114905644216946,4.766936376352439
476,1e-12,476,63784,5,1.5453431402839102,-3.1153317274290617,4.749125384391255
477,1e-12,477,63918,,1.5453431402839102,-3.1153317274290617,4.749125384391255
478,1e-12,478,64052,,1.5453431402839102,-3.1153317274290617,4.749125384391255
479,1e-12,479,64186,,1.5453431402839102,-3.1153317274290617,4.749125384391255
480,1e-12,480,64320,,1.5453431402839102,-3.1153317274290617,4.749125384391255
481,1e-12,481,64454,5,1.5646088639332492,-3.1188666642166383,4.729995742086079
482,1e-12,482,64588,,1.5646088639332492,-3.1188666642166383,4.729995742086079
483,1e-12,483,64722,,1.5646088639332492,-3.1188666642166383,4.729995742086079
484,1e-12,484,64856,,1.5646088639332492,-3.1188666642166383,4.729995742086079
485,1e-12,485,64990,,1.5646088639332492,-3.1188666642166383,4.729995742086079
486,1e-12,486,65124,5,1.5839625265706547,-3.1220944614361064,4.709458834132287
487,1e-12,487,65258,,1.5839625265706547,-3.1220944614361064,4.709458834132287
488,1e-12,488,65392,,1.5839625265706547,-3.1220944614361064,4.709458834132287
489,1e-12,489,65526,,1.5839625265706547,-3.1220944614361064,4.709458834132287
490,1e-12,490,65660,,1.5839625265706547,-3.1220944614361064,4.709458834132287
491,1e-12,491,65794,5,1.603401624580097,-3.1250141149127812,4.687421762946338
492,1e-12,492,65928,,1.603401624580097,-3.1250141149127812,4.687421762946338
493,1e-12,493,66062,,1.603401624580097,-3.1250141149127812,4.687421762946338
494,1e-12,494,66196,,1.603401624580097,-3.1250141149127812,4.687421762946338
495,1e-12,495,66330,,1.603401624580097,-3.1250141149127812,4.687421762946338
496,1e-12,496,66464,5,1.6229236147713175,-3.127624527403432,4.663787445402597
497,1e-12,497,66598,,1.6229236147713175,-3.127624527403432,4.663787445402597
498,1e-12,498,66732,,1.6229236147713175,-3.127624527403432,4.663787445402597
499,1e-12,499,66866,,1.6229236147713175,-3.127624527403432,4.663787445402597
500,1e-12,500,67000,,1.6229236147713175,-3.127624527403432,4.663787445402597
501,1e-12,501,67134,5,1.6425259156287395,-3.1299245064111516,4.638454776783055
502,1e-12,502,67268,,1.6425259156287395,-3.1299245064111516,4.638454776783055
503,1e-12,503,67402,,1.6425259156287395,-3.1299245064111516,4.638454776783055
504,1e-12,504,67536,,1.6425259156287395,-3.1299245064111516,4.638454776783055
505,1e-12,505,67670,,1.6425259156287395,-3.1299245064111516,4.638454776783055
506,1e-12,506,67804,5,1.66220590860042,-3.1319127620581053,4.611318873000609
507,1e-12,507,67938,,1.66220590860042,-3.1319127620581053,4.611318873000609
508,1e-12,508,68072,,1.66220590860042,-3.1319127620581053,4.611318873000609
509,1e-12,509,68206,,1.66220590860042,-3.1319127620581053,4.611318873000609
510,1e-12,510,68340,,1.66220590860042,-3.1319127620581053,4.611318873000609
511,1e-12,511,68474,5,1.6819609394257764,-3.1335879050174977,4.582271402956418
512,1e-12,512,68608,,1.6819609394257764,-3.1335879050174977,4.582271402956418
513,1e-12,513,68742,,1.6819609394257764,-3.1335879050174977,4.582271402956418
514,1e-12,514,68876,,1.6819609394257764,-3.1335879050174977,4.582271402956418
515,1e-12,515,69010,,1.6819609394257764,-3.1335879050174977,4.582271402956418
516,1e-12,516,69144,5,1.7017883195007064,-3.134948444506389,4.5512010235418145
517,1e-12,517,69278,,1.7017883195007064,-3.134948444506389,4.5512010235418145
518,1e-12,518,69412,,1.7017883195007064,-3.134948444506389,4.5512010235418145
519,1e-12,519,69546,,1.7017883195007064,-3.134948444506389,4.5512010235418145
520,1e-12,520,69680,,1.7017883195007064,-3.134948444506389,4.5512010235418145
521,1e-12,521,69814,5,1.7216853272787251,-3.1359927863416925,4.517993930224021
522,1e-12,522,69948,,1.7216853272787251,-3.1359927863416925,4.517993930224021
523,1e-12,523,70082,,1.7216853272787251,-3.1359927863416925,4.517993930224021
524,1e-12,524,70216,,1.7216853272787251,-3.1359927863416925,4.517993930224021
525,1e-12,525,70350,,1.7216853272787251,-3.1359927863416925,4.517993930224021
526,1e-12,526,70484,5,1.7416492097065648,-3.136719231061901,4.482534536277876
527,1e-12,527,70618,,1.7416492097065648,-3.136719231061901,4.482534536277876
528,1e-12,528,70752,,1.7416492097065648,-3.136719231061901,4.482534536277876
529,1e-12,529,70886,,1.7416492097065648,-3.136719231061901,4.482534536277876
530,1e-12,530,71020,,1.7416492097065648,-3.136719231061901,4.482534536277876
531,1e-12,531,71154,5,1.7616771836927474,-3.137125972117858,4.4447062934454085
532,1e-12,532,71288,,1.7616771836927474,-3.137125972117858,4.4447062934454085
533,1e-12,533,71422,,1.7616771836927474,-3.137125972117858,4.4447062934454085
534,1e-12,534,71556,,1.7616771836927474,-3.137125972117858,4.4447062934454085
535,1e-12,535,71690,,1.7616771836927474,-3.137125972117858,4.4447062934454085
536,1e-12,536,71824,5,1.781766056762056,-3.1372095671350695,4.404393688290702
537,1e-12,537,71958,,1.781766056762056,-3.1372095671350695,4.404393688290702
538,1e-12,538,72092,,1.781766056762056,-3.1372095671350695,4.404393688290702
539,1e-12,539,72226,,1.781766056762056,-3.1372095671350695,4.404393688290702
540,1e-12,540,72360,,1.781766056762056,-3.1372095671350695,4.404393688290702
541,1e-12,541,72494,5,1.8019095670058864,-3.1369543543019214,4.361491215062907
542,1e-12,542,72628,,1.8019095670058864,-3.1369543543019214,4.361491215062907
543,1e-12,543,72762,,1.8019095670058864,-3.1369543543019214,4.361491215062907
544,1e-12,544,72896,,1.8019095670058864,-3.1369543543019214,4.361491215062907
545,1e-12,545,73030,,1.8019095670058864,-3.1369543543019214,4.361491215062907
546,1e-12,546,73164,5,1.8221075481293383,-3.136365661168642,4.315891627924522
547,1e-12,547,73298,,1.8221075481293383,-3.136365661168642,4.315891627924522
548,1e-12,548,73432,,1.8221075481293383,-3.136365661168642,4.315891627924522
549,1e-12,549,73566,,1.8221075481293383,-3.136365661168642,4.315891627924522
550,1e-12,550,73700,,1.8221075481293383,-3.136365661168642,4.315891627924522
551,1e-12,551,73834,5,1.8423628631619444,-3.1354584334937945,4.2674909546916115
552,1e-12,552,73968,,1.8423628631619444,-3.1354584334937945,4.2674909546916115
553,1e-12,553,74102,,1.8423628631619444,-3.1354584334937945,4.2674909546916115
554,1e-12,554,74236,,1.8423628631619444,-3.1354584334937945,4.2674909546916115
555,1e-12,555,74370,,1.8423628631619444,-3.1354584334937945,4.2674909546916115
556,1e-12,556,74504,5,1.8626726803972082,-3.1342303953090744,4.216188936746471
557,1e-12,557,74638,,1.8626726803972082,-3.1342303953090744,4.216188936746471
558,1e-12,558,74772,,1.8626726803972082,-3.1342303953090744,4.216188936746471
559,1e-12,559,74906,,1.8626726803972082,-3.1342303953090744,4.216188936746471
560,1e-12,560,75040,,1.8626726803972082,-3.1342303953090744,4.216188936746471
561,1e-12,561,75174,5,1.8830340616554868,-3.132678914583,4.161892840609845
562,1e-12,562,75308,,1.8830340616554868,-3.132678914583,4.161892840609845
563,1e-12,563,75442,,1.8830340616554868,-3.132678914583,4.161892840609845
564,1e-12,564,75576,,1.8830340616554868,-3.132678914583,4.161892840609845
565,1e-12,565,75710,,1.8830340616554868,-3.132678914583,4.161892840609845
566,1e-12,566,75844,5,1.9034440459952702,-3.130801248302758,4.104519447561076
567,1e-12,567,75978,,1.9034440459952702,-3.130801248302758,4.104519447561076
568,1e-12,568,76112,,1.9034440459952702,-3.130801248302758,4.104519447561076
569,1e-12,569,76246,,1.9034440459952702,-3.130801248302758,4.104519447561076
570,1e-12,570,76380,,1.9034440459952702,-3.130801248302758,4.104519447561076
571,1e-12,571,76514,5,1.9238996514056264,-3.1285945412623364,4.043997149147105
572,1e-12,572,76648,,1.9238996514056264,-3.1285945412623364,4.043997149147105
573,1e-12,573,76782,,1.9238996514056264,-3.1285945412623364,4.043997149147105
574,1e-12,574,76916,,1.9238996514056264,-3.1285945412623364,4.043997149147105
575,1e-12,575,77050,,1.9238996514056264,-3.1285945412623364,4.043997149147105
576,1e-12,576,77184,5,1.9443978765203438,-3.126055824968316,3.9802681540477027
577,1e-12,577,77318,,1.9443978765203438,-3.126055824968316,3.9802681540477027
578,1e-12,578,77452,,1.9443978765203438,-3.126055824968316,3.9802681540477027
579,1e-12,579,77586,,1.9443978765203438,-3.126055824968316,3.9802681540477027
580,1e-12,580,77720,,1.9443978765203438,-3.126055824968316,3.9802681540477027
581,1e-12,581,77854,5,1.9649642906137632,-3.123282215854527,3.913359221238868
582,1e-12,582,77988,,1.9649642906137632,-3.123282215854527,3.913359221238868
583,1e-12,583,78122,,1.9649642906137632,-3.123282215854527,3.913359221238868
584,1e-12,584,78256,,1.9649642906137632,-3.123282215854527,3.913359221238868
585,1e-12,585,78390,,1.9649642906137632,-3.123282215854527,3.913359221238868
586,1e-12,586,78524,5,1.9856441005086187,-3.1204382005566007,3.8433759534448453
587,1e-12,587,78658,,1.9856441005086187,-3.1204382005566007,3.8433759534448453
588,1e-12,588,78792,,1.9856441005086187,-3.1204382005566007,3.8433759534448453
589,1e-12,589,78926,,1.9856441005086187,-3.1204382005566007,3.8433759534448453
590,1e-12,590,79060,,1.9856441005086187,-3.1204382005566007,3.8433759534448453
591,1e-12,591,79194,5,2.00643642387202,-3.1175260844676713,3.770344117542294
592,1e-12,592,79328,,2.00643642387202,-3.1175260844676713,3.770344117542294
593,1e-12,593,79462,,2.00643642387202,-3.1175260844676713,3.770344117542294
594,1e-12,594,79596,,2.00643642387202,-3.1175260844676713,3.770344117542294
595,1e-12,595,79730,,2.00643642387202,-3.1175260844676713,3.770344117542294
596,1e-12,596,79864,5,2.027336327269653,-3.114545938185657,3.694308322982642
597,1e-12,597,79998,,2.027336327269653,-3.114545938185657,3.694308322982642
598,1e-12,598,80132,,2.027336327269653,-3.114545938185657,3.694308322982642
599,1e-12,599,80266,,2.027336327269653,-3.114545938185657,3.694308322982642
600,1e-12,600,80400,,2.027336327269653,-3.114545938185657,3.694308322982642
601,1e-12,601,80534,5,2.0483402986904866,-3.111497839944895,3.6153374983332505
602,1e-12,602,80668,,2.0483402986904866,-3.111497839944895,3.6153374983332505
603,1e-12,603,80802,,2.0483402986904866,-3.111497839944895,3.6153374983332505
604,1e-12,604,80936,,2.0483402986904866,-3.111497839944895,3.6153374983332505
605,1e-12,605,81070,,2.0483402986904866,-3.111497839944895,3.6153374983332505
606,1e-12,606,81204,5,2.069446567701929,-3.1083817533504887,3.533526300204642
607,1e-12,607,81338,,2.069446567701929,-3.1083817533504887,3.533526300204642
608,1e-12,608,81472,,2.069446567701929,-3.1083817533504887,3.533526300204642
609,1e-12,609,81606,,2.069446567701929,-3.1083817533504887,3.533526300204642
610,1e-12,610,81740,,2.069446567701929,-3.1083817533504887,3.533526300204642
611,1e-12,611,81874,5,2.090653310188536,-3.1051976270394803,3.4489948982655716
612,1e-12,612,82008,,2.090653310188536,-3.1051976270394803,3.4489948982655716
613,1e-12,613,82142,,2.090653310188536,-3.1051976270394803,3.4489948982655716
614,1e-12,614,82276,,2.090653310188536,-3.1051976270394803,3.4489948982655716
615,1e-12,615,82410,,2.090653310188536,-3.1051976270394803,3.4489948982655716
616,1e-12,616,82544,5,2.111958648228655,-3.1019453948294924,3.36188930419745
617,1e-12,617,82678,,2.111958648228655,-3.1019453948294924,3.36188930419745
618,1e-12,618,82812,,2.111958648228655,-3.1019453948294924,3.36188930419745
619,1e-12,619,82946,,2.111958648228655,-3.1019453948294924,3.36188930419745
620,1e-12,620,83080,,2.111958648228655,-3.1019453948294924,3.36188930419745
621,1e-12,621,83214,5,2.1333606500083397,-3.098624975863516,3.272381248620854
622,1e-12,622,83348,,2.1333606500083397,-3.098624975863516,3.272381248620854
623,1e-12,623,83482,,2.1333606500083397,-3.098624975863516,3.272381248620854
624,1e-12,624,83616,,2.1333606500083397,-3.098624975863516,3.272381248620854
625,1e-12,625,83750,,2.1333606500083397,-3.098624975863516,3.272381248620854
626,1e-12,626,83884,5,2.1548573297736917,-3.0952362747510094,3.180667568604596
627,1e-12,627,84018,,2.1548573297736917,-3.0952362747510094,3.180667568604596
628,1e-12,628,84152,,2.1548573297736917,-3.0952362747510094,3.180667568604596
629,1e-12,629,84286,,2.1548573297736917,-3.0952362747510094,3.180667568604596
630,1e-12,630,84420,,2.1548573297736917,-3.0952362747510094,3.180667568604596
631,1e-12,631,84554,5,2.1764466478227065,-3.091779181705471,3.086969081927821
632,1e-12,632,84688,,2.1764466478227065,-3.091779181705471,3.086969081927821
633,1e-12,633,84822,,2.1764466478227065,-3.091779181705471,3.086969081927821
634,1e-12,634,84956,,2.1764466478227065,-3.091779181705471,3.086969081927821
635,1e-12,635,85090,,2.1764466478227065,-3.091779181705471,3.086969081927821
636,1e-12,636,85224,5,2.198126510537738,-3.088253572678668,2.9915289403436565
637,1e-12,637,85358,,2.198126510537738,-3.088253572678668,2.9915289403436565
638,1e-12,638,85492,,2.198126510537738,-3.088253572678668,2.9915289403436565
639,1e-12,639,85626,,2.198126510537738,-3.088253572678668,2.9915289403436565
640,1e-12,640,85760,,2.198126510537738,-3.088253572678668,2.9915289403436565
641,1e-12,641,85894,5,2.219894770459649,-3.0846593094916592,2.894610472048116
642,1e-12,642,86028,,2.219894770459649,-3.0846593094916592,2.894610472048116
643,1e-12,643,86162,,2.219894770459649,-3.0846593094916592,2.894610472048116
644,1e-12,644,86296,,2.219894770459649,-3.0846593094916592,2.894610472048116
645,1e-12,645,86430,,2.219894770459649,-3.0846593094916592,2.894610472048116
646,1e-12,646,86564,5,2.2417484292380534,-3.0809949279119366,2.796495989561604
647,1e-12,647,86698,,2.2417484292380534,-3.0809949279119366,2.796495989561604
648,1e-12,648,86832,,2.2417484292380534,-3.0809949279119366,2.796495989561604
649,1e-12,649,86966,,2.2417484292380534,-3.0809949279119366,2.796495989561604
650,1e-12,650,87100,,2.2417484292380534,-3.0809949279119366,2.796495989561604
651,1e-12,651,87234,5,2.263682857584767,-3.077256346308076,2.6974852465231143
652,1e-12,652,87368,,2.263682857584767,-3.077256346308076,2.6974852465231143
653,1e-12,653,87502,,2.263682857584767,-3.077256346308076,2.6974852465231143
654,1e-12,654,87636,,2.263682857584767,-3.077256346308076,2.6974852465231143
655,1e-12,655,87770,,2.263682857584767,-3.077256346308076,2.6974852465231143
656,1e-12,656,87904,5,2.285695887300741,-3.0734436275340262,2.5978845987742
657,1e-12,657,88038,,2.285695887300741,-3.0734436275340262,2.5978845987742
658,1e-12,658,88172,,2.285695887300741,-3.0734436275340262,2.5978845987742
659,1e-12,659,88306,,2.285695887300741,-3.0734436275340262,2.5978845987742
660,1e-12,660,88440,,2.285695887300741,-3.0734436275340262,2.5978845987742
661,1e-12,661,88574,5,2.307785226638766,-3.0695566399757825,2.4980075674288864
662,1e-12,662,88708,,2.307785226638766,-3.0695566399757825,2.4980075674288864
663,1e-12,663,88842,,2.307785226638766,-3.0695566399757825,2.4980075674288864
664,1e-12,664,88976,,2.307785226638766,-3.0695566399757825,2.4980075674288864
665,1e-12,665,89110,,2.307785226638766,-3.0695566399757825,2.4980075674288864
666,1e-12,666,89244,5,2.329948507077628,-3.0655951866953655,2.3981709787371956
667,1e-12,667,89378,,2.329948507077628,-3.0655951866953655,2.3981709787371956
668,1e-12,668,89512,,2.329948507077628,-3.0655951866953655,2.3981709787371956
669,1e-12,669,89646,,2.329948507077628,-3.0655951866953655,2.3981709787371956
670,1e-12,670,89780,,2.329948507077628,-3.0655951866953655,2.3981709787371956
671,1e-12,671,89914,5,2.3521833113109536,-3.061559057488548,2.298690932107971
672,1e-12,672,90048,,2.3521833113109536,-3.061559057488548,2.298690932107971
673,1e-12,673,90182,,2.3521833113109536,-3.061559057488548,2.298690932107971
674,1e-12,674,90316,,2.3521833113109536,-3.061559057488548,2.298690932107971
675,1e-12,675,90450,,2.3521833113109536,-3.061559057488548,2.298690932107971
676,1e-12,676,90584,5,2.374487173613005,-3.05744802899964,2.1998788233757622
677,1e-12,677,90718,,2.374487173613005,-3.05744802899964,2.1998788233757622
678,1e-12,678,90852,,2.374487173613005,-3.05744802899964,2.1998788233757622
679,1e-12,679,90986,,2.374487173613005,-3.05744802899964,2.1998788233757622
680,1e-12,680,91120,,2.374487173613005,-3.05744802899964,2.1998788233757622
681,1e-12,681,91254,5,2.396857580247398,-3.0532618648348437,2.1020374962203627
682,1e-12,682,91388,,2.396857580247398,-3.0532618648348437,2.1020374962203627
683,1e-12,683,91522,,2.396857580247398,-3.0532618648348437,2.1020374962203627
684,1e-12,684,91656,,2.396857580247398,-3.0532618648348437,2.1020374962203627
685,1e-12,685,91790,,2.396857580247398,-3.0532618648348437,2.1020374962203627
686,1e-12,686,91924,5,2.4192919699194264,-3.0490003156742524,2.0054576215249265
687,1e-12,687,92058,,2.4192919699194264,-3.0490003156742524,2.0054576215249265
688,1e-12,688,92192,,2.4192919699194264,-3.0490003156742524,2.0054576215249265
689,1e-12,689,92326,,2.4192919699194264,-3.0490003156742524,2.0054576215249265
690,1e-12,690,92460,,2.4192919699194264,-3.0490003156742524,2.0054576215249265
691,1e-12,691,92594,5,2.4417877342725887,-3.0446631193827294,1.910414394185802
692,1e-12,692,92728,,2.4417877342725887,-3.0446631193827294,1.910414394185802
693,1e-12,693,92862,,2.4417877342725887,-3.0446631193827294,1.910414394185802
694,1e-12,694,92996,,2.4417877342725887,-3.0446631193827294,1.910414394185802
695,1e-12,695,93130,,2.4417877342725887,-3.0446631193827294,1.910414394185802
696,1e-12,696,93264,5,2.4643458370721296,-3.0402568289235785,1.817171414901343
697,1e-12,697,93398,,2.4643458370721296,-3.0402568289235785,1.817171414901343
698,1e-12,698,93532,,2.4643458370721296,-3.0402568289235785,1.817171414901343
699,1e-12,699,93666,,2.4643458370721296,-3.0402568289235785,1.817171414901343
700,1e-12,700,93800,,2.4643458370721296,-3.0402568289235785,1.817171414901343
701,1e-12,701,93934,5,2.4869696025209023,-3.035792523740495,1.725978933059497
702,1e-12,702,94068,,2.4869696025209023,-3.035792523740495,1.725978933059497
703,1e-12,703,94202,,2.4869696025209023,-3.035792523740495,1.725978933059497
704,1e-12,704,94336,,2.4869696025209023,-3.035792523740495,1.725978933059497
705,1e-12,705,94470,,2.4869696025209023,-3.035792523740495,1.725978933059497
706,1e-12,706,94604,5,2.5096478224472243,-3.031253682233074,1.6370802348492532
707,1e-12,707,94738,,2.5096478224472243,-3.031253682233074,1.6370802348492532
708,1e-12,708,94872,,2.5096478224472243,-3.031253682233074,1.6370802348492532
709,1e-12,709,95006,,2.5096478224472243,-3.031253682233074,1.6370802348492532
710,1e-12,710,95140,,2.5096478224472243,-3.031253682233074,1.6370802348492532
711,1e-12,711,95274,5,2.532375084960955,-3.026634967401609,1.5506690018585425
712,1e-12,712,95408,,2.532375084960955,-3.026634967401609,1.5506690018585425
713,1e-12,713,95542,,2.532375084960955,-3.026634967401609,1.5506690018585425
714,1e-12,714,95676,,2.532375084960955,-3.026634967401609,1.5506690018585425
715,1e-12,715,95810,,2.532375084960955,-3.026634967401609,1.5506690018585425
716,1e-12,716,95944,5,2.555148594902471,-3.021936133599883,1.466902899464245
717,1e-12,717,96078,,2.555148594902471,-3.021936133599883,1.466902899464245
718,1e-12,718,96212,,2.555148594902471,-3.021936133599883,1.466902899464245
719,1e-12,719,96346,,2.555148594902471,-3.021936133599883,1.466902899464245
720,1e-12,720,96480,,2.555148594902471,-3.021936133599883,1.466902899464245
721,1e-12,721,96614,5,2.577965515417998,-3.017156923422428,1.385913511893674
722,1e-12,722,96748,,2.577965515417998,-3.017156923422428,1.385913511893674
723,1e-12,723,96882,,2.577965515417998,-3.017156923422428,1.385913511893674
724,1e-12,724,97016,,2.577965515417998,-3.017156923422428,1.385913511893674
725,1e-12,725,97150,,2.577965515417998,-3.017156923422428,1.385913511893674
726,1e-12,726,97284,5,2.600822968716843,-3.0122970678211165,1.3078065615537946
727,1e-12,727,97418,,2.600822968716843,-3.0122970678211165,1.3078065615537946
728,1e-12,728,97552,,2.600822968716843,-3.0122970678211165,1.3078065615537946
729,1e-12,729,97686,,2.600822968716843,-3.0122970678211165,1.3078065615537946
730,1e-12,730,97820,,2.600822968716843,-3.0122970678211165,1.3078065615537946
731,1e-12,731,97954,5,2.6237180368732607,-3.007356286221888,1.2326625504452435
732,1e-12,732,98088,,2.6237180368732607,-3.007356286221888,1.2326625504452435
733,1e-12,733,98222,,2.6237180368732607,-3.007356286221888,1.2326625504452435
734,1e-12,734,98356,,2.6237180368732607,-3.007356286221888,1.2326625504452435
735,1e-12,735,98490,,2.6237180368732607,-3.007356286221888,1.2326625504452435
736,1e-12,736,98624,5,2.646647768818199,-3.0023342960582267,1.1605377717336687
737,1e-12,737,98758,,2.646647768818199,-3.0023342960582267,1.1605377717336687
738,1e-12,738,98892,,2.646647768818199,-3.0023342960582267,1.1605377717336687
739,1e-12,739,99026,,2.646647768818199,-3.0023342960582267,1.1605377717336687
740,1e-12,740,99160,,2.646647768818199,-3.0023342960582267,1.1605377717336687
741,1e-12,741,99294,5,2.6696135570591504,-2.997237531843754,1.0914682422385527
742,1e-12,742,99428,,2.6696135570591504,-2.997237531843754,1.0914682422385527
743,1e-12,743,99562,,2.6696135570591504,-2.997237531843754,1.0914682422385527
744,1e-12,744,99696,,2.6696135570591504,-2.997237531843754,1.0914682422385527
745,1e-12,745,99830,,2.6696135570591504,-2.997237531843754,1.0914682422385527
746,1e-12,746,99964,5,2.6926161140594154,-2.9920714872614322,1.0254678121597394
747,1e-12,747,100098,,2.6926161140594154,-2.9920714872614322,1.0254678121597394
748,1e-12,748,100232,,2.6926161140594154,-2.9920714872614322,1.0254678121597394
749,1e-12,749,100366,,2.6926161140594154,-2.9920714872614322,1.0254678121597394
750,1e-12,750,100500,,2.6926161140594154,-2.9920714872614322,1.0254678121597394
751,1e-12,751,100634,5,2.715652323644553,-2.9868358577337424,0.9625282676379463
752,1e-12,752,100768,,2.715652323644553,-2.9868358577337424,0.9625282676379463
753,1e-12,753,100902,,2.715652323644553,-2.9868358577337424,0.9625282676379463
754,1e-12,754,101036,,2.715652323644553,-2.9868358577337424,0.9625282676379463
755,1e-12,755,101170,,2.715652323644553,-2.9868358577337424,0.9625282676379463
756,1e-12,756,101304,5,2.7387190258255227,-2.9815303279932146,0.902623662749783
757,1e-12,757,101438,,2.7387190258255227,-2.9815303279932146,0.902623662749783
758,1e-12,758,101572,,2.7387190258255227,-2.9815303279932146,0.902623662749783
759,1e-12,759,101706,,2.7387190258255227,-2.9815303279932146,0.902623662749783
760,1e-12,760,101840,,2.7387190258255227,-2.9815303279932146,0.902623662749783
761,1e-12,761,101974,5,2.7618130178597156,-2.976154572160839,0.8457122556654255
762,1e-12,762,102108,,2.7618130178597156,-2.976154572160839,0.8457122556654255
763,1e-12,763,102242,,2.7618130178597156,-2.976154572160839,0.8457122556654255
764,1e-12,764,102376,,2.7618130178597156,-2.976154572160839,0.8457122556654255
765,1e-12,765,102510,,2.7618130178597156,-2.976154572160839,0.8457122556654255
766,1e-12,766,102644,5,2.784931055368723,-2.9707082538249483,0.7917384611087972
767,1e-12,767,102778,,2.784931055368723,-2.9707082538249483,0.7917384611087972
768,1e-12,768,102912,,2.784931055368723,-2.9707082538249483,0.7917384611087972
769,1e-12,769,103046,,2.784931055368723,-2.9707082538249483,0.7917384611087972
770,1e-12,770,103180,,2.784931055368723,-2.9707082538249483,0.7917384611087972
771,1e-12,771,103314,5,2.8080698535129116,-2.9651910261207273,0.7406347771175716
772,1e-12,772,103448,,2.8080698535129116,-2.9651910261207273,0.7406347771175716
773,1e-12,773,103582,,2.8080698535129116,-2.9651910261207273,0.7406347771175716
774,1e-12,774,103716,,2.8080698535129116,-2.9651910261207273,0.7406347771175716
775,1e-12,775,103850,,2.8080698535129116,-2.9651910261207273,0.7406347771175716
776,1e-12,776,103984,5,2.831226088222667,-2.959602531810611,0.6923236511289992
777,1e-12,777,104118,,2.831226088222667,-2.959602531810611,0.6923236511289992
778,1e-12,778,104252,,2.831226088222667,-2.959602531810611,0.6923236511289992
779,1e-12,779,104386,,2.831226088222667,-2.959602531810611,0.6923236511289992
780,1e-12,780,104520,,2.831226088222667,-2.959602531810611,0.6923236511289992
781,1e-12,781,104654,5,2.8543963974862305,-2.9539424033656503,0.6467192574194955
782,1e-12,782,104788,,2.8543963974862305,-2.9539424033656503,0.6467192574194955
783,1e-12,783,104922,,2.8543963974862305,-2.9539424033656503,0.6467192574194955
784,1e-12,784,105056,,2.8543963974862305,-2.9539424033656503,0.6467192574194955
785,1e-12,785,105190,,2.8543963974862305,-2.9539424033656503,0.6467192574194955
786,1e-12,786,105324,5,2.8775773826937763,-2.9482102630481632,0.6037291646205312
787,1e-12,787,105458,,2.8775773826937763,-2.9482102630481632,0.6037291646205312
788,1e-12,788,105592,,2.8775773826937763,-2.9482102630481632,0.6037291646205312
789,1e-12,789,105726,,2.8775773826937763,-2.9482102630481632,0.6037291646205312
790,1e-12,790,105860,,2.8775773826937763,-2.9482102630481632,0.6037291646205312
791,1e-12,791,105994,5,2.9007388043242637,-2.942428325944407,0.5632635517901521
792,1e-12,792,106128,,2.9007388043242637,-2.942428325944407,0.5632635517901521
793,1e-12,793,106262,,2.9007388043242637,-2.942428325944407,0.5632635517901521
794,1e-12,794,106396,,2.9007388043242637,-2.942428325944407,0.5632635517901521
795,1e-12,795,106530,,2.9007388043242637,-2.942428325944407,0.5632635517901521
796,1e-12,796,106664,5,2.923827333946381,-2.9366386761987533,0.5252334321636598
797,1e-12,797,106798,,2.923827333946381,-2.9366386761987533,0.5252334321636598
798,1e-12,798,106932,,2.923827333946381,-2.9366386761987533,0.5252334321636598
799,1e-12,799,107066,,2.923827333946381,-2.9366386761987533,0.5252334321636598
800,1e-12,800,107200,,2.923827333946381,-2.9366386761987533,0.5252334321636598
801,1e-12,801,107334,5,2.946838337466353,-2.9308426950008974,0.4895320443098985
802,1e-12,802,107468,,2.946838337466353,-2.9308426950008974,0.4895320443098985
803,1e-12,803,107602,,2.946838337466353,-2.9308426950008974,0.4895320443098985
804,1e-12,804,107736,,2.946838337466353,-2.9308426950008974,0.4895320443098985
805,1e-12,805,107870,,2.946838337466353,-2.9308426950008974,0.4895320443098985
806,1e-12,806,108004,5,2.969768348624633,-2.9250408228634344,0.4560513317478425
807,1e-12,807,108138,,2.969768348624633,-2.9250408228634344,0.4560513317478425
808,1e-12,808,108272,,2.969768348624633,-2.9250408228634344,0.4560513317478425
809,1e-12,809,108406,,2.969768348624633,-2.9250408228634344,0.4560513317478425
810,1e-12,810,108540,,2.969768348624633,-2.9250408228634344,0.4560513317478425
811,1e-12,811,108674,5,2.9926139533370195,-2.9192334983448363,0.4246832772937248
812,1e-12,812,108808,,2.9926139533370195,-2.9192334983448363,0.4246832772937248
813,1e-12,813,108942,,2.9926139533370195,-2.9192334983448363,0.4246832772937248
814,1e-12,814,109076,,2.9926139533370195,-2.9192334983448363,0.4246832772937248
815,1e-12,815,109210,,2.9926139533370195,-2.9192334983448363,0.4246832772937248
816,1e-12,816,109344,5,3.0153717914623863,-2.913421158069194,0.3953207594697665
817,1e-12,817,109478,,3.0153717914623863,-2.913421158069194,0.3953207594697665
818,1e-12,818,109612,,3.0153717914623863,-2.913421158069194,0.3953207594697665
819,1e-12,819,109746,,3.0153717914623863,-2.913421158069194,0.3953207594697665
820,1e-12,820,109880,,3.0153717914623863,-2.913421158069194,0.3953207594697665
821,1e-12,821,110014,5,3.038038599073001,-2.907604232500474,0.36785826387072795
822,1e-12,822,110148,,3.038038599073001,-2.907604232500474,0.36785826387072795
823,1e-12,823,110282,,3.038038599073001,-2.907604232500474,0.36785826387072795
824,1e-12,824,110416,,3.038038599073001,-2.907604232500474,0.36785826387072795
825,1e-12,825,110550,,3.038038599073001,-2.907604232500474,0.36785826387072795
826,1e-12,826,110684,5,3.06061190381386,-2.9017830683845616,0.3421922639031223
827,1e-12,827,110818,,3.06061190381386,-2.9017830683845616,0.3421922639031223
828,1e-12,828,110952,,3.06061190381386,-2.9017830683845616,0.3421922639031223
829,1e-12,829,111086,,3.06061190381386,-2.9017830683845616,0.3421922639031223
830,1e-12,830,111220,,3.06061190381386,-2.9017830683845616,0.3421922639031223
831,1e-12,831,111354,5,3.08308879383463,-2.8959580508351683,0.3182221686076443
832,1e-12,832,111488,,3.08308879383463,-2.8959580508351683,0.3182221686076443
833,1e-12,833,111622,,3.08308879383463,-2.8959580508351683,0.3182221686076443
834,1e-12,834,111756,,3.08308879383463,-2.8959580508351683,0.3182221686076443
835,1e-12,835,111890,,3.08308879383463,-2.8959580508351683,0.3182221686076443
836,1e-12,836,112024,5,3.1054656773669786,-2.890132828911028,0.2958513264736107
837,1e-12,837,112158,,3.1054656773669786,-2.890132828911028,0.2958513264736107
838,1e-12,838,112292,,3.1054656773669786,-2.890132828911028,0.2958513264736107
839,1e-12,839,112426,,3.1054656773669786,-2.890132828911028,0.2958513264736107
840,1e-12,840,112560,,3.1054656773669786,-2.890132828911028,0.2958513264736107
841,1e-12,841,112694,5,3.127737809120642,-2.8843203547295495,0.2749882107842261
842,1e-12,842,112828,,3.127737809120642,-2.8843203547295495,0.2749882107842261
843,1e-12,843,112962,,3.127737809120642,-2.8843203547295495,0.2749882107842261
844,1e-12,844,113096,,3.127737809120642,-2.8843203547295495,0.2749882107842261
845,1e-12,845,113230,,3.127737809120642,-2.8843203547295495,0.2749882107842261
846,1e-12,846,113364,5,3.1499020626394016,-2.878522460603444,0.25554204813400716
847,1e-12,847,113498,,3.1499020626394016,-2.878522460603444,0.25554204813400716
848,1e-12,848,113632,,3.1499020626394016,-2.878522460603444,0.25554204813400716
849,1e-12,849,113766,,3.1499020626394016,-2.878522460603444,0.25554204813400716
850,1e-12,850,113900,,3.1499020626394016,-2.878522460603444,0.25554204813400716
851,1e-12,851,114034,5,3.1719555447106194,-2.8727397492391806,0.23742565244130986
852,1e-12,852,114168,,3.1719555447106194,-2.8727397492391806,0.23742565244130986
853,1e-12,853,114302,,3.1719555447106194,-2.8727397492391806,0.23742565244130986
854,1e-12,854,114436,,3.1719555447106194,-2.8727397492391806,0.23742565244130986
855,1e-12,855,114570,,3.1719555447106194,-2.8727397492391806,0.23742565244130986
856,1e-12,856,114704,5,3.1938954281902285,-2.866972821343508,0.22055580958627452
857,1e-12,857,114838,,3.1938954281902285,-2.866972821343508,0.22055580958627452
858,1e-12,858,114972,,3.1938954281902285,-2.866972821343508,0.22055580958627452
859,1e-12,859,115106,,3.1938954281902285,-2.866972821343508,0.22055580958627452
860,1e-12,860,115240,,3.1938954281902285,-2.866972821343508,0.22055580958627452
861,1e-12,861,115374,5,3.2157189530329178,-2.8612222756178225,0.20485331484420088
862,1e-12,862,115508,,3.2157189530329178,-2.8612222756178225,0.20485331484420088
863,1e-12,863,115642,,3.2157189530329178,-2.8612222756178225,0.20485331484420088
864,1e-12,864,115776,,3.2157189530329178,-2.8612222756178225,0.20485331484420088
865,1e-12,865,115910,,3.2157189530329178,-2.8612222756178225,0.20485331484420088
866,1e-12,866,116044,5,3.2374234272460676,-2.855488708752857,0.19024296725572754
867,1e-12,867,116178,,3.2374234272460676,-2.855488708752857,0.19024296725572754
868,1e-12,868,116312,,3.2374234272460676,-2.855488708752857,0.19024296725572754
869,1e-12,869,116446,,3.2374234272460676,-2.855488708752857,0.19024296725572754
870,1e-12,870,116580,,3.2374234272460676,-2.855488708752857,0.19024296725572754
871,1e-12,871,116714,5,3.2590062277674887,-2.849772715423757,0.1766535282038766
872,1e-12,872,116848,,3.2590062277674887,-2.849772715423757,0.1766535282038766
873,1e-12,873,116982,,3.2590062277674887,-2.849772715423757,0.1766535282038766
874,1e-12,874,117116,,3.2590062277674887,-2.849772715423757,0.1766535282038766
875,1e-12,875,117250,,3.2590062277674887,-2.849772715423757,0.1766535282038766
876,1e-12,876,117384,5,3.280464801266943,-2.844074888285552,0.16401765069134555
877,1e-12,877,117518,,3.280464801266943,-2.844074888285552,0.16401765069134555
878,1e-12,878,117652,,3.280464801266943,-2.844074888285552,0.16401765069134555
879,1e-12,879,117786,,3.280464801266943,-2.844074888285552,0.16401765069134555
880,1e-12,880,117920,,3.280464801266943,-2.844074888285552,0.16401765069134555
881,1e-12,881,118054,5,3.3017966648717385,-2.8383958179690896,0.15227178506279637
882,1e-12,882,118188,,3.3017966648717385,-2.8383958179690896,0.15227178506279637
883,1e-12,883,118322,,3.3017966648717385,-2.8383958179690896,0.15227178506279637
884,1e-12,884,118456,,3.3017966648717385,-2.8383958179690896,0.15227178506279637
885,1e-12,885,118590,,3.3017966648717385,-2.8383958179690896,0.15227178506279637
886,1e-12,886,118724,5,3.322999406816701,-2.8327360930774432,0.1413560662087563
887,1e-12,887,118858,,3.322999406816701,-2.8327360930774432,0.1413560662087563
888,1e-12,888,118992,,3.322999406816701,-2.8327360930774432,0.1413560662087563
889,1e-12,889,119126,,3.322999406816701,-2.8327360930774432,0.1413560662087563
890,1e-12,890,119260,,3.322999406816701,-2.8327360930774432,0.1413560662087563
891,1e-12,891,119394,5,3.3440706870189993,-2.827096300182837,0.13121418662808537
892,1e-12,892,119528,,3.3440706870189993,-2.827096300182837,0.13121418662808537
893,1e-12,893,119662,,3.3440706870189993,-2.827096300182837,0.13121418662808537
894,1e-12,894,119796,,3.3440706870189993,-2.827096300182837,0.13121418662808537
895,1e-12,895,119930,,3.3440706870189993,-2.827096300182837,0.13121418662808537
896,1e-12,896,120064,5,3.3650087999451115,-2.821476974840053,0.12179339196844019
897,1e-12,897,120198,,3.3650087999451115,-2.821476974840053,0.12179339196844019
898,1e-12,898,120332,,3.3650087999451115,-2.821476974840053,0.12179339196844019
899,1e-12,899,120466,,3.3650087999451115,-2.821476974840053,0.12179339196844019
900,1e-12,900,120600,,3.3650087999451115,-2.821476974840053,0.12179339196844019
901,1e-12,901,120734,5,3.3858149583609016,-2.8158783919724546,0.1130448003520641
902,1e-12,902,120868,,3.3858149583609016,-2.8158783919724546,0.1130448003520641
903,1e-12,903,121002,,3.3858149583609016,-2.8158783919724546,0.1130448003520641
904,1e-12,904,121136,,3.3858149583609016,-2.8158783919724546,0.1130448003520641
905,1e-12,905,121270,,3.3858149583609016,-2.8158783919724546,0.1130448003520641
906,1e-12,906,121404,5,3.406487500775547,-2.810301063931647,0.10492185884556715
907,1e-12,907,121538,,3.406487500775547,-2.810301063931647,0.10492185884556715
908,1e-12,908,121672,,3.406487500775547,-2.810301063931647,0.10492185884556715
909,1e-12,909,121806,,3.406487500775547,-2.810301063931647,0.10492185884556715
910,1e-12,910,121940,,3.406487500775547,-2.810301063931647,0.10492185884556715
911,1e-12,911,122074,5,3.4270233670755523,-2.8047456051249178,0.09738090734359073
912,1e-12,912,122208,,3.4270233670755523,-2.8047456051249178,0.09738090734359073
913,1e-12,913,122342,,3.4270233670755523,-2.8047456051249178,0.09738090734359073
914,1e-12,914,122476,,3.4270233670755523,-2.8047456051249178,0.09738090734359073
915,1e-12,915,122610,,3.4270233670755523,-2.8047456051249178,0.09738090734359073
916,1e-12,916,122744,5,3.447402296761694,-2.7992137030952513,0.09038180172364507
917,1e-12,917,122878,,3.447402296761694,-2.7992137030952513,0.09038180172364507
918,1e-12,918,123012,,3.447402296761694,-2.7992137030952513,0.09038180172364507
919,1e-12,919,123146,,3.447402296761694,-2.7992137030952513,0.09038180172364507
920,1e-12,920,123280,,3.447402296761694,-2.7992137030952513,0.09038180172364507
921,1e-12,921,123414,5,3.4676093717880816,-2.7937021610577055,0.08388705264261676
922,1e-12,922,123548,,3.4676093717880816,-2.7937021610577055,0.08388705264261676
923,1e-12,923,123682,,3.4676093717880816,-2.7937021610577055,0.08388705264261676
924,1e-12,924,123816,,3.4676093717880816,-2.7937021610577055,0.08388705264261676
925,1e-12,925,123950,,3.4676093717880816,-2.7937021610577055,0.08388705264261676
926,1e-12,926,124084,5,3.487615177527462,-2.7881922936501597,0.07786311338725582
927,1e-12,927,124218,,3.487615177527462,-2.7881922936501597,0.07786311338725582
928,1e-12,928,124352,,3.487615177527462,-2.7881922936501597,0.07786311338725582
929,1e-12,929,124486,,3.487615177527462,-2.7881922936501597,0.07786311338725582
930,1e-12,930,124620,,3.487615177527462,-2.7881922936501597,0.07786311338725582
931,1e-12,931,124754,5,3.5074163114211094,-2.782682502297008,0.07227625900354262
932,1e-12,932,124888,,3.5074163114211094,-2.782682502297008,0.07227625900354262
933,1e-12,933,125022,,3.5074163114211094,-2.782682502297008,0.07227625900354262
934,1e-12,934,125156,,3.5074163114211094,-2.782682502297008,0.07227625900354262
935,1e-12,935,125290,,3.5074163114211094,-2.782682502297008,0.07227625900354262
936,1e-12,936,125424,5,3.5270130812149034,-2.777173608231286,0.06709481016525265
937,1e-12,937,125558,,3.5270130812149034,-2.777173608231286,0.06709481016525265
938,1e-12,938,125692,,3.5270130812149034,-2.777173608231286,0.06709481016525265
939,1e-12,939,125826,,3.5270130812149034,-2.777173608231286,0.06709481016525265
940,1e-12,940,125960,,3.5270130812149034,-2.777173608231286,0.06709481016525265
941,1e-12,941,126094,5,3.5464058671396943,-2.7716664280010535,0.06228932611647897
942,1e-12,942,126228,,3.5464058671396943,-2.7716664280010535,0.06228932611647897
943,1e-12,943,126362,,3.5464058671396943,-2.7716664280010535,0.06228932611647897
944,1e-12,944,126496,,3.5464058671396943,-2.7716664280010535,0.06228932611647897
945,1e-12,945,126630,,3.5464058671396943,-2.7716664280010535,0.06228932611647897
946,1e-12,946,126764,5,3.5655951192173694,-2.766161773507455,0.057832459023225535
947,1e-12,947,126898,,3.5655951192173694,-2.766161773507455,0.057832459023225535
948,1e-12,948,127032,,3.5655951192173694,-2.766161773507455,0.057832459023225535
949,1e-12,949,127166,,3.5655951192173694,-2.766161773507455,0.057832459023225535
950,1e-12,950,127300,,3.5655951192173694,-2.766161773507455,0.057832459023225535
951,1e-12,951,127434,5,3.5845813546034555,-2.7606604520415714,0.053698815568087976
952,1e-12,952,127568,,3.5845813546034555,-2.7606604520415714,0.053698815568087976
953,1e-12,953,127702,,3.5845813546034555,-2.7606604520415714,0.053698815568087976
954,1e-12,954,127836,,3.5845813546034555,-2.7606604520415714,0.053698815568087976
955,1e-12,955,127970,,3.5845813546034555,-2.7606604520415714,0.053698815568087976
956,1e-12,956,128104,5,3.6033637927028273,-2.755161811042914,0.04986479785949438
957,1e-12,957,128238,,3.6033637927028273,-2.755161811042914,0.04986479785949438
958,1e-12,958,128372,,3.6033637927028273,-2.755161811042914,0.04986479785949438
959,1e-12,959,128506,,3.6033637927028273,-2.755161811042914,0.04986479785949438
960,1e-12,960,128640,,3.6033637927028273,-2.755161811042914,0.04986479785949438
961,1e-12,961,128774,5,3.621940703639125,-2.7496640528613723,0.046308495092192814
962,1e-12,962,128908,,3.621940703639125,-2.7496640528613723,0.046308495092192814
963,1e-12,963,129042,,3.621940703639125,-2.7496640528613723,0.046308495092192814
964,1e-12,964,129176,,3.621940703639125,-2.7496640528613723,0.046308495092192814
965,1e-12,965,129310,,3.621940703639125,-2.7496640528613723,0.046308495092192814
966,1e-12,966,129444,5,3.640312850793723,-2.744167929231062,0.04300963383267131
967,1e-12,967,129578,,3.640312850793723,-2.744167929231062,0.04300963383267131
968,1e-12,968,129712,,3.640312850793723,-2.744167929231062,0.04300963383267131
969,1e-12,969,129846,,3.640312850793723,-2.744167929231062,0.04300963383267131
970,1e-12,970,129980,,3.640312850793723,-2.744167929231062,0.04300963383267131
971,1e-12,971,130114,5,3.6584811034827274,-2.7386742391185113,0.03994941232479432
972,1e-12,972,130248,,3.6584811034827274,-2.7386742391185113,0.03994941232479432
973,1e-12,973,130382,,3.6584811034827274,-2.7386742391185113,0.03994941232479432
974,1e-12,974,130516,,3.6584811034827274,-2.7386742391185113,0.03994941232479432
975,1e-12,975,130650,,3.6584811034827274,-2.7386742391185113,0.03994941232479432
976,1e-12,976,130784,5,3.6764463857512673,-2.7331837772755447,0.03711039654947523
977,1e-12,977,130918,,3.6764463857512673,-2.7331837772755447,0.03711039654947523
978,1e-12,978,131052,,3.6764463857512673,-2.7331837772755447,0.03711039654947523
979,1e-12,979,131186,,3.6764463857512673,-2.7331837772755447,0.03711039654947523
980,1e-12,980,131320,,3.6764463857512673,-2.7331837772755447,0.03711039654947523
981,1e-12,981,131454,5,3.69420967382569,-2.7276973342699096,0.034476423784565835
982,1e-12,982,131588,,3.69420967382569,-2.7276973342699096,0.034476423784565835
983,1e-12,983,131722,,3.69420967382569,-2.7276973342699096,0.034476423784565835
984,1e-12,984,131856,,3.69420967382569,-2.7276973342699096,0.034476423784565835
985,1e-12,985,131990,,3.69420967382569,-2.7276973342699096,0.034476423784565835
986,1e-12,986,132124,5,3.711771993620343,-2.7222156965149384,0.03203251233222604
987,1e-12,987,132258,,3.711771993620343,-2.7222156965149384,0.03203251233222604
988,1e-12,988,132392,,3.711771993620343,-2.7222156965149384,0.03203251233222604
989,1e-12,989,132526,,3.711771993620343,-2.7222156965149384,0.03203251233222604
990,1e-12,990,132660,,3.711771993620343,-2.7222156965149384,0.03203251233222604
991,1e-12,991,132794,5,3.729134418299883,-2.7167396462983904,0.02976477713203929
992,1e-12,992,132928,,3.729134418299883,-2.7167396462983904,0.02976477713203929
993,1e-12,993,133062,,3.729134418299883,-2.7167396462983904,0.02976477713203929
994,1e-12,994,133196,,3.729134418299883,-2.7167396462983904,0.02976477713203929
995,1e-12,995,133330,,3.729134418299883,-2.7167396462983904,0.02976477713203929
996,1e-12,996,133464,5,3.7462980658977556,-2.71126996181056,0.027660350970300396
997,1e-12,997,133598,,3.7462980658977556,-2.71126996181056,0.027660350970300396
998,1e-12,998,133732,,3.7462980658977556,-2.71126996181056,0.027660350970300396
999,1e-12,999,133866,,3.7462980658977556,-2.71126996181056,0.027660350970300396
1000,1e-12,1000,134000,,3.7462980658977556,-2.71126996181056,0.027660350970300396
