step,BattleShip2/conv,BattleShip2/iters,BattleShip2/nodes_touched
0,0.5,0,0
1,0.5,1,20138
2,0.6944444444444446,2,40276
3,0.8797310806569236,3,60414
4,0.8579466667971232,4,80552
5,0.6635230038932237,5,100690
6,0.5747670568252682,6,120828
7,0.4642741820992581,7,140966
8,0.376082262877949,8,161104
9,0.3450263058030815,9,181242
10,0.3436006198051241,10,201380
11,0.31255070158511905,11,221518
12,0.2929292374478225,12,241656
13,0.2592321506952416,13,261794
14,0.23945271235094773,14,281932
15,0.2089157979312167,15,302070
16,0.18126609164201973,16,322208
17,0.1854591751965643,17,342346
18,0.17643475795738006,18,362484
19,0.14748886347746554,19,382622
20,0.13481800961146168,20,402760
21,0.1394410251840138,21,422898
22,0.13534228998149372,22,443036
23,0.13200614049957898,23,463174
24,0.1315706000336052,24,483312
25,0.12812115366305793,25,503450
26,0.1266391476894801,26,523588
27,0.12811611121660277,27,543726
28,0.12057416233805124,28,563864
29,0.11137959507788586,29,584002
30,0.09833619920162923,30,604140
31,0.08908299673797487,31,624278
32,0.08401461306914793,32,644416
33,0.07479829126274035,33,664554
34,0.07836863702174829,34,684692
35,0.07984436621746638,35,704830
36,0.07558268238090915,36,724968
37,0.07105595042513846,37,745106
38,0.0693986238810293,38,765244
39,0.06194685805303568,39,785382
40,0.05568398282516085,40,805520
41,0.06006277984598185,41,825658
42,0.06468030905850025,42,845796
43,0.06177419433493553,43,865934
44,0.05254030477194882,44,886072
45,0.045921725263835145,45,906210
46,0.049064728975550476,46,926348
47,0.04718539968520674,47,946486
48,0.04581649897495438,48,966624
49,0.04602309067694704,49,986762
50,0.046552176226800634,50,1006900
51,0.046917509663567725,51,1027038
52,0.05044570856321268,52,1047176
53,0.052183988166364104,53,1067314
54,0.050169298944926666,54,1087452
55,0.04645496021263584,55,1107590
56,0.04317751052261937,56,1127728
57,0.038070986043222954,57,1147866
58,0.040949616584258886,58,1168004
59,0.045045266322578714,59,1188142
60,0.04637175278852096,60,1208280
61,0.046429889866324736,61,1228418
62,0.04417753957231452,62,1248556
63,0.03775919514950571,63,1268694
64,0.0324356069563842,64,1288832
65,0.031017010934070277,65,1308970
66,0.03118830582811738,66,1329108
67,0.03069100591750018,67,1349246
68,0.03397229923215689,68,1369384
69,0.03504011345491331,69,1389522
70,0.03512713176710813,70,1409660
71,0.032218713632602425,71,1429798
72,0.031789976990583,72,1449936
73,0.03309259772636802,73,1470074
74,0.0321826860947691,74,1490212
75,0.03037330142605127,75,1510350
76,0.029397569682403257,76,1530488
77,0.027417284737888792,77,1550626
78,0.02485952325926033,78,1570764
79,0.02366726204315589,79,1590902
80,0.024324682016806765,80,1611040
81,0.02528281852355546,81,1631178
82,0.02559014568097373,82,1651316
83,0.02601147592782438,83,1671454
84,0.026291902741456152,84,1691592
85,0.02622891487134177,85,1711730
86,0.025524578414455157,86,1731868
87,0.02351509511626837,87,1752006
88,0.023255355206125483,88,1772144
89,0.02426520064358706,89,1792282
90,0.025031773929103884,90,1812420
91,0.024299011407706128,91,1832558
92,0.02396700917328276,92,1852696
93,0.024017713960894138,93,1872834
94,0.023911673335609396,94,1892972
95,0.025364760951833654,95,1913110
96,0.027021505062099938,96,1933248
97,0.027154040706746485,97,1953386
98,0.026176291654076922,98,1973524
99,0.023891870365069012,99,1993662
100,0.02070481280492542,100,2013800
101,0.02163850634450365,101,2033938
102,0.022498825273508438,102,2054076
103,0.02235718646948942,103,2074214
104,0.021593911417213008,104,2094352
105,0.021533524051831787,105,2114490
106,0.022244877753273495,106,2134628
107,0.022965420812236348,107,2154766
108,0.022600655660749702,108,2174904
109,0.02171139457324406,109,2195042
110,0.02080198073108347,110,2215180
111,0.01990433598960073,111,2235318
112,0.019984470740437854,112,2255456
113,0.019712996791112658,113,2275594
114,0.018967972490235185,114,2295732
115,0.019948016757700027,115,2315870
116,0.02172582783961069,116,2336008
117,0.022264751525221116,117,2356146
118,0.02149171977281744,118,2376284
119,0.0196681067159723,119,2396422
120,0.01897819002256873,120,2416560
121,0.018380459528764548,121,2436698
122,0.016883332588329525,122,2456836
123,0.016797291309024964,123,2476974
124,0.01818532668272793,124,2497112
125,0.018840936423897614,125,2517250
126,0.019391847386573235,126,2537388
127,0.021069501022212722,127,2557526
128,0.022451048954862163,128,2577664
129,0.0238259582066061,129,2597802
130,0.024339265343372662,130,2617940
131,0.023848721212388957,131,2638078
132,0.022382411882355624,132,2658216
133,0.020726713459455592,133,2678354
134,0.018274303237995282,134,2698492
135,0.01523737573584899,135,2718630
136,0.01548526931180677,136,2738768
137,0.015378583414092928,137,2758906
138,0.01586646890981641,138,2779044
139,0.015782641112826512,139,2799182
140,0.015318849288043723,140,2819320
141,0.01570925861974637,141,2839458
142,0.015586003815956262,142,2859596
143,0.016208976880581316,143,2879734
144,0.016937489123707183,144,2899872
145,0.017668131769976503,145,2920010
146,0.018154072969502333,146,2940148
147,0.018120485746648873,147,2960286
148,0.0176109819085985,148,2980424
149,0.01674942168283855,149,3000562
150,0.01596170806428243,150,3020700
151,0.014684186595883275,151,3040838
152,0.013991961812839793,152,3060976
153,0.013783698612821083,153,3081114
154,0.013654786418512088,154,3101252
155,0.013975946974008502,155,3121390
156,0.013731832019110601,156,3141528
157,0.014514106037951058,157,3161666
158,0.015118146792274412,158,3181804
159,0.015212574469478934,159,3201942
160,0.015263087239707651,160,3222080
161,0.015347153991395801,161,3242218
162,0.01567586239359875,162,3262356
163,0.01586726963144397,163,3282494
164,0.015660006822101724,164,3302632
165,0.015363344126975986,165,3322770
166,0.014922303415219829,166,3342908
167,0.014336589752400986,167,3363046
168,0.014073674028131533,168,3383184
169,0.01396264227690841,169,3403322
170,0.0137156656022136,170,3423460
171,0.013411611432719073,171,3443598
172,0.012957394348082296,172,3463736
173,0.013690777459091752,173,3483874
174,0.013771157054024874,174,3504012
175,0.013924896758929217,175,3524150
176,0.014062198889795485,176,3544288
177,0.01405673361437898,177,3564426
178,0.014051381567474208,178,3584564
179,0.014013427049528016,179,3604702
180,0.013783625171457203,180,3624840
181,0.012949916321049915,181,3644978
182,0.011958306957564058,182,3665116
183,0.011060038736196265,183,3685254
184,0.011159589001796033,184,3705392
185,0.011882114262359522,185,3725530
186,0.012062932956368289,186,3745668
187,0.012019809067338516,187,3765806
188,0.01167697721212102,188,3785944
189,0.011206732315443502,189,3806082
190,0.011855748748626882,190,3826220
191,0.012813907477839892,191,3846358
192,0.013632733012228948,192,3866496
193,0.013987140126556108,193,3886634
194,0.014681043970928898,194,3906772
195,0.01483581546165591,195,3926910
196,0.014614248175470135,196,3947048
197,0.014984746170302488,197,3967186
198,0.014809492054586815,198,3987324
199,0.014479700967401254,199,4007462
200,0.014082242739230366,200,4027600
201,0.013855931286420042,201,4047738
202,0.01346642386719038,202,4067876
203,0.012705187089405934,203,4088014
204,0.011863445878952605,204,4108152
205,0.011513699133795907,205,4128290
206,0.010925705364314253,206,4148428
207,0.010844439711993614,207,4168566
208,0.010386941815462125,208,4188704
209,0.010184374028132603,209,4208842
210,0.010422903562712527,210,4228980
211,0.010658937272411184,211,4249118
212,0.010449347688482047,212,4269256
213,0.00980933274544915,213,4289394
214,0.009828443418316346,214,4309532
215,0.010067191390317087,215,4329670
216,0.010094584411699636,216,4349808
217,0.010034490913157945,217,4369946
218,0.010778441382334969,218,4390084
219,0.01151507374948546,219,4410222
220,0.011948711969757497,220,4430360
221,0.012163492473879156,221,4450498
222,0.012167053162493557,222,4470636
223,0.011963722743340954,223,4490774
224,0.011928055958385086,224,4510912
225,0.012168994858992477,225,4531050
226,0.01208382952415532,226,4551188
227,0.011829232806375045,227,4571326
228,0.011787386290150415,228,4591464
229,0.012220201624040417,229,4611602
230,0.012496670195826232,230,4631740
231,0.012428227719773144,231,4651878
232,0.011906741566703571,232,4672016
233,0.01103638812558222,233,4692154
234,0.010123256294994443,234,4712292
235,0.00935929856296236,235,4732430
236,0.008814851526501188,236,4752568
237,0.009073159913894402,237,4772706
238,0.008851934811150208,238,4792844
239,0.008696728565681544,239,4812982
240,0.008279533232495528,240,4833120
241,0.008106151103576154,241,4853258
242,0.007901366290781031,242,4873396
243,0.008371813097589165,243,4893534
244,0.008871752461188043,244,4913672
245,0.009368095014591349,245,4933810
246,0.009567137957569583,246,4953948
247,0.00956779847508249,247,4974086
248,0.010322952448943101,248,4994224
249,0.010761290734970508,249,5014362
250,0.010720181521117256,250,5034500
251,0.010559418712069113,251,5054638
252,0.010361582840122896,252,5074776
253,0.01073827844194325,253,5094914
254,0.01070727022486162,254,5115052
255,0.010215372691915359,255,5135190
256,0.009275238114464734,256,5155328
257,0.008152751721644091,257,5175466
258,0.008335357818704148,258,5195604
259,0.008934222915077339,259,5215742
260,0.009408239118700035,260,5235880
261,0.009587170302941705,261,5256018
262,0.009839059669241479,262,5276156
263,0.009941898347852307,263,5296294
264,0.010161187834302476,264,5316432
265,0.009902679208410425,265,5336570
266,0.00924207220204093,266,5356708
267,0.008301201940256908,267,5376846
268,0.007918182043125721,268,5396984
269,0.007663001720933149,269,5417122
270,0.008473339445578487,270,5437260
271,0.00904671414515501,271,5457398
272,0.009498545417732762,272,5477536
273,0.009761104212165972,273,5497674
274,0.009732331508285896,274,5517812
275,0.009622976890239443,275,5537950
276,0.009748180391656147,276,5558088
277,0.009941710318575103,277,5578226
278,0.010017370784357993,278,5598364
279,0.009902701382608847,279,5618502
280,0.00962879867139288,280,5638640
281,0.00915826331204872,281,5658778
282,0.008829212220566096,282,5678916
283,0.008386857720370067,283,5699054
284,0.007733939066646434,284,5719192
285,0.007455769447643867,285,5739330
286,0.007824653272641369,286,5759468
287,0.008234631238446699,287,5779606
288,0.008254597194992663,288,5799744
289,0.007848378417007806,289,5819882
290,0.007575666191439623,290,5840020
291,0.007312211997445139,291,5860158
292,0.006899761571612872,292,5880296
293,0.006438429216107711,293,5900434
294,0.006805734390348095,294,5920572
295,0.007037101767324361,295,5940710
296,0.0072964184503313545,296,5960848
297,0.007422887660457955,297,5980986
298,0.007595141077352596,298,6001124
299,0.007937470579656491,299,6021262
300,0.008122216178726938,300,6041400
301,0.00810681589631268,301,6061538
302,0.008118865256614816,302,6081676
303,0.008179040592824427,303,6101814
304,0.008421956342829107,304,6121952
305,0.00845471341208992,305,6142090
306,0.008251898538028601,306,6162228
307,0.007961402658722971,307,6182366
308,0.007997230631156094,308,6202504
309,0.00787537456946924,309,6222642
310,0.007589625488225338,310,6242780
311,0.007422330375343622,311,6262918
312,0.00718452000325015,312,6283056
313,0.006897341818852598,313,6303194
314,0.00645647406064237,314,6323332
315,0.006368564650703568,315,6343470
316,0.006506893623308807,316,6363608
317,0.006793734365319493,317,6383746
318,0.007061501390178693,318,6403884
319,0.007142597664412997,319,6424022
320,0.006991252814109061,320,6444160
321,0.006555234022833034,321,6464298
322,0.006034195313673663,322,6484436
323,0.005973562175137115,323,6504574
324,0.006276992527282421,324,6524712
325,0.0064606310729332095,325,6544850
326,0.00643522760710552,326,6564988
327,0.0063894303283718035,327,6585126
328,0.006591180408896169,328,6605264
329,0.0071948202574027564,329,6625402
330,0.007680125392449666,330,6645540
331,0.007975390593782994,331,6665678
332,0.008131404718558777,332,6685816
333,0.007972264686802844,333,6705954
334,0.0075162525191583285,334,6726092
335,0.007187468498498051,335,6746230
336,0.0072218581545958616,336,6766368
337,0.007285003539316104,337,6786506
338,0.007356565985105978,338,6806644
339,0.007251303056967362,339,6826782
340,0.006919671878399258,340,6846920
341,0.006601275130258988,341,6867058
342,0.006304761496014499,342,6887196
343,0.006248512374006754,343,6907334
344,0.006403651384969566,344,6927472
345,0.00632337303160152,345,6947610
346,0.006200289779127122,346,6967748
347,0.006234547281879832,347,6987886
348,0.0061867452835783765,348,7008024
349,0.006135800763337196,349,7028162
350,0.006037802081068966,350,7048300
351,0.00593673021723895,351,7068438
352,0.00615390550138839,352,7088576
353,0.00657372160922276,353,7108714
354,0.0071526225990715675,354,7128852
355,0.007558413727106195,355,7148990
356,0.007762909120254624,356,7169128
357,0.0076799025882052785,357,7189266
358,0.0073834709450411595,358,7209404
359,0.006892855113215968,359,7229542
360,0.006401242301731114,360,7249680
361,0.006513910432494829,361,7269818
362,0.006985921255012129,362,7289956
363,0.007265977035617099,363,7310094
364,0.0074131133938531435,364,7330232
365,0.0075620027899904185,365,7350370
366,0.007520405669501629,366,7370508
367,0.007229988952225319,367,7390646
368,0.0067015801057793145,368,7410784
369,0.006294342833864763,369,7430922
370,0.006251209583967798,370,7451060
371,0.0062541676290003845,371,7471198
372,0.006089194195335601,372,7491336
373,0.006040405406835869,373,7511474
374,0.005906060630481158,374,7531612
375,0.005601368214243896,375,7551750
376,0.005267370610472499,376,7571888
377,0.005249640012579382,377,7592026
378,0.005316275790229419,378,7612164
379,0.005416831103129627,379,7632302
380,0.005628252783102361,380,7652440
381,0.005664573413466267,381,7672578
382,0.0055574242077681135,382,7692716
383,0.006020729230850785,383,7712854
384,0.006308316005552539,384,7732992
385,0.006335194992145132,385,7753130
386,0.006536745875902972,386,7773268
387,0.006590545880833798,387,7793406
388,0.0066676594173632475,388,7813544
389,0.006576671899974074,389,7833682
390,0.006399181361627593,390,7853820
391,0.006117582319427828,391,7873958
392,0.006140038486821986,392,7894096
393,0.00616193883798033,393,7914234
394,0.006158199005666887,394,7934372
395,0.006155535211571805,395,7954510
396,0.00608924215543416,396,7974648
397,0.005991458111850978,397,7994786
398,0.005786787236334856,398,8014924
399,0.00568143677853461,399,8035062
400,0.005598783953675968,400,8055200
401,0.005600265170324248,401,8075338
402,0.0055324533247602115,402,8095476
403,0.005580170716998567,403,8115614
404,0.00558908979006062,404,8135752
405,0.005503554925986087,405,8155890
406,0.005423858147785732,406,8176028
407,0.005398832187584635,407,8196166
408,0.0052866835573764925,408,8216304
409,0.005497081003803694,409,8236442
410,0.005794361361897815,410,8256580
411,0.006047225804042211,411,8276718
412,0.006169944243515912,412,8296856
413,0.00611491315812096,413,8316994
414,0.006051253795453793,414,8337132
415,0.00594952538582183,415,8357270
416,0.005816608317126715,416,8377408
417,0.005541819739455611,417,8397546
418,0.005267826764148886,418,8417684
419,0.005308755374773766,419,8437822
420,0.005160505236434965,420,8457960
421,0.004815430126359543,421,8478098
422,0.00490024488641555,422,8498236
423,0.005059258374434772,423,8518374
424,0.005336028240826629,424,8538512
425,0.005607277539400879,425,8558650
426,0.005929987771560508,426,8578788
427,0.006128652876610352,427,8598926
428,0.006209408499089353,428,8619064
429,0.006270655344972509,429,8639202
430,0.006243555818588431,430,8659340
431,0.006117025716427915,431,8679478
432,0.0061099417165343395,432,8699616
433,0.006034026205899823,433,8719754
434,0.005827622907370378,434,8739892
435,0.00586842970786311,435,8760030
436,0.006133648808231251,436,8780168
437,0.00622802718567339,437,8800306
438,0.006209398489144757,438,8820444
439,0.0061897142804678285,439,8840582
440,0.006041774440935954,440,8860720
441,0.005718476388183236,441,8880858
442,0.005542044250766376,442,8900996
443,0.00568166442950957,443,8921134
444,0.005721976078347679,444,8941272
445,0.005851051126776086,445,8961410
446,0.005904025516145162,446,8981548
447,0.005866470416494851,447,9001686
448,0.0056291625331647555,448,9021824
449,0.005203810468223158,449,9041962
450,0.004795353800801483,450,9062100
451,0.004706239444101423,451,9082238
452,0.00450798423901605,452,9102376
453,0.004432520815993324,453,9122514
454,0.0045975671326661804,454,9142652
455,0.004726678692013042,455,9162790
456,0.004713336407339119,456,9182928
457,0.0048377046432197535,457,9203066
458,0.004953676589852685,458,9223204
459,0.005122214793358115,459,9243342
460,0.0051658566521005644,460,9263480
461,0.0050185671615256555,461,9283618
462,0.004727529702184263,462,9303756
463,0.004376031978784001,463,9323894
464,0.004172859326937894,464,9344032
465,0.004182418993576131,465,9364170
466,0.004247699134497462,466,9384308
467,0.0042478440825129415,467,9404446
468,0.004186341376271441,468,9424584
469,0.004210412386319029,469,9444722
470,0.004236189879327945,470,9464860
471,0.00441058701494329,471,9484998
472,0.004546384614294241,472,9505136
473,0.004689235436844574,473,9525274
474,0.004727676604095898,474,9545412
475,0.004758087685359069,475,9565550
476,0.004719235618196982,476,9585688
477,0.004596170953542478,477,9605826
478,0.004806430805126105,478,9625964
479,0.0050083180067574395,479,9646102
480,0.005073324946828439,480,9666240
481,0.005052016409480609,481,9686378
482,0.005054395998830952,482,9706516
483,0.005020531916476612,483,9726654
484,0.004885276715005382,484,9746792
485,0.004937725596294573,485,9766930
486,0.0049181335454592245,486,9787068
487,0.0047673646323460606,487,9807206
488,0.004578054289885725,488,9827344
489,0.004404720186230615,489,9847482
490,0.004358729728261734,490,9867620
491,0.0042638983593507596,491,9887758
492,0.004189647617196257,492,9907896
493,0.0041978002799009095,493,9928034
494,0.004290126489924884,494,9948172
495,0.004299584861011674,495,9968310
496,0.004212775111210487,496,9988448
497,0.004103551729253474,497,10008586
498,0.004170328359214492,498,10028724
499,0.004220812547910624,499,10048862
500,0.004397917657704087,500,10069000
501,0.004531388827851535,501,10089138
502,0.004601710391455349,502,10109276
503,0.004565754860972826,503,10129414
504,0.0044988394974904145,504,10149552
505,0.004360877921304129,505,10169690
506,0.004396765798911073,506,10189828
507,0.004460907364027655,507,10209966
508,0.0045049842800082285,508,10230104
509,0.004552235658653037,509,10250242
510,0.004509302119390324,510,10270380
511,0.004417044471858533,511,10290518
512,0.004505240551821166,512,10310656
513,0.004768696469719558,513,10330794
514,0.005091377953483689,514,10350932
515,0.0052868273876639504,515,10371070
516,0.005334858787072627,516,10391208
517,0.0052828014328016315,517,10411346
518,0.005254978087720352,518,10431484
519,0.005185016804208797,519,10451622
520,0.005071940307157519,520,10471760
521,0.004894745804298439,521,10491898
522,0.004646341422881062,522,10512036
523,0.0043306966960618976,523,10532174
524,0.004150239155979785,524,10552312
525,0.0039420913822708625,525,10572450
526,0.0039432823397286265,526,10592588
527,0.004229327351810419,527,10612726
528,0.004361683099010694,528,10632864
529,0.0044618429109760105,529,10653002
530,0.004448150913579918,530,10673140
531,0.004323809905677822,531,10693278
532,0.004331587815323168,532,10713416
533,0.00423805675421296,533,10733554
534,0.004398579722321272,534,10753692
535,0.004489457230361538,535,10773830
536,0.004513326044566446,536,10793968
537,0.004418012339901356,537,10814106
538,0.004428661756181451,538,10834244
539,0.004482977524582876,539,10854382
540,0.004490749535598582,540,10874520
541,0.004458899938868888,541,10894658
542,0.00458886940187575,542,10914796
543,0.004634897810525895,543,10934934
544,0.004587801620081211,544,10955072
545,0.004553611926494949,545,10975210
546,0.004386762230761565,546,10995348
547,0.004376926185628349,547,11015486
548,0.004354018352043798,548,11035624
549,0.004192925397585812,549,11055762
550,0.003974123533418583,550,11075900
551,0.003805619102138502,551,11096038
552,0.00376313390919647,552,11116176
553,0.003715876493426584,553,11136314
554,0.0036802693639361728,554,11156452
555,0.0038837372072977883,555,11176590
556,0.0039653395475350295,556,11196728
557,0.0039580784971953165,557,11216866
558,0.0039218320682791186,558,11237004
559,0.0038507891126043914,559,11257142
560,0.0037896021659463153,560,11277280
561,0.0038639481766438166,561,11297418
562,0.003984088688408549,562,11317556
563,0.004040090834038945,563,11337694
564,0.004074662869495316,564,11357832
565,0.0040402348470891525,565,11377970
566,0.003906739824659666,566,11398108
567,0.0037954199841488956,567,11418246
568,0.003918407602360063,568,11438384
569,0.004293505911757756,569,11458522
570,0.004649173908264637,570,11478660
571,0.004911167346895118,571,11498798
572,0.005078928847190578,572,11518936
573,0.00508702732858346,573,11539074
574,0.004997689150594287,574,11559212
575,0.004897952477333933,575,11579350
576,0.004672531070473995,576,11599488
577,0.004344119573516769,577,11619626
578,0.003906760775310714,578,11639764
579,0.003773274472690824,579,11659902
580,0.0038334365200390352,580,11680040
581,0.003810758592792285,581,11700178
582,0.0038271096867519283,582,11720316
583,0.004081968479481224,583,11740454
584,0.004219646056111581,584,11760592
585,0.004208493250654366,585,11780730
586,0.004039801106542451,586,11800868
587,0.0038545640514014434,587,11821006
588,0.003734621854162845,588,11841144
589,0.0036408272033735534,589,11861282
590,0.0035113569913296505,590,11881420
591,0.0034186814791913323,591,11901558
592,0.003404142250977682,592,11921696
593,0.003356253026083167,593,11941834
594,0.0033645656875589403,594,11961972
595,0.0033059088616928523,595,11982110
596,0.0033393178745368957,596,12002248
597,0.0033622884158616695,597,12022386
598,0.0036572939219527423,598,12042524
599,0.004043264438700289,599,12062662
600,0.004373983955465288,600,12082800
601,0.004570097250028493,601,12102938
602,0.0046188564662841824,602,12123076
603,0.00457264847949318,603,12143214
604,0.004468983956745887,604,12163352
605,0.0044059164981627985,605,12183490
606,0.0043626405059759565,606,12203628
607,0.004249719899714177,607,12223766
608,0.004165615449523152,608,12243904
609,0.00404738785634845,609,12264042
610,0.004034118914162332,610,12284180
611,0.004022520898880777,611,12304318
612,0.003970859965465867,612,12324456
613,0.0038526992600252385,613,12344594
614,0.003691168291787672,614,12364732
615,0.0036646901249652863,615,12384870
616,0.0037312741007576866,616,12405008
617,0.0038827527624950564,617,12425146
618,0.003924676185335596,618,12445284
619,0.0039069136593931075,619,12465422
620,0.0038410564651847334,620,12485560
621,0.0037667765936285624,621,12505698
622,0.003619107363753482,622,12525836
623,0.003520400095462728,623,12545974
624,0.0036084940738327353,624,12566112
625,0.003856225119707013,625,12586250
626,0.004067506139380783,626,12606388
627,0.004163601836112862,627,12626526
628,0.004173337643639863,628,12646664
629,0.004103425894258883,629,12666802
630,0.0039545376810383726,630,12686940
631,0.00371591609387234,631,12707078
632,0.0034818461847713755,632,12727216
633,0.003477100990215143,633,12747354
634,0.0033999552357877327,634,12767492
635,0.0033907552288541254,635,12787630
636,0.0034124101189345057,636,12807768
637,0.003373048682269786,637,12827906
638,0.003499778421612587,638,12848044
639,0.003555345933341836,639,12868182
640,0.003561770751422555,640,12888320
641,0.0037005690079476294,641,12908458
642,0.0037509285454531693,642,12928596
643,0.0036806466538512606,643,12948734
644,0.0035130809378022265,644,12968872
645,0.0033618049953254014,645,12989010
646,0.003342705421309433,646,13009148
647,0.0035852218066213526,647,13029286
648,0.0037343382786220736,648,13049424
649,0.003784064983040125,649,13069562
650,0.0037658425884925517,650,13089700
651,0.003779454960401385,651,13109838
652,0.003751697512235863,652,13129976
653,0.0036589215782894535,653,13150114
654,0.003509674767816884,654,13170252
655,0.003426650560397315,655,13190390
656,0.0033892515944055623,656,13210528
657,0.003470142592136738,657,13230666
658,0.0035769904563,658,13250804
659,0.003697553492881256,659,13270942
660,0.0037445222118468457,660,13291080
661,0.0036850758620304847,661,13311218
662,0.0035509010714510625,662,13331356
663,0.003321756807348697,663,13351494
664,0.0030797525367191603,664,13371632
665,0.0029258408440986927,665,13391770
666,0.003069843788564064,666,13411908
667,0.0031469790789145358,667,13432046
668,0.0031597030469511234,668,13452184
669,0.0031003156889949923,669,13472322
670,0.0031275873101040963,670,13492460
671,0.003146520723142865,671,13512598
672,0.0032793192683555072,672,13532736
673,0.00334915784049572,673,13552874
674,0.0033887630925722445,674,13573012
675,0.003391450602256374,675,13593150
676,0.0035820224064827544,676,13613288
677,0.00365651492326563,677,13633426
678,0.0036249277955530124,678,13653564
679,0.0035143821339664316,679,13673702
680,0.003393726467757374,680,13693840
681,0.003284199782269015,681,13713978
682,0.0032163551090976794,682,13734116
683,0.0031807837360178226,683,13754254
684,0.0030997499131933393,684,13774392
685,0.0029814803000134393,685,13794530
686,0.0030028297165231033,686,13814668
687,0.0031793133058174994,687,13834806
688,0.003344295623427751,688,13854944
689,0.0034498967476944142,689,13875082
690,0.0034615304472244146,690,13895220
691,0.0034811725278579564,691,13915358
692,0.003461510869940343,692,13935496
693,0.003565958027557936,693,13955634
694,0.0037130130480628187,694,13975772
695,0.0037714944031825293,695,13995910
696,0.0037116385050212086,696,14016048
697,0.003685239246442207,697,14036186
698,0.0036785014569135077,698,14056324
699,0.0036503895571456946,699,14076462
700,0.003555757277140692,700,14096600
701,0.003440478319559792,701,14116738
702,0.003307514582653215,702,14136876
703,0.0032119358323218217,703,14157014
704,0.0031219214952091234,704,14177152
705,0.0030048533242117426,705,14197290
706,0.0028494074481170695,706,14217428
707,0.002678615427048059,707,14237566
708,0.0027457767301869995,708,14257704
709,0.002809932586969932,709,14277842
710,0.0028543489283966994,710,14297980
711,0.0028988340420366687,711,14318118
712,0.0030910720194479158,712,14338256
713,0.0032138400914428766,713,14358394
714,0.003259752541811045,714,14378532
715,0.003264291088702964,715,14398670
716,0.0033086040229685088,716,14418808
717,0.0034000586552812573,717,14438946
718,0.0034701309357202392,718,14459084
719,0.0035203192320483745,719,14479222
720,0.0034924726439938825,720,14499360
721,0.0033862497840210226,721,14519498
722,0.003354525554486454,722,14539636
723,0.003355826927361083,723,14559774
724,0.0034600113154016343,724,14579912
725,0.0035929060876522256,725,14600050
726,0.0036554266072614805,726,14620188
727,0.0037211576124013823,727,14640326
728,0.003768848199425079,728,14660464
729,0.003814673945706226,729,14680602
730,0.003832875901836452,730,14700740
731,0.0037759223190150237,731,14720878
732,0.0036651392341905953,732,14741016
733,0.00347367788720776,733,14761154
734,0.0032145475423825953,734,14781292
735,0.0030247153592456444,735,14801430
736,0.002874807657780254,736,14821568
737,0.0028095660335974992,737,14841706
738,0.002791793635151807,738,14861844
739,0.002781030064003265,739,14881982
740,0.0028750701020299196,740,14902120
741,0.0029596377080827185,741,14922258
742,0.0030061243767330326,742,14942396
743,0.003111883386241132,743,14962534
744,0.0031772029744673302,744,14982672
745,0.0032013221524849755,745,15002810
746,0.0031463981081084613,746,15022948
747,0.0030177805690360104,747,15043086
748,0.0029630591136246,748,15063224
749,0.0030140598142379127,749,15083362
750,0.003027346621176985,750,15103500
751,0.003066460823265671,751,15123638
752,0.003063881060259621,752,15143776
753,0.0030709863509513213,753,15163914
754,0.003089532894728353,754,15184052
755,0.0030605882690171726,755,15204190
756,0.003000412403327879,756,15224328
757,0.0029424779099387344,757,15244466
758,0.002841310263150487,758,15264604
759,0.002956941916143263,759,15284742
760,0.003054575443754759,760,15304880
761,0.0031574747984167706,761,15325018
762,0.0032316816554643357,762,15345156
763,0.003259412370902437,763,15365294
764,0.0033034893959228984,764,15385432
765,0.0033115458762686956,765,15405570
766,0.003305493242741264,766,15425708
767,0.003232387153663585,767,15445846
768,0.003146356371009351,768,15465984
769,0.003159280564545841,769,15486122
770,0.0032272636427339574,770,15506260
771,0.0033385156175670394,771,15526398
772,0.0034046421722461195,772,15546536
773,0.003411039823001283,773,15566674
774,0.0033679877021770555,774,15586812
775,0.0033340384515698207,775,15606950
776,0.003269129815752836,776,15627088
777,0.0032091402127047974,777,15647226
778,0.0031171866152311933,778,15667364
779,0.002999094192083107,779,15687502
780,0.002987654645153104,780,15707640
781,0.0030248659686905044,781,15727778
782,0.003087592109188686,782,15747916
783,0.0031057206140410742,783,15768054
784,0.0030424962450413817,784,15788192
785,0.002956254294121885,785,15808330
786,0.0029204126598016966,786,15828468
787,0.0028489935210206374,787,15848606
788,0.002816993176308069,788,15868744
789,0.002804536069043073,789,15888882
790,0.002901283999793447,790,15909020
791,0.00296813039800492,791,15929158
792,0.002977243999051027,792,15949296
793,0.003007806015796921,793,15969434
794,0.00304942639935063,794,15989572
795,0.0030310136617291428,795,16009710
796,0.0029687198388276825,796,16029848
797,0.0028576577301043793,797,16049986
798,0.00282820671665307,798,16070124
799,0.002801874528448267,799,16090262
800,0.002823704271549543,800,16110400
801,0.0028694563755176095,801,16130538
802,0.0028637546450520635,802,16150676
803,0.0028056349193298913,803,16170814
804,0.00273986010518823,804,16190952
805,0.002652413953652455,805,16211090
806,0.0025902398829633633,806,16231228
807,0.002544388399407904,807,16251366
808,0.0025909051378825154,808,16271504
809,0.0027557970759449213,809,16291642
810,0.0029382453196163394,810,16311780
811,0.0030986424019401326,811,16331918
812,0.0032825160600107872,812,16352056
813,0.0034271181214813318,813,16372194
814,0.0034861674058897507,814,16392332
815,0.0034790433185527547,815,16412470
816,0.0034333782416274272,816,16432608
817,0.0033299764860147962,817,16452746
818,0.003351022874286791,818,16472884
819,0.0033329080233375774,819,16493022
820,0.003247330438623186,820,16513160
821,0.0031574842651961865,821,16533298
822,0.0030778399052296956,822,16553436
823,0.0029297864272779806,823,16573574
824,0.0028044302817202826,824,16593712
825,0.0026844309153193358,825,16613850
826,0.002806066551883868,826,16633988
827,0.003014396767034966,827,16654126
828,0.0031619189106221746,828,16674264
829,0.0032649345079100445,829,16694402
830,0.0032689395759961104,830,16714540
831,0.0031663392021374914,831,16734678
832,0.002953780578422882,832,16754816
833,0.0027630990258777355,833,16774954
834,0.002691657877622544,834,16795092
835,0.0027389718903674254,835,16815230
836,0.002787075901273417,836,16835368
837,0.002805647863723837,837,16855506
838,0.002788806825302692,838,16875644
839,0.002679837760839743,839,16895782
840,0.002506136917558688,840,16915920
841,0.0023414105232951177,841,16936058
842,0.0023210223236792005,842,16956196
843,0.002421907569343962,843,16976334
844,0.002489888953479069,844,16996472
845,0.0025210683847247117,845,17016610
846,0.0024881664816731597,846,17036748
847,0.0024288712570836313,847,17056886
848,0.002315265227103569,848,17077024
849,0.0022618757355568064,849,17097162
850,0.002286049364149889,850,17117300
851,0.0023235438187234614,851,17137438
852,0.0023869889800909316,852,17157576
853,0.0024992283731543052,853,17177714
854,0.0025687765213784353,854,17197852
855,0.0025985207184523462,855,17217990
856,0.0026681785590595974,856,17238128
857,0.0028142055828200285,857,17258266
858,0.0029397646812128198,858,17278404
859,0.003031206850402701,859,17298542
860,0.0031103456391431417,860,17318680
861,0.0031259540887328408,861,17338818
862,0.003146621681549222,862,17358956
863,0.0031037674315949615,863,17379094
864,0.003008258334942615,864,17399232
865,0.0029257647574642554,865,17419370
866,0.002805874737286884,866,17439508
867,0.0027146545996323823,867,17459646
868,0.0027637729049901916,868,17479784
869,0.0028045453136243403,869,17499922
870,0.0028749314771504553,870,17520060
871,0.002939647204026674,871,17540198
872,0.0029624550331024957,872,17560336
873,0.0029636066710689857,873,17580474
874,0.002935354407291424,874,17600612
875,0.0029389927497341928,875,17620750
876,0.002922671896595286,876,17640888
877,0.0028560468863211286,877,17661026
878,0.002786384160869626,878,17681164
879,0.0027140180720093277,879,17701302
880,0.0025733134338071784,880,17721440
881,0.0024835593727659533,881,17741578
882,0.0024175056208187717,882,17761716
883,0.002480144959302266,883,17781854
884,0.0024848214683944603,884,17801992
885,0.0024241938305873956,885,17822130
886,0.002358735614898022,886,17842268
887,0.0023693834840416983,887,17862406
888,0.002330293433473629,888,17882544
889,0.0022983083632270307,889,17902682
890,0.0023234373854349455,890,17922820
891,0.002425084717747883,891,17942958
892,0.002505341441929765,892,17963096
893,0.0025690999089655886,893,17983234
894,0.002592447376871254,894,18003372
895,0.002570806697498651,895,18023510
896,0.002506045072149077,896,18043648
897,0.0024070608449578423,897,18063786
898,0.002390959747009258,898,18083924
899,0.002401728857800156,899,18104062
900,0.0024656108431967416,900,18124200
901,0.0024762046928630266,901,18144338
902,0.0024583791835361968,902,18164476
903,0.002460190720198374,903,18184614
904,0.002519237827390164,904,18204752
905,0.002546323227226366,905,18224890
906,0.0026099588104278038,906,18245028
907,0.0027847262940751127,907,18265166
908,0.0029846448597618536,908,18285304
909,0.0031831757788040593,909,18305442
910,0.003340520391526769,910,18325580
911,0.0034111736056703923,911,18345718
912,0.0034320325161139587,912,18365856
913,0.0034165970691444336,913,18385994
914,0.0034068526102865593,914,18406132
915,0.0033128650328879683,915,18426270
916,0.0031361334371520777,916,18446408
917,0.002915921060709148,917,18466546
918,0.0026672182191249116,918,18486684
919,0.00243989670926803,919,18506822
920,0.002366475644559385,920,18526960
921,0.002262271852908615,921,18547098
922,0.002170930809497318,922,18567236
923,0.0021566580480585906,923,18587374
924,0.0022092008499913773,924,18607512
925,0.002244377031856204,925,18627650
926,0.002372592872242507,926,18647788
927,0.002447459978197508,927,18667926
928,0.0024789250857721323,928,18688064
929,0.0024781052583400243,929,18708202
930,0.0024509518838679023,930,18728340
931,0.0025339811880564223,931,18748478
932,0.0025724277387527694,932,18768616
933,0.002582258063764886,933,18788754
934,0.0025890658810058254,934,18808892
935,0.0025431720857879703,935,18829030
936,0.002506532211050294,936,18849168
937,0.0024618901114538128,937,18869306
938,0.0024099163701272186,938,18889444
939,0.002367353263820593,939,18909582
940,0.0023339402697939993,940,18929720
941,0.002330009105953823,941,18949858
942,0.0023607031432569814,942,18969996
943,0.0024092956589060743,943,18990134
944,0.0024730060781174013,944,19010272
945,0.002498182693015716,945,19030410
946,0.002491876413181937,946,19050548
947,0.002460550556974528,947,19070686
948,0.002439298163897541,948,19090824
949,0.002377737317766415,949,19110962
950,0.0022840733683088255,950,19131100
951,0.0022248967607912395,951,19151238
952,0.0022412104332898974,952,19171376
953,0.002396399453992837,953,19191514
954,0.0025057269076843025,954,19211652
955,0.00258696784549467,955,19231790
956,0.00263650889368644,956,19251928
957,0.0027084317646655087,957,19272066
958,0.0027282023543478418,958,19292204
959,0.002705349936459711,959,19312342
960,0.002663867283233312,960,19332480
961,0.00265134020301927,961,19352618
962,0.002632841172212408,962,19372756
963,0.0025772868104962376,963,19392894
964,0.002503401475282885,964,19413032
965,0.0024430545861005015,965,19433170
966,0.0024399607107301047,966,19453308
967,0.0024606652428895703,967,19473446
968,0.002473525564982204,968,19493584
969,0.0024718235086540474,969,19513722
970,0.0024484368618931662,970,19533860
971,0.0024482265610432097,971,19553998
972,0.0024393902527884426,972,19574136
973,0.0023754224652346445,973,19594274
974,0.0022594263482659804,974,19614412
975,0.0020970050037003585,975,19634550
976,0.0020534554979950714,976,19654688
977,0.002125921795114172,977,19674826
978,0.0022434463026247964,978,19694964
979,0.0023239486112389685,979,19715102
980,0.0023921499506816546,980,19735240
981,0.0024482619531669414,981,19755378
982,0.0024802694982711815,982,19775516
983,0.002461609337777393,983,19795654
984,0.002396115199191917,984,19815792
985,0.0023292138881280122,985,19835930
986,0.002305636082116258,986,19856068
987,0.0022969496407886925,987,19876206
988,0.0022555206865861877,988,19896344
989,0.0023580678891741425,989,19916482
990,0.0024728763411404064,990,19936620
991,0.00256079428073841,991,19956758
992,0.002629563418191705,992,19976896
993,0.0026822030171760325,993,19997034
994,0.0026895505017359156,994,20017172
995,0.0026753216260524404,995,20037310
996,0.0026959911579591544,996,20057448
997,0.0027054267899322415,997,20077586
998,0.0026909605412698823,998,20097724
999,0.0026508664739329224,999,20117862
1000,0.0025821145363028597,1000,20138000
