step,SmallMatrix/conv,SmallMatrix/iters,SmallMatrix/nodes_touched,SmallMatrix/tau,SmallMatrix/alpha,SmallMatrix/beta,SmallMatrix/gamma
0,3000.2666666666664,0,0,,,,
1,3000.2666666666664,1,42,1,1.0224879191439482,-0.8825253571253122,4.9972556300742
2,91.72324088101169,2,84,1,1.0255333535840228,-0.8838958880641179,4.997224649023956
3,11.562180038102115,3,126,1,0.9170849721850618,-0.9078242139017751,4.997948791288248
4,2.980455620939903,4,168,1,0.8559406692923079,-0.9314088773088605,4.998277876493259
5,1.345804913234697,5,210,1,0.817702869327968,-0.9496929557499167,4.9984544136781786
6,0.9118089645384965,6,252,1,0.7967967177125077,-0.9621071987964693,4.998540889410474
7,0.768141804391242,7,294,1,0.7880077830809487,-0.9694318434497451,4.998572220020357
8,0.7121949474891082,8,336,1,0.785599334430338,-0.9737260609547351,4.998576206946742
9,0.687297480424427,9,378,1,0.7859781822896441,-0.9766236733957903,4.998568418627842
10,0.6747377128829166,10,420,1,0.7875224806475425,-0.9789308393030769,4.998555629030134
11,0.6675007948931209,11,462,1,0.7895690192238305,-0.9809857951698251,4.998540573563756
12,0.6626762525195969,12,504,1,0.7918433000339042,-0.9829299885525136,4.998524380874626
13,0.6589503299839419,13,546,1,0.794225644881019,-0.9848253778955709,4.998507543022397
14,0.6556849348218902,14,588,1,0.7966604970627444,-0.98670078867236,4.998490288418404
15,0.6525486051719926,15,630,1,0.7991203435828371,-0.9885705110741467,4.998472729939557
16,0.6493575089798513,16,672,1,0.8015906285126742,-0.9904421096680416,4.99845492695675
17,0.6460025703429431,17,714,1,0.8040630896538028,-0.9923198801880553,4.998436912813061
18,0.6424142356952293,18,756,1,0.8065326559990291,-0.9942064609610473,4.998418707668808
19,0.6385446151266551,19,798,1,0.8089959301616887,-0.9961036216839492,4.998400324815737
20,0.6343580332409515,20,840,1,0.8114504108410046,-0.998012667802969,4.99838177393314
21,0.629825820052823,21,882,1,0.8138940759000433,-0.9999346575249213,4.998363062850002
22,0.6249233150679311,22,924,1,0.8163251477353444,-1.0018705241246506,4.998344198550979
23,0.6196280590467163,23,966,1,0.8187419534967488,-1.0038211490095283,4.9983251877895505
24,0.6139186349500186,24,1008,1,0.8211428354980908,-1.0057874087721843,4.998306037495117
25,0.6077738648276985,25,1050,1,0.8235260880368922,-1.0077702086152718,4.998286755074402
26,0.60117219664422,26,1092,1,0.8258899073326491,-1.0097705090844766,4.998267348664193
27,0.5940911825284136,27,1134,1,0.8282323466623627,-1.011789350264015,4.998247827370367
28,0.5865069860780138,28,1176,1,0.8305512715046182,-1.0138278761808213,4.998228201517193
29,0.34544397594070947,29,1218,1,0.8328443108025199,-1.0158873615058646,4.998208482926004
30,0.28133361028227055,30,1260,1,0.8195333532812366,-1.0262999179343522,4.998264688724269
31,0.2888036869726036,31,1302,1,0.8160245924153064,-1.031600521779803,4.998272856552089
32,0.27130980133143695,32,1344,1,0.8194612285506491,-1.0330509819211497,4.998247847627541
33,0.327713546344614,33,1386,1,0.8202375480784401,-1.0359991083868976,4.9982353559261785
34,0.3699300252440012,34,1428,1,0.828602702832892,-1.034726065915489,4.998185682079183
35,0.3624471153101423,35,1470,1,0.8349627473250227,-1.034611207818753,4.998144900696831
36,0.3348339452227228,36,1512,1,0.8370316456483433,-1.0368511669682565,4.998125194255309
37,0.29288050361471357,37,1554,1,0.8373091727442481,-1.0400793236195054,4.998114391534434
38,0.22992714132351572,38,1596,1,0.8359204270047385,-1.0442484747208463,4.99811192929959
39,0.17962097317006503,39,1638,1,0.8312433153704515,-1.0503169074775163,4.998125916172647
40,0.15548679314603162,40,1680,1,0.8264312078589453,-1.0565712892334171,4.998140245175778
41,0.14376207832833723,41,1722,1,0.8247332908409684,-1.0610852715429915,4.99813888742582
42,0.1360359825349194,42,1764,1,0.8250277852981134,-1.0644498637957798,4.99812753659624
43,0.12125240357434186,43,1806,1,0.8260229624984363,-1.0674117228741518,4.998112559003426
44,0.09484151983626322,44,1848,1,0.8252074225544259,-1.0714813797390201,4.998106471748857
45,0.0748525269967738,45,1890,1,0.8204536231693051,-1.0780183793094853,4.998119850755642
46,0.06718612052873829,46,1932,1,0.8159962974686619,-1.0844924928684732,4.9981315221276965
47,0.06530755204075306,47,1974,1,0.8154039428673938,-1.0885716025922476,4.998124041225278
48,0.06409100549075969,48,2016,1,0.8171976779685823,-1.0911288990329888,4.998104657658812
49,0.055315275485363,49,2058,1,0.8192808761187025,-1.0935080395337207,4.998083609615154
50,0.04064077998192211,50,2100,1,0.8175127905598463,-1.098414165351878,4.998081611345191
51,0.03483974416789848,51,2142,1,0.810950433572827,-1.1066064393351172,4.998103248728813
52,0.03449082612366396,52,2184,1,0.8090030572590037,-1.1117905554197796,4.998101873800861
53,0.03570837430223729,53,2226,1,0.8113301533639214,-1.114050494481963,4.998079275996609
54,0.0321110546689694,54,2268,1,0.8149958721713624,-1.1153952223796058,4.998049697923799
55,0.02265647711946107,55,2310,1,0.814466722091103,-1.1196514509477646,4.998040907388494
56,0.01975145076155881,56,2352,1,0.8067457230904864,-1.1290701606490658,4.998067926334869
57,0.020608920601407343,57,2394,1,0.8053107138655382,-1.1341089883214792,4.998063441063783
58,0.021895148282749268,58,2436,1,0.809183183933194,-1.1352870015759533,4.998032375077473
59,0.01807550588453867,59,2478,1,0.8136056272502337,-1.1360819078197197,4.9979980699615325
60,0.012227158260601157,60,2520,1,0.8105461428078029,-1.1423485820006567,4.998001457812176
61,0.012517874019868374,61,2562,1,0.8016303884396194,-1.1531748339317216,4.99803393149714
62,0.014170997569243633,62,2604,1,0.804929683546769,-1.1547743294423882,4.99800515167245
63,0.013802687642699707,63,2646,1,0.8112130827568147,-1.1541135356510266,4.997960778513189
64,0.008469263581541379,64,2688,1,0.8130601531114472,-1.1568444911540112,4.997938526919279
65,0.008343331030825747,65,2730,1,0.8012604783380053,-1.1702363645851346,4.997985595566429
66,0.009853615785309773,66,2772,1,0.8034261135845346,-1.1727542898933263,4.997961735484324
67,0.010048835445805326,67,2814,1,0.8109530900482163,-1.1710254968777514,4.997910082238793
68,0.005866211365405145,68,2856,1,0.8141635403845453,-1.1727401132529218,4.997879947492002
69,0.005972223895702941,69,2898,1,0.8008938949971924,-1.1877484122805408,4.997934604990624
70,0.008908571615907829,70,2940,1,0.804026447781302,-1.189509679444197,4.997905004672535
71,0.007291321925498511,71,2982,1,0.8184925951016797,-1.1821129090432652,4.997815502794366
72,0.003899183236811985,72,3024,1,0.8151708416818608,-1.1890838031259992,4.997818908207803
73,0.004648342733703823,73,3066,1,0.7993245082094003,-1.2067681185638244,4.997886961037537
74,0.008120156548922617,74,3108,1,0.8070978339668287,-1.204567298398442,4.997832469356437
75,0.005148311197885931,75,3150,1,0.8263251162015104,-1.1931394363697532,4.997714655217279
76,0.005160173513050692,76,3192,1,0.8153732280096679,-1.2064867873099154,4.997759059901763
77,0.003741566358737954,77,3234,1,0.8180798491594565,-1.2086714443773374,4.997729272389003
78,0.006095927007972292,78,3276,1,0.8111739390437853,-1.219051459340793,4.997751017602127
79,0.0034789210776337396,79,3318,1,0.8283671265190717,-1.209037787781212,4.997641423294104
80,0.003620565972036381,80,3360,1,0.8142771862094358,-1.225462166528803,4.9977030492307275
81,0.0056737565625311365,81,3402,1,0.8180998801050743,-1.226707979241259,4.997666215914641
82,0.00362733688481016,82,3444,1,0.8342175213094869,-1.2175959427855785,4.997559485375604
83,0.004459317594840271,83,3486,1,0.8234502226662197,-1.2312299657522718,4.997603766710203
84,0.00230075893220316,84,3528,1,0.8323073792977675,-1.2282189669476662,4.997536738091609
85,0.005853390341405037,85,3570,1,0.8151841308750698,-1.2478642602445433,4.997615958770505
86,0.002798101661792929,86,3612,1,0.8459191140579267,-1.22594350459559,4.997422213956744
87,0.004461045348728717,87,3654,1,0.8263116763010379,-1.2472672163037712,4.997518983599482
88,0.0047114980366445534,88,3696,1,0.8430554803667327,-1.2374139261535908,4.997403378133988
89,0.002565373572611982,89,3738,1,0.8474178008070772,-1.238332554144233,4.9973588041448975
90,0.004896022156984724,90,3780,1,0.8317027163999442,-1.2565894034105274,4.9974337372757285
91,0.0016489213921600642,91,3822,1,0.8540160991404868,-1.24199619363636,4.997280746149016
92,0.004630584931384871,92,3864,1,0.8237847699749477,-1.2734277321791525,4.997442329347512
93,0.002016312879742806,93,3906,1,0.8577521494454325,-1.2480906090154265,4.997218556651746
94,0.002801434493213816,94,3948,1,0.8351529539718054,-1.2725936655138363,4.9973373794061295
95,0.005154580206606503,95,3990,1,0.8478105811426957,-1.2660110211822602,4.997240762421869
96,0.002229057690777207,96,4032,1,0.8692790161706849,-1.2523852871914896,4.997083850346419
97,0.005058717888845383,97,4074,1,0.8462624442194073,-1.2769931332847042,4.997209697314961
98,0.0034354568555720333,98,4116,1,0.8742090744055067,-1.2575873757659086,4.99700908729535
99,0.001865712996985598,99,4158,1,0.8649643304192545,-1.2700792974171433,4.997048621816311
100,0.0044384307437066355,100,4200,1,0.8489619080706345,-1.2891612450913748,4.997129752306935
101,0.0010602614483453628,101,4242,1,0.8784298676420863,-1.268112862664913,4.996914901888524
102,0.0038874238353359667,102,4284,1,0.8372204542068391,-1.3102920974433894,4.99715948542317
103,0.0023674415407049245,103,4326,1,0.8798338152610639,-1.2764014482896262,4.996859841764788
104,0.002043696744186219,104,4368,1,0.8671815275351966,-1.2922541772316993,4.996922490064681
105,0.004702896479939276,105,4410,1,0.8653839958672436,-1.2987967350141,4.996911265397689
106,0.0019189381558631386,106,4452,1,0.8941795317529,-1.278637587871549,4.996687897242329
107,0.0040591002540351405,107,4494,1,0.868930379631915,-1.305493243628693,4.996839981534298
108,0.004135863339124108,108,4536,1,0.895135159009476,-1.2873889669276943,4.9966316213441235
109,0.0015253205449095866,109,4578,1,0.8985357300879127,-1.289336115842912,4.996581550098899
110,0.004489837440015892,110,4620,1,0.8700793490405159,-1.319518513327084,4.996758345777502
111,0.002232293663667613,111,4662,1,0.9067848882493388,-1.2920616792357116,4.996468326486172
112,0.0024318011286042053,112,4704,1,0.8874905271606655,-1.3136391428595782,4.996584433113473
113,0.0032796070628633915,113,4746,1,0.8929766729131863,-1.3137328365452454,4.996518008569292
114,0.0006754779033473187,114,4788,1,0.9052600288658228,-1.307947927052561,4.9963992037316505
115,0.0038461268394643765,115,4830,1,0.8586980092980507,-1.3566924161911138,4.9967066514029135
116,0.0016539314975067445,116,4872,1,0.9160216344583563,-1.3086013660579308,4.996260215739579
117,0.002674469305742815,117,4914,1,0.8920318312536111,-1.3348267912420182,4.9964150954160775
118,0.004142842283493391,118,4956,1,0.9100774744643589,-1.3236392853363101,4.99624915803282
119,0.001532207583485753,119,4998,1,0.9269896852941364,-1.314107698946678,4.9960848979258685
120,0.003866963848999525,120,5040,1,0.8980324776353352,-1.3447345108478013,4.996283286499504
121,0.003052496329770218,121,5082,1,0.9305013567359675,-1.3210292433281938,4.995995192732815
122,0.001314024492626232,122,5124,1,0.9257191978431212,-1.3301019551414852,4.996003531447475
123,0.003401455498385728,123,5166,1,0.9016136509808033,-1.3570434810585263,4.996165000021346
124,0.000945565699744904,124,5208,1,0.9349750934733494,-1.3321977478875584,4.995862923318624
125,0.003074046018104048,125,5250,1,0.8968402352247697,-1.372267371661224,4.996139378295206
126,0.001718678329044571,126,5292,1,0.937454670326775,-1.3401594227540845,4.995776173586801
127,0.001864200433619743,127,5334,1,0.9215251080100193,-1.359487644908763,4.995877011227204
128,0.0037384542900432667,128,5376,1,0.9270041475002606,-1.3597109033087826,4.995797700319411
129,0.0013780787655693295,129,5418,1,0.9525751022555089,-1.342427396905083,4.995540936126644
130,0.003265065305281491,130,5460,1,0.9230010691801911,-1.3739596303726274,4.995762679828662
131,0.002908113509403942,131,5502,1,0.9539535781326636,-1.3514175164980726,4.995456990584756
132,0.0011426036981882748,132,5544,1,0.9530609240449657,-1.3573186072159273,4.995428578046711
133,0.002951167279568692,133,5586,1,0.925560435957486,-1.38763584835343,4.995634464354141
134,0.0008787393371399228,134,5628,1,0.9593958996598027,-1.362149319013902,4.995295709437035
135,0.0028791710456818136,135,5670,1,0.9228447901061263,-1.4011629256462834,4.995584167635642
136,0.0014536734197747308,136,5712,1,0.9644502478390018,-1.3681346848626765,4.9951711215968295
137,0.0019223765747450057,137,5754,1,0.9448976554530755,-1.3909856622423318,4.995313515244332
138,0.003346928074239875,138,5796,1,0.9569704267796748,-1.3852725279096731,4.99516245419138
139,0.0010793864282512898,139,5838,1,0.9783335913498257,-1.3717562087713029,4.994915952382339
140,0.0029368631354085447,140,5880,1,0.9438954349276016,-1.408230280602975,4.995203232501386
141,0.00215582450345972,141,5922,1,0.9798903117097979,-1.380844488525421,4.994816416887219
142,0.0017299960102145075,142,5964,1,0.9725245339136119,-1.3925984457877096,4.994846878569487
143,0.0021211245699858648,143,6006,1,0.9681663666344558,-1.401887162786515,4.994846808967038
144,0.0008390338000395724,144,6048,1,0.9779041017429326,-1.3984736215034055,4.994705999702839
145,0.003025244140599103,145,6090,1,0.950208373703084,-1.4298441064072158,4.994933396910582
146,0.0012265046745672048,146,6132,1,0.9958171145528316,-1.3933895458051555,4.994430405207644
147,0.0024032766555244145,147,6174,1,0.9685593739847387,-1.4233466192796274,4.99466499539018
148,0.0026121018605268194,148,6216,1,0.9940238193823396,-1.4055874781876057,4.994355533130086
149,0.0009266971882290787,149,6258,1,0.9998479745371227,-1.40582790201615,4.994245142596808
150,0.0023177616819398173,150,6300,1,0.9681241359778749,-1.4404794219395916,4.994529289027408
151,0.0006739571633696718,151,6342,1,1.0018064241810598,-1.4148464641367429,4.9941255039138435
152,0.00260420114006001,152,6384,1,0.963497894268651,-1.4563819115228496,4.994479489359434
153,0.001240413297403959,153,6426,1,1.011818380713111,-1.4168295657715713,4.993912579518345
154,0.001927178759640126,154,6468,1,0.9897012663955007,-1.4423430547880072,4.994105516159689
155,0.00264132261832585,155,6510,1,1.0075935759534052,-1.4314387870091874,4.993855504697868
156,0.0006802982271007997,156,6552,1,1.0214188549035774,-1.4246435089774605,4.99364310955824
157,0.002223979498618829,157,6594,1,0.9785695424164864,-1.4701474963909635,4.9940685601384605
158,0.0008968763083350374,158,6636,1,1.021595325362514,-1.4353707774286186,4.993530623277376
159,0.0023505123504582084,159,6678,1,0.9937660269416808,-1.4667412944714977,4.993794467060767
160,0.0011929660381568093,160,6720,1,1.0296113596308776,-1.4392383766241512,4.993321002878899
161,0.0017140559729016877,161,6762,1,1.0094142067446363,-1.4632016504333527,4.993503045343623
162,0.0024809430287440837,162,6804,1,1.0248364388508526,-1.454569009908234,4.993261465373671
163,0.0006890325155935501,163,6846,1,1.0406997338613913,-1.4459525883292426,4.99300588566054
164,0.0020102842068738893,164,6888,1,0.9998976526495309,-1.4896599914963975,4.993437760946678
165,0.0007161570890709224,165,6930,1,1.039542146653052,-1.4580384408896676,4.992896705258509
166,0.002312940232197349,166,6972,1,1.0072243587216845,-1.4941144541689313,4.9932306781595415
167,0.001084729734781757,167,7014,1,1.050611534774856,-1.4593277752406661,4.992626703147938
168,0.0017484944078939141,168,7056,1,1.0274378652160991,-1.4861767521782496,4.992858010703801
169,0.0021690416980775546,169,7098,1,1.0470262155877788,-1.4737271742130407,4.9925416882495295
170,0.0009338681702691343,170,7140,1,1.0576725632783999,-1.4698038675220553,4.992332988719384
171,0.0016625267437008892,171,7182,1,1.0314703008708936,-1.499718917938829,4.992608678016871
172,0.0005426541093572603,172,7224,1,1.054558787306504,-1.483885878404188,4.992236477082471
173,0.0023663012847559384,173,7266,1,1.019019556130079,-1.5238380499686854,4.992630237539096
174,0.0008678614599750448,174,7308,1,1.0732461375931523,-1.4784685545742282,4.9918350730001535
175,0.001845130838732025,175,7350,1,1.0412265287866003,-1.5137641278572225,4.992201787574702
176,0.001589840326532985,176,7392,1,1.0707014643898987,-1.4920459802292543,4.991722597685234
177,0.0015260396745139934,177,7434,1,1.0685710479132668,-1.4997024367829124,4.991677205051884
178,0.0011319838218981563,178,7476,1,1.070255540080903,-1.5039203741234541,4.9915764401565355
179,0.0010421412807356133,179,7518,1,1.0628697007367882,-1.5165998507184364,4.991604260118283
180,0.002226649735727373,180,7560,1,1.0630918047232396,-1.522253429352359,4.991522932100086
181,0.0005167817200016833,181,7602,1,1.0931617505530902,-1.5004939584876729,4.990998411056745
182,0.0016701602216651242,182,7644,1,1.0449572250289068,-1.5518555396712457,4.991623478498976
183,0.0006085105600892701,183,7686,1,1.089203152162922,-1.5155287964567203,4.9908922461866645
184,0.00206818513586296,184,7728,1,1.0568134100690174,-1.5520894705524864,4.991293518193729
185,0.0008692298523292276,185,7770,1,1.1032301847601729,-1.5144575898754074,4.990501694740681
186,0.0016012039831160266,186,7812,1,1.075534582614694,-1.5458337425584285,4.990847034863032
187,0.0015348074930341706,187,7854,1,1.100406080464895,-1.5285382337760387,4.9903701059926995
188,0.0013925839395434634,188,7896,1,1.1020777394630878,-1.5328300452509982,4.990253331369926
189,0.001049692046352296,189,7938,1,1.1017838471890393,-1.5389262911279666,4.990167235961064
190,0.0010273774378204556,190,7980,1,1.094877839322044,-1.5511976898191127,4.990188282578725
191,0.0019855505798993017,191,8022,1,1.0973002913222938,-1.554834388550116,4.990056453652489
192,0.0006550686356640736,192,8064,1,1.1242386629686532,-1.5361167998856997,4.989506420268945
193,0.0013747047935805134,193,8106,1,1.087712604343984,-1.5759016644286623,4.990027624347064
194,0.0004803399920463213,194,8148,1,1.117369580580832,-1.55392473071196,4.989429910855224
195,0.0020192426734759778,195,8190,1,1.0831391987474006,-1.5924744501039338,4.989914163844169
196,0.0006065343041444431,196,8232,1,1.1378384813054612,-1.5472058502747754,4.988863012799722
197,0.0015147071123970044,197,8274,1,1.0977374251283667,-1.5902488652972937,4.989473137837731
198,0.0008457532699539268,198,8316,1,1.1338507665552302,-1.5623907412819305,4.988727446016503
199,0.0017729669480009112,199,8358,1,1.116023316933149,-1.5847417349088642,4.988947780692829
200,0.0008091965429630062,200,8400,1,1.146142211606296,-1.5630623773649202,4.988282485081866
201,0.0013931721887646838,201,8442,1,1.1209033337717398,-1.5920824557699862,4.988648000568816
202,0.0013116239999397766,202,8484,1,1.1438630747194412,-1.5767978473003827,4.9881055191995785
203,0.0013985274620038745,203,8526,1,1.144935361682394,-1.5817075633526059,4.987972655925555
204,0.0009115656596465269,204,8568,1,1.1505691905126714,-1.5824962693729938,4.987748141151695
205,0.0011341997559834384,205,8610,1,1.1382260936915798,-1.599722645520485,4.987876647680959
206,0.0015754104655003823,206,8652,1,1.1494727404635294,-1.5952895824080664,4.987537966568128
207,0.0010152092940419145,207,8694,1,1.164861210073502,-1.5873000053111617,4.98710467583051
208,0.0009497799521219833,208,8736,1,1.1519994229640993,-1.6048380555275208,4.987249231426708
209,0.0008437755126198303,209,8778,1,1.152855886272775,-1.6100002530801736,4.987110598890123
210,0.0016958796226201975,210,8820,1,1.1518225170040868,-1.6169284833219824,4.987009619964708
211,0.0007052426977247727,211,8862,1,1.180912563406649,-1.5965079988979596,4.9862621877391735
212,0.0010059560622171597,212,8904,1,1.1518627480607275,-1.628892832062493,4.986759999150607
213,0.0006501860082764352,213,8946,1,1.168207662597641,-1.619713502279227,4.9862815687621715
214,0.0017306900877153322,214,8988,1,1.1554938019045335,-1.6375259588936406,4.986427606449173
215,0.0005557794711530666,215,9030,1,1.1950948926618241,-1.607458401182112,4.9854096290183625
216,0.0010907356865780306,216,9072,1,1.1563723835774107,-1.648799768467172,4.986146925906821
217,0.0005343966466917973,217,9114,1,1.1845577992826213,-1.6286252224308542,4.985377555428693
218,0.001722478342575582,218,9156,1,1.1615603134508783,-1.6560002694014155,4.985763439190928
219,0.00045760205912465633,219,9198,1,1.2084338069704657,-1.6192205648286142,4.984525728888414
220,0.0011208757010798612,220,9240,1,1.1625194750352639,-1.6672703887631986,4.9854659446724225
221,0.000462646249322342,221,9282,1,1.1990348725553865,-1.6393306131506111,4.9844614483632625
222,0.0016986840963997812,222,9324,1,1.1695710366990084,-1.6727116093183314,4.985019588855989
223,0.00041062627308385586,223,9366,1,1.2215161143519917,-1.6312716187307592,4.983595530517354
224,0.0011152614036712529,224,9408,1,1.1718590614387927,-1.6827393333027816,4.984673833124289
225,0.00043906424381229454,225,9450,1,1.2124018894474264,-1.6511071431625877,4.983517582330992
226,0.0016728777699904912,226,9492,1,1.1810119476326406,-1.6861936197819762,4.984151684779238
227,0.0004123854888459349,227,9534,1,1.2346316859893145,-1.6433549823735416,4.982609039989074
228,0.001081633832519068,228,9576,1,1.1854087349901208,-1.694218721581313,4.98373240328832
229,0.0004611890775632159,229,9618,1,1.2248895563795332,-1.663732277101037,4.982540839577176
230,0.0016453469753199067,230,9660,1,1.1962936497619767,-1.6960808883232836,4.983134049732206
231,0.0004594663872090556,231,9702,1,1.2477835191752162,-1.655465107775791,4.981562689756596
232,0.0010163414899642341,232,9744,1,1.2029228511600394,-1.702013621145181,4.982628522130174
233,0.000520635125276384,233,9786,1,1.2362514448739574,-1.6774171840881031,4.981538513040678
234,0.0016031292997892156,234,9828,1,1.2143969131914114,-1.7034178673065339,4.981974780439274
235,0.0005467514516257501,235,9870,1,1.2606567661431884,-1.6678698979365412,4.980462221064444
236,0.0009053553387968261,236,9912,1,1.2230698271924423,-1.7074919075035648,4.981377266433185
237,0.0006018116239744991,237,9954,1,1.2456410766991048,-1.6929169964738264,4.980537182758862
238,0.0015205479799268414,238,9996,1,1.2335588352946467,-1.7099212390971457,4.980707205624038
239,0.0006650415178652147,239,10038,1,1.2725660290205845,-1.6811536378346181,4.979326838755569
240,0.0008535559853095726,240,10080,1,1.244251851281731,-1.7122169612547204,4.980007691217982
241,0.0007258071809439289,241,10122,1,1.2572585563009206,-1.7064739146246066,4.979410937197812
242,0.001363113160142145,242,10164,1,1.2545225050197613,-1.714949291494595,4.979296941840087
243,0.0009036952601796414,243,10206,1,1.2823469902041271,-1.6963168073291373,4.97819585440725
244,0.0007803515068838083,244,10248,1,1.2699202852216354,-1.713149720472985,4.978395035074949
245,0.000895858970426705,245,10290,1,1.267760590291138,-1.7210774995549811,4.978255892024688
246,0.0010979392337444386,246,10332,1,1.2765918647763186,-1.7191965462786087,4.977750065198338
247,0.0011638048669435626,247,10374,1,1.2880067333181355,-1.715115143372529,4.977144173519622
248,0.0006496686152225826,248,10416,1,1.2938101633489922,-1.7160027687411006,4.976719775532361
249,0.001002105046030641,249,10458,1,1.2747072884772808,-1.7389243336610962,4.9771572057311495
250,0.0007115207184407823,250,10500,1,1.2950433353357,-1.726828053316488,4.976220835989402
251,0.001370732808595442,251,10542,1,1.28525743174859,-1.7414961691658717,4.976337630472937
252,0.00045336276912537907,252,10584,1,1.3144385159477414,-1.7219115727183776,4.975041371710487
253,0.000985015604853359,253,10626,1,1.274885781884886,-1.762984082937571,4.976240754703947
254,0.00032468076684172146,254,10668,1,1.3085674233627616,-1.738856045008127,4.974774971866985
255,0.0014425226155236372,255,10710,1,1.2690821839931552,-1.7805358022355278,4.975976942911954
256,0.00044962634071056367,256,10752,1,1.3307764298830387,-1.7315995104497577,4.973415803480047
257,0.000803941909038982,257,10794,1,1.2886559775882007,-1.7746991358672584,4.974780503685977
258,0.000569967502129499,258,10836,1,1.3148595717223581,-1.7572606185574156,4.973526452011271
259,0.0012946830079513015,259,10878,1,1.3049630585710739,-1.7720684558062567,4.973653997522177
260,0.0008008072887505024,260,10920,1,1.340876773777368,-1.7466278127073331,4.971946219409644
261,0.0007118929829476212,261,10962,1,1.3254445575794898,-1.765930026629941,4.972309337488722
262,0.0008516643708101809,262,11004,1,1.3243951422951992,-1.7728482392845302,4.972079981857002
263,0.0008846575460434454,263,11046,1,1.335066827072667,-1.7694800693866921,4.971359424482094
264,0.001201381767698358,264,11088,1,1.3401790106548728,-1.7710038009732525,4.970859708666998
265,0.0004883801451324997,265,11130,1,1.3559887690872696,-1.7633388182749266,4.9698824824252155
266,0.000928335992988884,266,11172,1,1.3239298111972702,-1.7973504526340358,4.970979536791547
267,0.0002832229102965328,267,11214,1,1.3529537916763328,-1.7778323804709673,4.9694236756618455
268,0.0013547656283605448,268,11256,1,1.3097957319159148,-1.8223337655279834,4.971001354053923
269,0.00045222993057211997,269,11298,1,1.3753698477665268,-1.7705114844002425,4.967780495820115
270,0.0007562119721515711,270,11340,1,1.335295713142977,-1.8113513372023604,4.9693060991277545
271,0.0005902209356747187,271,11382,1,1.3593094791157738,-1.7961978818713091,4.967902110899663
272,0.0011287005151386983,272,11424,1,1.3530745481946052,-1.8076360479959752,4.967875772716967
273,0.0009242917330398704,273,11466,1,1.3826757934115572,-1.7879949350235091,4.966134814151202
274,0.0005962674462307114,274,11508,1,1.3783078992027105,-1.7976869110917622,4.96601616684716
275,0.0008761289579984346,275,11550,1,1.3644016948383104,-1.8157040156051445,4.966362102038936
276,0.0005281100214368955,276,11592,1,1.3834923909783905,-1.8051366238354127,4.965078981567737
277,0.0012738169140113036,277,11634,1,1.3668589628232133,-1.8255534499880566,4.965567111744253
278,0.00031537782521302664,278,11676,1,1.4059513393646883,-1.7977876723941455,4.963209800009358
279,0.0007491867676272356,279,11718,1,1.3536624856773207,-1.8493695352712036,4.965532849488718
280,0.0005095045226831109,280,11760,1,1.3919032984796895,-1.8217305217188375,4.963228414376754
281,0.0011504739643589702,281,11802,1,1.380077368413498,-1.837977526421586,4.963485499618863
282,0.0008133184109149208,282,11844,1,1.4166378862926843,-1.812400656734602,4.961138152219549
283,0.0005971067315595209,283,11886,1,1.4063032409022949,-1.8272064035587898,4.961329612324869
284,0.0008313443972180774,284,11928,1,1.397515484331408,-1.840761423322833,4.961430653169896
285,0.0005267559379326935,285,11970,1,1.4146073007162991,-1.8319763221416303,4.9600843964462324
286,0.001226917340839571,286,12012,1,1.399853798995311,-1.8506943513085923,4.9605232829235835
287,0.0003270998636822305,287,12054,1,1.4378518555304063,-1.8239597127046014,4.9579102644310895
288,0.0007088530619305768,288,12096,1,1.38808372902119,-1.8730551833188063,4.96039151887848
289,0.0005189667990094204,289,12138,1,1.4230182046375386,-1.848567231031182,4.957965446982718
290,0.0010510803253047719,290,12180,1,1.4140947181334849,-1.8622580353093485,4.958076786399131
291,0.0008831480826010901,291,12222,1,1.4465180563560616,-1.8402925414998315,4.955665908728077
292,0.000521149900971354,292,12264,1,1.4431733596117784,-1.849098546124621,4.955435920075449
293,0.0008174705416568572,293,12306,1,1.4254470420246308,-1.870346038532598,4.956101615135564
294,0.0003098959008383861,294,12348,1,1.4475227028453916,-1.8572595730293604,4.954258949972154
295,0.0012046478830290636,295,12390,1,1.4118527280067097,-1.894220088730589,4.956057071394614
296,0.00046012472769203544,296,12432,1,1.470876780404153,-1.849149474318216,4.951770064797474
297,0.0006625962624612706,297,12474,1,1.4353516873547665,-1.885666056569663,4.953663956535824
298,0.0006515667920885604,298,12516,1,1.4539835798964715,-1.8755108075256441,4.951958904807781
299,0.0007990720307545319,299,12558,1,1.457064770527097,-1.878811327698636,4.951265081549216
300,0.0010539049254973446,300,12600,1,1.4691886114770136,-1.8743321413984175,4.949930321572035
301,0.0003494094271295909,301,12642,1,1.484308068054344,-1.8673331852987287,4.948339968391393
302,0.000736947118130697,302,12684,1,1.4429276083542675,-1.909003530785578,4.9507510033036946
303,0.00042714697811300367,303,12726,1,1.4772249723596764,-1.8852685977538242,4.94781938630906
304,0.001072447403182073,304,12768,1,1.4586672769414653,-1.9072569203561636,4.948635862172397
305,0.0007389505868195134,305,12810,1,1.5002127225348567,-1.8774857649427767,4.945020632996263
306,0.0005265032777764095,306,12852,1,1.488723111654393,-1.8932348758511326,4.945354726756529
307,0.0007655857343490172,307,12894,1,1.4786033277302568,-1.9078918182136224,4.945573092759707
308,0.0003210183252809411,308,12936,1,1.4977904788077288,-1.8973461627147357,4.9435371887226545
309,0.0011398032250734321,309,12978,1,1.465915838322437,-1.9308553891937834,4.945423830562657
310,0.0004606430359478962,310,13020,1,1.5217949314813337,-1.88873243299472,4.940428598406928
311,0.0006178766761071306,311,13062,1,1.4883329917881025,-1.9233299647729856,4.942560307529593
312,0.0006593864692234159,312,13104,1,1.504238033022796,-1.9155831314054104,4.940689296536658
313,0.000647888762922036,313,13146,1,1.5107415081517845,-1.9159460301239406,4.939546567994324
314,0.0010641720436133115,314,13188,1,1.5138463269941966,-1.9192240969163046,4.93867093458572
315,0.00026566545354271673,315,13230,1,1.538139981855533,-1.9044185724112543,4.935925206977453
316,0.0006405635634950584,316,13272,1,1.4848015170516211,-1.9562773326093181,4.939854861931463
317,0.00048715252713898017,317,13314,1,1.5248896033189894,-1.9275742488274439,4.935813792140814
318,0.000864153305842512,318,13356,1,1.5174309605159972,-1.9399195883933982,4.935821467178231
319,0.0009146483946674237,319,13398,1,1.5449510143371392,-1.9222954787100215,4.932665118541756
320,0.00036227938979180654,320,13440,1,1.5511520034116133,-1.9229281730321037,4.931397058348246
321,0.0006924946858070649,321,13482,1,1.516735421163561,-1.9583805554731923,4.933893894166716
322,0.0004022767560748872,322,13524,1,1.547379128916461,-1.9379910268958667,4.9303631953858265
323,0.000983150772123198,323,13566,1,1.5287717668933434,-1.9598938249323332,4.931418724928012
324,0.0007447053106453092,324,13608,1,1.5695976605357758,-1.930866506716863,4.926730696334893
325,0.00044936719870324363,325,13650,1,1.5619942331277004,-1.9432758025487278,4.926761175852436
326,0.0007109649744262887,326,13692,1,1.5449506857733062,-1.9637958476927435,4.927716821622608
327,0.0003079977258757603,327,13734,1,1.5678322933262876,-1.950127905273937,4.924662426176349
328,0.0010323074660213477,328,13776,1,1.5370483106521826,-1.982506042011531,4.9270066800066505
329,0.0005880704029137128,329,13818,1,1.5910203881389084,-1.9421473621964713,4.920629627585408
330,0.000502389494602416,330,13860,1,1.571629147606934,-1.964641281263975,4.921929851646965
331,0.0006942278724810479,331,13902,1,1.56898855753677,-1.9728229280877938,4.921413423375066
332,0.00026257526860930377,332,13944,1,1.5862956128974233,-1.9639284103106616,4.91871695599792
333,0.0010394281205749684,333,13986,1,1.5498450574888865,-2.001193664929537,4.921825638935429
334,0.0004907164044950577,334,14028,1,1.610792152667739,-1.9547911088291603,4.914216942129821
335,0.000530416225432615,335,14070,1,1.5836095999399546,-1.9839779636586035,4.916501864187282
336,0.0006643993135171946,336,14112,1,1.590744998074617,-1.9837774862882482,4.914826644374864
337,0.00036033466030136206,337,14154,1,1.603994746784711,-1.9783325646807732,4.9123924648064605
338,0.001026358550674678,338,14196,1,1.5824862930281658,-2.002690325762912,4.914024850860017
339,0.00044092238822318705,339,14238,1,1.6298097646994885,-1.9680117824739771,4.907381908322829
340,0.0005413584722780509,340,14280,1,1.5987012701953764,-2.000588112093857,4.9103117504420775
341,0.0006359856618993546,341,14322,1,1.6111421774510528,-1.99581587088996,4.907857339326306
342,0.0004125521252846102,342,14364,1,1.62174233595241,-1.9926168755128397,4.905566773588301
343,0.0010074471316731447,343,14406,1,1.607675857678596,-2.0105853986400044,4.906386515232182
344,0.00041205416965929244,344,14448,1,1.6486184298896798,-1.981325134638062,4.900028971496917
345,0.000540751498276027,345,14490,1,1.6154608439044562,-2.015686051437026,4.903441112151965
346,0.0006167727134180551,346,14532,1,1.6306821999314325,-2.008497654119385,4.900431871041954
347,0.00042449985937414065,347,14574,1,1.6400640668905453,-2.0063180687983992,4.898126876570542
348,0.0009900609419770201,348,14616,1,1.6284635131333576,-2.0221694112076376,4.89866869083077
349,0.0004043785476328628,349,14658,1,1.6674988452189954,-1.9944734534303172,4.892078285178404
350,0.0005314637152358617,350,14700,1,1.634291708440505,-2.0289133733070264,4.895752253344442
351,0.000609066128904266,351,14742,1,1.6495792572927372,-2.021631266024827,4.892498778032724
352,0.00040006795388203276,352,14784,1,1.6591607779911681,-2.0192485855644997,4.889982382892699
353,0.0009756504721320999,353,14826,1,1.645626409748078,-2.0367678718819455,4.8908413459312525
354,0.0004163947158511933,354,14868,1,1.6865070380801472,-2.0073972144541914,4.8834710950560805
355,0.0005138633398126115,355,14910,1,1.6551483791656671,-2.040287742986821,4.887144466773118
356,0.0006107385636406983,356,14952,1,1.6678174485410164,-2.03522067533775,4.884032252933531
357,0.0003413740609266853,357,14994,1,1.6789099691122096,-2.031500307787854,4.8810788918263
358,0.000960735184050544,358,15036,1,1.6586735242997432,-2.0548086342414082,4.883041964902978
359,0.00044514377228328317,359,15078,1,1.705496136352527,-2.0202156679556205,4.874176876618339
360,0.0004862279837865174,360,15120,1,1.6775787838514622,-2.050179503777751,4.877568341294015
361,0.0006159427262016213,361,15162,1,1.6851764873315547,-2.0494525731851447,4.875041166287358
362,0.0002495065137895811,362,15204,1,1.6989101372443114,-2.043409139772234,4.871408615793415
363,0.0009377023549768746,363,15246,1,1.6652814209245264,-2.0783113767839483,4.875722090667036
364,0.0004865231933716158,364,15288,1,1.7241292738390588,-2.0332139370085347,4.864203123866901
365,0.0004453290170694372,365,15330,1,1.7009342707652892,-2.059131783550392,4.867015001194626
366,0.0006156292810349117,366,15372,1,1.7011991201744399,-2.064721162321869,4.865586280821673
367,0.0002703253694412005,367,15414,1,1.7185471791593887,-2.0554983186177753,4.861017141651935
368,0.0008956579985488846,368,15456,1,1.688319689133464,-2.087504640683311,4.865066660994483
369,0.0005895087472613356,369,15498,1,1.7418794512520308,-2.046845474684689,4.853610119566794
370,0.00038723104053014964,370,15540,1,1.7285531364641775,-2.064228091941307,4.85472760308178
371,0.0005981747104757491,371,15582,1,1.7150817605294517,-2.081725137203936,4.855816132636322
372,0.00033456463257255286,372,15624,1,1.7370230540845057,-2.0684568124229603,4.850016555562149
373,0.0008217942169590679,373,15666,1,1.7168909174713058,-2.091745067237986,4.852435086386185
374,0.000699048059262064,374,15708,1,1.757981542945937,-2.061777075937545,4.842536954824419
375,0.0003084344573758254,375,15750,1,1.7552504979684436,-2.0699382969389655,4.841495544290917
376,0.0005505082887301574,376,15792,1,1.725336542075715,-2.1017639556875167,4.846055264499531
377,0.00038845271613823266,377,15834,1,1.753264111233087,-2.083222119305983,4.838623089862842
378,0.0007037850535928961,378,15876,1,1.7427839778533785,-2.0981287095498935,4.839183159450791
379,0.0007979799367456647,379,15918,1,1.7712538316822988,-2.0790479641259747,4.831261041173111
380,0.0002074363030016745,380,15960,1,1.780348034935653,-2.076852263322099,4.82742603506191
381,0.0005222322173703501,381,16002,1,1.7285687632186364,-2.127797208808958,4.837090740987599
382,0.0004572305108990918,382,16044,1,1.7707635461469633,-2.096746108951378,4.826069908058316
383,0.0005335073317748911,383,16086,1,1.7692182467172541,-2.1038404600397818,4.824617369410435
384,0.0008638452183839442,384,16128,1,1.7795179282672071,-2.1005653068196977,4.8203644764015126
385,0.0003236575275386488,385,16170,1,1.8032446424683308,-2.0854872975373064,4.812665721852578
386,0.00048492251681937293,386,16212,1,1.7667753776830508,-2.1231561717889504,4.8196374001378235
387,0.0005396627542470342,387,16254,1,1.787405843943739,-2.11081622619007,4.812760615862176
388,0.0003116794341927159,388,16296,1,1.7957475534385345,-2.1092062316163522,4.808718239713195
389,0.0008707131407136466,389,16338,1,1.7770674503606811,-2.1312658253686982,4.81139804029977
390,0.0004428029879347675,390,16380,1,1.823224214174377,-2.0964356263497628,4.797455921637312
391,0.00040912591319748604,391,16422,1,1.799445133989362,-2.123025746731429,4.801725635738299
392,0.0005637026893650247,392,16464,1,1.80013904334609,-2.128088070474102,4.79947749697433
393,0.00028591373764418705,393,16506,1,1.8172483332961809,-2.1187157700277752,4.792778116646352
394,0.0007941362498544973,394,16548,1,1.7932723880365753,-2.1454345931768417,4.7970774033549475
395,0.0006354731755885773,395,16590,1,1.8391418357340648,-2.1107189168416283,4.78222225469745
396,0.0002920112494259292,396,16632,1,1.8339829453921817,-2.120913265657746,4.781486225876593
397,0.0005078272067445722,397,16674,1,1.8060085983890461,-2.151185029836425,4.787145222947628
398,0.0003749894301943108,398,16716,1,1.8326998399392243,-2.1333055848369935,4.777316201498454
399,0.0006198335157053365,399,16758,1,1.824210539680564,-2.1464143276207652,4.777480363138398
400,0.0007844246328052476,400,16800,1,1.8487366122612787,-2.1303629671325224,4.767817944341403
401,0.000249496801091588,401,16842,1,1.8622705977756788,-2.123974626673972,4.761166167866164
402,0.0004794321486544682,402,16884,1,1.8193023175823178,-2.167565152564082,4.771845183006234
403,0.0004883107204240645,403,16926,1,1.850078121486961,-2.145968946423847,4.76010059162883
404,0.0003543241242259002,404,16968,1,1.8547745250345207,-2.147386424640292,4.756113514159639
405,0.0008321364498205294,405,17010,1,1.8455929670850957,-2.1610822920917836,4.756494708012527
406,0.0004120188906664168,406,17052,1,1.884362673388722,-2.1322188514855895,4.741133303781632
407,0.00039476906968904983,407,17094,1,1.8596712859122222,-2.15968983626118,4.746808655597162
408,0.0005345134545132569,408,17136,1,1.8618707535756167,-2.1632564107323935,4.743437378994015
409,0.0002829827187863896,409,17178,1,1.8781841067549698,-2.154259474517563,4.735205501476737
410,0.0007433039047669392,410,17220,1,1.856135550429729,-2.179333421155702,4.739959221912108
411,0.000638601462148161,411,17262,1,1.8994676472685856,-2.146257210050663,4.722040950667109
412,0.0002480840612309657,412,17304,1,1.8972362749306624,-2.1536886453615507,4.719994099068661
413,0.0004805225613381161,413,17346,1,1.8626006192192799,-2.1899680355823277,4.729447330194864
414,0.0003800011957207634,414,17388,1,1.8935630555077165,-2.1678372573378906,4.715538345790492
415,0.0005100788307907684,415,17430,1,1.887949407141512,-2.178257351684264,4.71465713341264
416,0.0007860759456866179,416,17472,1,1.9038708794220214,-2.1694328308338244,4.705690663036716
417,0.00031636820335570844,417,17514,1,1.9253866798372037,-2.1556322077469825,4.694211472447126
418,0.00042942400432249633,418,17556,1,1.8923172805858455,-2.1905006001661333,4.703965950584493
419,0.0005048426193471102,419,17598,1,1.908703939672692,-2.181203283398224,4.6945277222524595
420,0.0002104108934453173,420,17640,1,1.9192085617739099,-2.1771222526874268,4.687139256702407
421,0.000766881971276099,421,17682,1,1.8875006490933302,-2.210790898815568,4.696383154778334
422,0.00053475144147779,422,17724,1,1.9440830752952896,-2.1655424158626357,4.670226125984305
423,0.00029153648542684977,423,17766,1,1.933360865208172,-2.1803348083804237,4.671371289228185
424,0.00047169945956538554,424,17808,1,1.9126772451259262,-2.2041558842642783,4.6766221540502855
425,0.00034710378172108367,425,17850,1,1.936148989147868,-2.188339729653161,4.663320758788223
426,0.0005576357921347995,426,17892,1,1.9276598900642283,-2.2012096713339075,4.663496502930749
427,0.0007412570103007099,427,17934,1,1.9508191025410648,-2.1856405596525836,4.649801235804855
428,0.0002734292152426404,428,17976,1,1.9663392069786194,-2.1770126354680683,4.639126202811486
429,0.0004289793888403274,429,18018,1,1.929820376501803,-2.214907461912986,4.651898453263534
430,0.00047852945653065085,430,18060,1,1.952002281707927,-2.2001031499943866,4.63825143282358
431,0.0002000945691231502,431,18102,1,1.960373231028762,-2.197737257155323,4.630601169964336
432,0.0007501231348486544,432,18144,1,1.9290013374880686,-2.2311592817280146,4.64119872521228
433,0.0005037152233625896,433,18186,1,1.9865265243170107,-2.1846368268152934,4.610278434105519
434,0.0002870546630492297,434,18228,1,1.9742825642350152,-2.2005976223267316,4.612254221176579
435,0.0004553130174344425,435,18270,1,1.9554938368110188,-2.2226342588340806,4.617384826655887
436,0.0003375718551790942,436,18312,1,1.9780780576985277,-2.2073275338102007,4.602288360517882
437,0.0005294960793997786,437,18354,1,1.9699295129012235,-2.219731439196544,4.602247202000955
438,0.000725505907643633,438,18396,1,1.9920870463438787,-2.204837187648682,4.586841880977499
439,0.0002838456755747343,439,18438,1,2.008828256573733,-2.194919557740894,4.573798203363928
440,0.0004073980926454449,440,18480,1,1.9747905074436298,-2.230468624120325,4.58723094091431
441,0.0004702264058662023,441,18522,1,1.9933157559181538,-2.218710170516255,4.573227290024804
442,0.00021009304488245716,442,18564,1,2.0030659099819466,-2.2149095959859633,4.563572727825225
443,0.0007091280840076574,443,18606,1,1.9745422111314954,-2.2457325881266135,4.57434776241721
444,0.0005404644830189723,444,18648,1,2.0276284535427505,-2.2028183068189575,4.540838537838852
445,0.0002419083824103161,445,18690,1,2.0205507779008487,-2.213995434494668,4.540110495381312
446,0.0004397951841134221,446,18732,1,1.9920808963561352,-2.2446381944226013,4.551337347581566
447,0.0003487024958045455,447,18774,1,2.0201086131333628,-2.224141067905059,4.530820081797486
448,0.0004329443035775446,448,18816,1,2.0146944038324777,-2.233895437387048,4.5291014635721885
449,0.000726690513130817,449,18858,1,2.027377026935545,-2.2273053020872298,4.51681775810138
450,0.0003365339187144533,450,18900,1,2.0523072574413708,-2.209832000793192,4.496853822927401
451,0.0003606281103852436,451,18942,1,2.025125171407609,-2.238997699144036,4.5081420923772555
452,0.00046229722086533874,452,18984,1,2.0318639476759066,-2.237709550607921,4.498987979579094
453,0.00026405453580866664,453,19026,1,2.0458350034997657,-2.2298917069615043,4.4852095324289625
454,0.0006254856743623651,454,19068,1,2.0272470767275244,-2.251500272849397,4.491445437889773
455,0.000617588719193622,455,19110,1,2.0659671722609128,-2.2213208586852202,4.461724216527879
456,0.00017826316495243695,456,19152,1,2.0694024947883505,-2.2229403830443264,4.453969999062419
457,0.0004169773411200508,457,19194,1,2.023411343614967,-2.269388981267293,4.477949693553305
458,0.000410145942920027,458,19236,1,2.0614388301433055,-2.23943919892282,4.4479804425708975
459,0.0002598206115781174,459,19278,1,2.064727774869318,-2.2411443944914957,4.440129481487803
460,0.0007034230367776409,460,19320,1,2.050351280429037,-2.2588785029891656,4.443978034234728
461,0.00043444462554216264,461,19362,1,2.0944221908113434,-2.2237723030951013,4.408193745450302
462,0.0002741907011021121,462,19404,1,2.0789092188117695,-2.242256759730393,4.412975610090809
463,0.0004169459555083601,463,19446,1,2.0643857004340522,-2.2600554746521806,4.417047149826161
464,0.00031318838915825304,464,19488,1,2.0851637278947663,-2.245793612400438,4.396492700358791
465,0.00046352213231596055,465,19530,1,2.0776304837242323,-2.2572049675568167,4.395694524412159
466,0.0006827973090355825,466,19572,1,2.097334101099061,-2.2439180609895724,4.375290039109533
467,0.00030202067767084827,467,19614,1,2.116912367171572,-2.2308673792642977,4.354417272761468
468,0.00035364169520819036,468,19656,1,2.0880525483662162,-2.2613977122635798,4.3693545965291065
469,0.00043639457487325154,469,19698,1,2.0983307685921333,-2.2565653584240613,4.355273519552928
470,0.0002477031341597398,470,19740,1,2.110724855506142,-2.2498211338245873,4.339316146283405
471,0.0005955747064429756,471,19782,1,2.0920126110003654,-2.271340162018214,4.346886188523818
472,0.000593610096346813,472,19824,1,2.131142871870602,-2.2403044074143343,4.309872371424557
473,0.00018428311872123807,473,19866,1,2.134959590392168,-2.24126824335901,4.29986357536233
474,0.00039379698295564203,474,19908,1,2.092136668634523,-2.284706827510386,4.326653400542502
475,0.0003990531616218143,475,19950,1,2.1263778116838825,-2.2577726899229607,4.292621133559778
476,0.0002004047317956319,476,19992,1,2.1308638347473847,-2.2580781515972035,4.281832008908997
477,0.0006580274594483107,477,20034,1,2.1073620014322927,-2.283988494230679,4.293729496207174
478,0.0004669576619342207,478,20076,1,2.1588591707512697,-2.241517036090003,4.243824526665776
479,0.0002253736527216961,479,20118,1,2.1490261634352232,-2.254644766061598,4.244635407352803
480,0.00040122166024816376,480,20160,1,2.123914805551169,-2.281875757584631,4.258311843960778
481,0.00032390426077152804,481,20202,1,2.1508713861972013,-2.2616052939394375,4.227871920895388
482,0.0003536342599210683,482,20244,1,2.1462840374331646,-2.2700765484160175,4.224141978946714
483,0.0006640781397695399,483,20286,1,2.1537617676551783,-2.267607974516647,4.209876609880244
484,0.0003476678370766955,484,20328,1,2.183019353810139,-2.245707682216128,4.175963809681312
485,0.00029048640763674235,485,20370,1,2.1610355176996614,-2.26963118953244,4.187625969465427
486,0.000398334297671247,486,20412,1,2.157850384465499,-2.2768062211817215,4.182447174317376
487,0.0002802008238186191,487,20454,1,2.174441251865439,-2.2661337578585066,4.159293564755709
488,0.00046622409273022194,488,20496,1,2.1643904816842494,-2.279461933240153,4.160243943567687
489,0.0006309299740904961,489,20538,1,2.188725034647586,-2.261896241671478,4.129407237289718
490,0.00027584090649590624,490,20580,1,2.2048732625095266,-2.2518505506745563,4.1056259340899155
491,0.0003332304488831056,491,20622,5,2.175756895641583,-2.282015244487074,4.124589367835504
492,0.0004021902311033121,492,20664,,2.175756895641583,-2.282015244487074,4.124589367835504
493,0.00023717572876456094,493,20706,,2.175756895641583,-2.282015244487074,4.124589367835504
494,0.0005405043699769313,494,20748,,2.175756895641583,-2.282015244487074,4.124589367835504
495,0.0005751675128269412,495,20790,,2.175756895641583,-2.282015244487074,4.124589367835504
496,0.0002063238002355046,496,20832,5,2.225192320085743,-2.2592284062907666,4.032306926203087
497,0.0003574779843268056,497,20874,,2.225192320085743,-2.2592284062907666,4.032306926203087
498,0.00038401199278106566,498,20916,,2.225192320085743,-2.2592284062907666,4.032306926203087
499,0.00018763209334718878,499,20958,,2.225192320085743,-2.2592284062907666,4.032306926203087
500,0.0005828058923588623,500,21000,,2.225192320085743,-2.2592284062907666,4.032306926203087
501,0.0005098398797022719,501,21042,5,2.24585034744545,-2.2620432285300307,3.9639340001075922
502,0.00015080758169746177,502,21084,,2.24585034744545,-2.2620432285300307,3.9639340001075922
503,0.0003676647950923995,503,21126,,2.24585034744545,-2.2620432285300307,3.9639340001075922
504,0.00035347235910532606,504,21168,,2.24585034744545,-2.2620432285300307,3.9639340001075922
505,0.00019091481637242377,505,21210,,2.24585034744545,-2.2620432285300307,3.9639340001075922
506,0.0006013609742148721,506,21252,5,2.2215898957862557,-2.3040619778889657,3.9408860472150806
507,0.000444771781633981,507,21294,,2.2215898957862557,-2.3040619778889657,3.9408860472150806
508,0.00018990967451389319,508,21336,,2.2215898957862557,-2.3040619778889657,3.9408860472150806
509,0.00036849307372079527,509,21378,,2.2215898957862557,-2.3040619778889657,3.9408860472150806
510,0.0003187143688622667,510,21420,,2.2215898957862557,-2.3040619778889657,3.9408860472150806
511,0.000257083635135797,511,21462,5,2.2622295286204137,-2.2889462417451205,3.8453924562982826
512,0.0006040786626406218,512,21504,,2.2622295286204137,-2.2889462417451205,3.8453924562982826
513,0.0003863590159857756,513,21546,,2.2622295286204137,-2.2889462417451205,3.8453924562982826
514,0.000217635542870406,514,21588,,2.2622295286204137,-2.2889462417451205,3.8453924562982826
515,0.000363590080595895,515,21630,,2.2622295286204137,-2.2889462417451205,3.8453924562982826
516,0.0002850479027656565,516,21672,5,2.2878594472012024,-2.2871035776758624,3.7622893525657566
517,0.0003037717794037634,517,21714,,2.2878594472012024,-2.2871035776758624,3.7622893525657566
518,0.0005971573103684838,518,21756,,2.2878594472012024,-2.2871035776758624,3.7622893525657566
519,0.0003380554136654326,519,21798,,2.2878594472012024,-2.2871035776758624,3.7622893525657566
520,0.00023569034237786422,520,21840,,2.2878594472012024,-2.2871035776758624,3.7622893525657566
521,0.00035597300865871615,521,21882,5,2.2911137668612342,-2.3043809831672712,3.7027794116884234
522,0.0002619898530356732,522,21924,,2.2911137668612342,-2.3043809831672712,3.7027794116884234
523,0.00033355146681535576,523,21966,,2.2911137668612342,-2.3043809831672712,3.7027794116884234
524,0.0005857686040490123,524,22008,,2.2911137668612342,-2.3043809831672712,3.7027794116884234
525,0.00031599581720904036,525,22050,,2.2911137668612342,-2.3043809831672712,3.7027794116884234
526,0.0002456598316386111,526,22092,5,2.323284208966364,-2.2967955355000895,3.60514222567942
527,0.0003477558138616036,527,22134,,2.323284208966364,-2.2967955355000895,3.60514222567942
528,0.0002527753403753198,528,22176,,2.323284208966364,-2.2967955355000895,3.60514222567942
529,0.00034882236073236145,529,22218,,2.323284208966364,-2.2967955355000895,3.60514222567942
530,0.0005731188945733079,530,22260,,2.323284208966364,-2.2967955355000895,3.60514222567942
531,0.0003018562099741615,531,22302,5,2.367615568471386,-2.2792893202049487,3.487556649256195
532,0.0002487630809023353,532,22344,,2.367615568471386,-2.2792893202049487,3.487556649256195
533,0.0003400568421305702,533,22386,,2.367615568471386,-2.2792893202049487,3.487556649256195
534,0.00024471461862555425,534,22428,,2.367615568471386,-2.2792893202049487,3.487556649256195
535,0.0003516325865230578,535,22470,,2.367615568471386,-2.2792893202049487,3.487556649256195
536,0.0005610096140676573,536,22512,5,2.3688386801424897,-2.2976107088612423,3.4232750927636753
537,0.00029358876701408577,537,22554,,2.3688386801424897,-2.2976107088612423,3.4232750927636753
538,0.00024607661239614174,538,22596,,2.3688386801424897,-2.2976107088612423,3.4232750927636753
539,0.00033360872261706953,539,22638,,2.3688386801424897,-2.2976107088612423,3.4232750927636753
540,0.0002386208091749304,540,22680,,2.3688386801424897,-2.2976107088612423,3.4232750927636753
541,0.00034350032369330713,541,22722,5,2.374286556726842,-2.3123050772681877,3.351798920473882
542,0.0005503343525763267,542,22764,,2.374286556726842,-2.3123050772681877,3.351798920473882
543,0.00029105254932501525,543,22806,,2.374286556726842,-2.3123050772681877,3.351798920473882
544,0.00023821966401802326,544,22848,,2.374286556726842,-2.3123050772681877,3.351798920473882
545,0.0003284811750228464,545,22890,,2.374286556726842,-2.3123050772681877,3.351798920473882
546,0.00023430855569395826,546,22932,5,2.4077494914938105,-2.303686346178642,3.2394396381041557
547,0.00032510910582001147,547,22974,,2.4077494914938105,-2.303686346178642,3.2394396381041557
548,0.0005404994273727023,548,23016,,2.4077494914938105,-2.303686346178642,3.2394396381041557
549,0.00029346795256834967,549,23058,,2.4077494914938105,-2.303686346178642,3.2394396381041557
550,0.00022534024692394433,550,23100,,2.4077494914938105,-2.303686346178642,3.2394396381041557
551,0.0003240585574972952,551,23142,5,2.413790655926871,-2.3175954962830274,3.163300940482894
552,0.00023080893758242366,552,23184,,2.413790655926871,-2.3175954962830274,3.163300940482894
553,0.0002968677549826552,553,23226,,2.413790655926871,-2.3175954962830274,3.163300940482894
554,0.0005303390961171189,554,23268,,2.413790655926871,-2.3175954962830274,3.163300940482894
555,0.00029986359387985874,555,23310,,2.413790655926871,-2.3175954962830274,3.163300940482894
556,0.0002073748155915915,556,23352,5,2.4460329404670023,-2.309970623434545,3.047819396024721
557,0.00031945173570376354,557,23394,,2.4460329404670023,-2.309970623434545,3.047819396024721
558,0.00023464408775629962,558,23436,,2.4460329404670023,-2.309970623434545,3.047819396024721
559,0.0002587637499369877,559,23478,,2.4460329404670023,-2.309970623434545,3.047819396024721
560,0.0005178247583670512,560,23520,,2.4460329404670023,-2.309970623434545,3.047819396024721
561,0.0003253396205701115,561,23562,5,2.488628085408629,-2.294189459844539,2.9149032479331027
562,0.00018399898288978486,562,23604,,2.488628085408629,-2.294189459844539,2.9149032479331027
563,0.00031322765910846834,563,23646,,2.488628085408629,-2.294189459844539,2.9149032479331027
564,0.00024823908361163837,564,23688,,2.488628085408629,-2.294189459844539,2.9149032479331027
565,0.0002108309534176769,565,23730,,2.488628085408629,-2.294189459844539,2.9149032479331027
566,0.0005003681805266662,566,23772,5,2.4741109732453603,-2.32388370685608,2.8646813222285172
567,0.00035697913369849384,567,23814,,2.4741109732453603,-2.32388370685608,2.8646813222285172
568,0.00015517694799253206,568,23856,,2.4741109732453603,-2.32388370685608,2.8646813222285172
569,0.0003040789731574129,569,23898,,2.4741109732453603,-2.32388370685608,2.8646813222285172
570,0.00026134114197207304,570,23940,,2.4741109732453603,-2.32388370685608,2.8646813222285172
571,0.00015332635474369326,571,23982,5,2.5036780211605403,-2.318321578458531,2.7484226919850996
572,0.0004753115292793972,572,24024,,2.5036780211605403,-2.318321578458531,2.7484226919850996
573,0.000390294316738363,573,24066,,2.5036780211605403,-2.318321578458531,2.7484226919850996
574,0.00012483537932539505,574,24108,,2.5036780211605403,-2.318321578458531,2.7484226919850996
575,0.00029025032909317977,575,24150,,2.5036780211605403,-2.318321578458531,2.7484226919850996
576,0.00027058744533274884,576,24192,5,2.528840589812252,-2.316113231730278,2.6378659196780516
577,0.00013577187215801483,577,24234,,2.528840589812252,-2.316113231730278,2.6378659196780516
578,0.0004394414676743925,578,24276,,2.528840589812252,-2.316113231730278,2.6378659196780516
579,0.000421242698279255,579,24318,,2.528840589812252,-2.316113231730278,2.6378659196780516
580,0.00016393241708500487,580,24360,,2.528840589812252,-2.316113231730278,2.6378659196780516
581,0.0002700834637214752,581,24402,5,2.5274337912870033,-2.334731125060458,2.566914883375988
582,0.00027244170286277525,582,24444,,2.5274337912870033,-2.334731125060458,2.566914883375988
583,0.0001605681272903718,583,24486,,2.5274337912870033,-2.334731125060458,2.566914883375988
584,0.00039042799874150946,584,24528,,2.5274337912870033,-2.334731125060458,2.566914883375988
585,0.0004455128773140737,585,24570,,2.5274337912870033,-2.334731125060458,2.566914883375988
586,0.00020368590708729132,586,24612,5,2.5874839812299517,-2.304654536996166,2.4036115000813476
587,0.00024209983076619505,587,24654,,2.5874839812299517,-2.304654536996166,2.4036115000813476
588,0.00027413189333175037,588,24696,,2.5874839812299517,-2.304654536996166,2.4036115000813476
589,0.00017861951189840293,589,24738,,2.5874839812299517,-2.304654536996166,2.4036115000813476
590,0.00032633178820701064,590,24780,,2.5874839812299517,-2.304654536996166,2.4036115000813476
591,0.0004576849159908733,591,24822,5,2.5963236041090587,-2.3148945227384914,2.317466139580165
592,0.00024088680605220447,592,24864,,2.5963236041090587,-2.3148945227384914,2.317466139580165
593,0.00020537521714802652,593,24906,,2.5963236041090587,-2.3148945227384914,2.317466139580165
594,0.0002799789329576462,594,24948,,2.5963236041090587,-2.3148945227384914,2.317466139580165
595,0.00018639874998971828,595,24990,,2.5963236041090587,-2.3148945227384914,2.317466139580165
596,0.00024718611763385544,596,25032,5,2.59562722591294,-2.3325123941155352,2.2461552893864813
597,0.00045276274162179815,597,25074,,2.59562722591294,-2.3325123941155352,2.2461552893864813
598,0.00028402536300674427,598,25116,,2.59562722591294,-2.3325123941155352,2.2461552893864813
599,0.0001599408806358214,599,25158,,2.59562722591294,-2.3325123941155352,2.2461552893864813
600,0.00027551844649414373,600,25200,,2.59562722591294,-2.3325123941155352,2.2461552893864813
601,0.00021449915051671305,601,25242,5,2.6316545597886596,-2.3209653971146333,2.1212601671054605
602,0.0001547802826730594,602,25284,,2.6316545597886596,-2.3209653971146333,2.1212601671054605
603,0.0004259091787800419,603,25326,,2.6316545597886596,-2.3209653971146333,2.1212601671054605
604,0.0003479311086389425,604,25368,,2.6316545597886596,-2.3209653971146333,2.1212601671054605
605,0.00011973276073456662,605,25410,,2.6316545597886596,-2.3209653971146333,2.1212601671054605
606,0.00025828647825500736,606,25452,5,2.6206641965949795,-2.3463919641607363,2.0667708144684096
607,0.00023377683635991762,607,25494,,2.6206641965949795,-2.3463919641607363,2.0667708144684096
608,0.00012991177306586626,608,25536,,2.6206641965949795,-2.3463919641607363,2.0667708144684096
609,0.0003741160062124833,609,25578,,2.6206641965949795,-2.3463919641607363,2.0667708144684096
610,0.0003950514467577675,610,25620,,2.6206641965949795,-2.3463919641607363,2.0667708144684096
611,0.00017734435189658318,611,25662,5,2.6871293381625994,-2.3105064741690895,1.9016451132892567
612,0.0002268519086658419,612,25704,,2.6871293381625994,-2.3105064741690895,1.9016451132892567
613,0.0002496835895839935,613,25746,,2.6871293381625994,-2.3105064741690895,1.9016451132892567
614,0.0001546998775694197,614,25788,,2.6871293381625994,-2.3105064741690895,1.9016451132892567
615,0.00029661972432436863,615,25830,,2.6871293381625994,-2.3105064741690895,1.9016451132892567
616,0.00041707293002439744,616,25872,5,2.697112574876158,-2.319106295959065,1.8198386196163887
617,0.0002269293288801526,617,25914,,2.697112574876158,-2.319106295959065,1.8198386196163887
618,0.00018118571500506052,618,25956,,2.697112574876158,-2.319106295959065,1.8198386196163887
619,0.00025780237018951615,619,25998,,2.697112574876158,-2.319106295959065,1.8198386196163887
620,0.00016772497579866744,620,26040,,2.697112574876158,-2.319106295959065,1.8198386196163887
621,0.0001969316095812861,621,26082,5,2.696486467543747,-2.3359323239501446,1.7542740414435283
622,0.00040721907491435044,622,26124,,2.696486467543747,-2.3359323239501446,1.7542740414435283
623,0.00029220877941088535,623,26166,,2.696486467543747,-2.3359323239501446,1.7542740414435283
624,0.0001233892397558493,624,26208,,2.696486467543747,-2.3359323239501446,1.7542740414435283
625,0.0002473896204673781,625,26250,,2.696486467543747,-2.3359323239501446,1.7542740414435283
626,0.00020323736996113396,626,26292,5,2.731956943825979,-2.3240895729771123,1.6416238159714478
627,0.00011835292142942103,627,26334,,2.731956943825979,-2.3240895729771123,1.6416238159714478
628,0.0003611772148190235,628,26376,,2.731956943825979,-2.3240895729771123,1.6416238159714478
629,0.0003568487331945476,629,26418,,2.731956943825979,-2.3240895729771123,1.6416238159714478
630,0.0001567265778747804,630,26460,,2.731956943825979,-2.3240895729771123,1.6416238159714478
631,0.0002168355991745396,631,26502,5,2.735765095754182,-2.3371137307502865,1.5737480898708551
632,0.00023123666208048582,632,26544,,2.735765095754182,-2.3371137307502865,1.5737480898708551
633,0.0001363885890606569,633,26586,,2.735765095754182,-2.3371137307502865,1.5737480898708551
634,0.0002796010193666941,634,26628,,2.735765095754182,-2.3371137307502865,1.5737480898708551
635,0.0003872313267330947,635,26670,,2.735765095754182,-2.3371137307502865,1.5737480898708551
636,0.00021389165440903612,636,26712,5,2.7901078331465063,-2.310045814231376,1.4442019252941452
637,0.00016714800041196283,637,26754,,2.7901078331465063,-2.310045814231376,1.4442019252941452
638,0.0002412911898691822,638,26796,,2.7901078331465063,-2.310045814231376,1.4442019252941452
639,0.0001553592273761055,639,26838,,2.7901078331465063,-2.310045814231376,1.4442019252941452
640,0.00016931077018540576,640,26880,,2.7901078331465063,-2.310045814231376,1.4442019252941452
641,0.0003744093480637936,641,26922,5,2.7803381550200625,-2.3335376961161725,1.3976092721918536
642,0.000288508331523318,642,26964,,2.7803381550200625,-2.3335376961161725,1.3976092721918536
643,0.00010259203111420812,643,27006,,2.7803381550200625,-2.3335376961161725,1.3976092721918536
644,0.00022660422458574116,644,27048,,2.7803381550200625,-2.3335376961161725,1.3976092721918536
645,0.00019920851576739703,645,27090,,2.7803381550200625,-2.3335376961161725,1.3976092721918536
646,0.00011944937463461577,646,27132,5,2.807099234185178,-2.3279996877108484,1.3090767093409508
647,0.0003153635360503212,647,27174,,2.807099234185178,-2.3279996877108484,1.3090767093409508
648,0.0003494599934166398,648,27216,,2.807099234185178,-2.3279996877108484,1.3090767093409508
649,0.00017212177220499983,649,27258,,2.807099234185178,-2.3279996877108484,1.3090767093409508
650,0.0001868925499271484,650,27300,,2.807099234185178,-2.3279996877108484,1.3090767093409508
651,0.000225348680553216,651,27342,5,2.825511485064139,-2.3289111729555314,1.2336582082140062
652,0.000133280695108105,652,27384,,2.825511485064139,-2.3289111729555314,1.2336582082140062
653,0.00021516314073317412,653,27426,,2.825511485064139,-2.3289111729555314,1.2336582082140062
654,0.0003631312226566893,654,27468,,2.825511485064139,-2.3289111729555314,1.2336582082140062
655,0.00023437697589169824,655,27510,,2.825511485064139,-2.3289111729555314,1.2336582082140062
656,0.00012606887452992549,656,27552,5,2.8544257133157154,-2.32138312271685,1.149992545789178
657,0.00022325550512392045,657,27594,,2.8544257133157154,-2.32138312271685,1.149992545789178
658,0.00017331127217667472,658,27636,,2.8544257133157154,-2.32138312271685,1.149992545789178
659,0.00010727200320399542,659,27678,,2.8544257133157154,-2.32138312271685,1.149992545789178
660,0.00032237599707090356,660,27720,,2.8544257133157154,-2.32138312271685,1.149992545789178
661,0.0003149175646469864,661,27762,5,2.8865228948378716,-2.3111844937091495,1.0672216600030902
662,0.00014441197303417764,662,27804,,2.8865228948378716,-2.3111844937091495,1.0672216600030902
663,0.0001912320415662344,663,27846,,2.8865228948378716,-2.3111844937091495,1.0672216600030902
664,0.00020971167425890252,664,27888,,2.8865228948378716,-2.3111844937091495,1.0672216600030902
665,0.00012590852448679318,665,27930,,2.8865228948378716,-2.3111844937091495,1.0672216600030902
666,0.0002306504899049611,666,27972,5,2.8734411096427563,-2.3365951306747195,1.0330517601613096
667,0.00034498670857146044,667,28014,,2.8734411096427563,-2.3365951306747195,1.0330517601613096
668,0.00020495824322065617,668,28056,,2.8734411096427563,-2.3365951306747195,1.0330517601613096
669,0.0001331813947580685,669,28098,,2.8734411096427563,-2.3365951306747195,1.0330517601613096
670,0.00021498666690875342,670,28140,,2.8734411096427563,-2.3365951306747195,1.0330517601613096
671,0.0001578360545688125,671,28182,5,2.913158507098439,-2.320076284916306,0.9494373707087105
672,0.00010405562936072942,672,28224,,2.913158507098439,-2.320076284916306,0.9494373707087105
673,0.0003139474436560732,673,28266,,2.913158507098439,-2.320076284916306,0.9494373707087105
674,0.00029241196311210804,674,28308,,2.913158507098439,-2.320076284916306,0.9494373707087105
675,0.00013181333111339941,675,28350,,2.913158507098439,-2.320076284916306,0.9494373707087105
676,0.00018634387561253208,676,28392,5,2.916492318554957,-2.3323426204122333,0.9035845835072984
677,0.00019886137434891896,677,28434,,2.916492318554957,-2.3323426204122333,0.9035845835072984
678,0.00012099150678214244,678,28476,,2.916492318554957,-2.3323426204122333,0.9035845835072984
679,0.00022460685724443003,679,28518,,2.916492318554957,-2.3323426204122333,0.9035845835072984
680,0.00032812808553684195,680,28560,,2.916492318554957,-2.3323426204122333,0.9035845835072984
681,0.00019547224980070521,681,28602,5,2.969060752655179,-2.3052476989175763,0.8175068187968759
682,0.0001280945235626076,682,28644,,2.969060752655179,-2.3052476989175763,0.8175068187968759
683,0.00020552849720867052,683,28686,,2.969060752655179,-2.3052476989175763,0.8175068187968759
684,0.00015300752099454246,684,28728,,2.969060752655179,-2.3052476989175763,0.8175068187968759
685,9.846801617724766e-05,685,28770,,2.969060752655179,-2.3052476989175763,0.8175068187968759
686,0.00029643307660025324,686,28812,5,2.9477972911237855,-2.3373464645881254,0.7972518552670045
687,0.00028295475838137194,687,28854,,2.9477972911237855,-2.3373464645881254,0.7972518552670045
688,0.00013263283985625815,688,28896,,2.9477972911237855,-2.3373464645881254,0.7972518552670045
689,0.0001749472846874994,689,28938,,2.9477972911237855,-2.3373464645881254,0.7972518552670045
690,0.000193050828231796,690,28980,,2.9477972911237855,-2.3373464645881254,0.7972518552670045
691,0.00011851105059996177,691,29022,5,2.9914699128339732,-2.316503551140149,0.7258150520211601
692,0.00020176959707956003,692,29064,,2.9914699128339732,-2.316503551140149,0.7258150520211601
693,0.00031334494772923603,693,29106,,2.9914699128339732,-2.316503551140149,0.7258150520211601
694,0.000199279946644923,694,29148,,2.9914699128339732,-2.316503551140149,0.7258150520211601
695,0.00011303094656652667,695,29190,,2.9914699128339732,-2.316503551140149,0.7258150520211601
696,0.00019500794826149604,696,29232,5,2.993801077328269,-2.329694537681621,0.6903000007650144
697,0.00015670754628837723,697,29274,,2.993801077328269,-2.329694537681621,0.6903000007650144
698,0.00010076819973450978,698,29316,,2.993801077328269,-2.329694537681621,0.6903000007650144
699,0.0002703728644867994,699,29358,,2.993801077328269,-2.329694537681621,0.6903000007650144
700,0.00028276794636899647,700,29400,,2.993801077328269,-2.329694537681621,0.6903000007650144
701,0.00014375646978085962,701,29442,5,3.0452715787006994,-2.302102098424771,0.6216716021615247
702,0.00015718211137564798,702,29484,,3.0452715787006994,-2.302102098424771,0.6216716021615247
703,0.00018993816429179814,703,29526,,3.0452715787006994,-2.302102098424771,0.6216716021615247
704,0.00011720245278797513,704,29568,,3.0452715787006994,-2.302102098424771,0.6216716021615247
705,0.00016342298646851214,705,29610,,3.0452715787006994,-2.302102098424771,0.6216716021615247
706,0.0002965493036214291,706,29652,5,3.047194576911444,-2.3151708511364175,0.5907282164778236
707,0.0002195029974000246,707,29694,,3.047194576911444,-2.3151708511364175,0.5907282164778236
708,8.879219639482513e-05,708,29736,,3.047194576911444,-2.3151708511364175,0.5907282164778236
709,0.0001810338490784994,709,29778,,3.047194576911444,-2.3151708511364175,0.5907282164778236
710,0.00016517840480071648,710,29820,,3.047194576911444,-2.3151708511364175,0.5907282164778236
711,0.00010529776589948502,711,29862,5,3.06794843886581,-2.3127094856137096,0.5495132669258707
712,0.0002325585530982546,712,29904,,3.06794843886581,-2.3127094856137096,0.5495132669258707
713,0.00028462211822159424,713,29946,,3.06794843886581,-2.3127094856137096,0.5495132669258707
714,0.00016091708820312675,714,29988,,3.06794843886581,-2.3127094856137096,0.5495132669258707
715,0.00013161544917431972,715,30030,,3.06794843886581,-2.3127094856137096,0.5495132669258707
716,0.00018526592367981316,716,30072,5,3.0808641667783863,-2.316912421837282,0.5156045252990671
717,0.00012783855505720654,717,30114,,3.0808641667783863,-2.316912421837282,0.5156045252990671
718,0.00010962914416540146,718,30156,,3.0808641667783863,-2.316912421837282,0.5156045252990671
719,0.0002705037734173516,719,30198,,3.0808641667783863,-2.316912421837282,0.5156045252990671
720,0.0002442380240493959,720,30240,,3.0808641667783863,-2.316912421837282,0.5156045252990671
721,0.00011522350101694259,721,30282,5,3.1213791867446226,-2.2972702510652554,0.46806321544366014
722,0.00015998661625272868,722,30324,,3.1213791867446226,-2.2972702510652554,0.46806321544366014
723,0.00017321405395960305,723,30366,,3.1213791867446226,-2.2972702510652554,0.46806321544366014
724,0.00010938568338666214,724,30408,,3.1213791867446226,-2.2972702510652554,0.46806321544366014
725,0.00017880054825720576,725,30450,,3.1213791867446226,-2.2972702510652554,0.46806321544366014
726,0.00027861709781904756,726,30492,5,3.1314428730458426,-2.3034957645402634,0.44012204532657595
727,0.00018669571246930828,727,30534,,3.1314428730458426,-2.3034957645402634,0.44012204532657595
728,9.679112000857587e-05,728,30576,,3.1314428730458426,-2.3034957645402634,0.44012204532657595
729,0.00017360158707580201,729,30618,,3.1314428730458426,-2.3034957645402634,0.44012204532657595
730,0.00014950649378415412,730,30660,,3.1314428730458426,-2.3034957645402634,0.44012204532657595
731,9.802764909113727e-05,731,30702,5,3.145921753146718,-2.306065925329777,0.4116548538021565
732,0.00022698234164768687,732,30744,,3.145921753146718,-2.306065925329777,0.4116548538021565
733,0.0002623792593431032,733,30786,,3.145921753146718,-2.306065925329777,0.4116548538021565
734,0.00014694954493089094,734,30828,,3.145921753146718,-2.306065925329777,0.4116548538021565
735,0.000128284414550953,735,30870,,3.145921753146718,-2.306065925329777,0.4116548538021565
736,0.00017416534761949048,736,30912,5,3.161280833611987,-2.3078889241761797,0.3845389651090896
737,0.00011899665534107531,737,30954,,3.161280833611987,-2.3078889241761797,0.3845389651090896
738,0.0001072582130863474,738,30996,,3.161280833611987,-2.3078889241761797,0.3845389651090896
739,0.00025333600797035767,739,31038,,3.161280833611987,-2.3078889241761797,0.3845389651090896
740,0.00022898733551712206,740,31080,,3.161280833611987,-2.3078889241761797,0.3845389651090896
741,0.00011112926315576805,741,31122,5,3.1998132180863728,-2.2889391715888476,0.3488119199722899
742,0.000149515996396673,742,31164,,3.1998132180863728,-2.2889391715888476,0.3488119199722899
743,0.00016442221796566598,743,31206,,3.1998132180863728,-2.2889391715888476,0.3488119199722899
744,0.0001052586887619901,744,31248,,3.1998132180863728,-2.2889391715888476,0.3488119199722899
745,0.00016027828703220397,745,31290,,3.1998132180863728,-2.2889391715888476,0.3488119199722899
746,0.0002601210837910111,746,31332,5,3.2086005644949016,-2.296181355117636,0.32819340494944393
747,0.0001856266672197807,747,31374,,3.2086005644949016,-2.296181355117636,0.32819340494944393
748,8.448298213904743e-05,748,31416,,3.2086005644949016,-2.296181355117636,0.32819340494944393
749,0.00016094204670427645,749,31458,,3.2086005644949016,-2.296181355117636,0.32819340494944393
750,0.00014748005177574853,750,31500,,3.2086005644949016,-2.296181355117636,0.32819340494944393
751,9.727809843983835e-05,751,31542,5,3.226076817352737,-2.2957627170133303,0.3054225458544306
752,0.0001991903655184636,752,31584,,3.226076817352737,-2.2957627170133303,0.3054225458544306
753,0.00025132517105068246,753,31626,,3.226076817352737,-2.2957627170133303,0.3054225458544306
754,0.0001500189201342525,754,31668,,3.226076817352737,-2.2957627170133303,0.3054225458544306
755,0.00010965709455474081,755,31710,,3.226076817352737,-2.2957627170133303,0.3054225458544306
756,0.00016394407920345615,756,31752,5,3.2370016258861085,-2.3014433413138367,0.28665417714106356
757,0.00012631162040398718,757,31794,,3.2370016258861085,-2.3014433413138367,0.28665417714106356
758,8.709833738369303e-05,758,31836,,3.2370016258861085,-2.3014433413138367,0.28665417714106356
759,0.00022408291078213565,759,31878,,3.2370016258861085,-2.3014433413138367,0.28665417714106356
760,0.00023147071281016284,760,31920,,3.2370016258861085,-2.3014433413138367,0.28665417714106356
761,0.00012523312737362964,761,31962,5,3.2800229523627555,-2.2774042263212437,0.2578515014471754
762,0.00012826317822345568,762,32004,,3.2800229523627555,-2.2774042263212437,0.2578515014471754
763,0.0001603183997202723,763,32046,,3.2800229523627555,-2.2774042263212437,0.2578515014471754
764,0.00010343246841645257,764,32088,,3.2800229523627555,-2.2774042263212437,0.2578515014471754
765,0.00011443683812284256,765,32130,,3.2800229523627555,-2.2774042263212437,0.2578515014471754
766,0.00023652323540954986,766,32172,5,3.278349161287503,-2.2942769609447207,0.24587963461377305
767,0.00020483340931026436,767,32214,,3.278349161287503,-2.2942769609447207,0.24587963461377305
768,9.992161798360211e-05,768,32256,,3.278349161287503,-2.2942769609447207,0.24587963461377305
769,0.00014068498012902563,769,32298,,3.278349161287503,-2.2942769609447207,0.24587963461377305
770,0.00015195719550100756,770,32340,,3.278349161287503,-2.2942769609447207,0.24587963461377305
771,9.932934800458448e-05,771,32382,5,3.3068453768187953,-2.2830885566957284,0.22520846211268974
772,0.0001483205117936089,772,32424,,3.3068453768187953,-2.2830885566957284,0.22520846211268974
773,0.00023887760153400321,773,32466,,3.3068453768187953,-2.2830885566957284,0.22520846211268974
774,0.0001750277225706787,774,32508,,3.3068453768187953,-2.2830885566957284,0.22520846211268974
775,7.630823862927113e-05,775,32550,,3.3068453768187953,-2.2830885566957284,0.22520846211268974
776,0.00014775518604584527,776,32592,5,3.3061719274723753,-2.2999847591759024,0.21472829705075203
777,0.00014060806222025837,777,32634,,3.3061719274723753,-2.2999847591759024,0.21472829705075203
778,9.406836003681574e-05,778,32676,,3.3061719274723753,-2.2999847591759024,0.21472829705075203
779,0.00017379589684052705,779,32718,,3.3061719274723753,-2.2999847591759024,0.21472829705075203
780,0.0002337402944659124,780,32760,,3.3061719274723753,-2.2999847591759024,0.21472829705075203
781,0.00014695179068975543,781,32802,5,3.3593898394599417,-2.2648062079836953,0.18993771074901433
782,9.287402451965431e-05,782,32844,,3.3593898394599417,-2.2648062079836953,0.18993771074901433
783,0.00015050820025953908,783,32886,,3.3593898394599417,-2.2648062079836953,0.18993771074901433
784,0.00012774973541113932,784,32928,,3.3593898394599417,-2.2648062079836953,0.18993771074901433
785,8.796499453362478e-05,785,32970,,3.3593898394599417,-2.2648062079836953,0.18993771074901433
786,0.00019160745078992578,786,33012,5,3.3500963384873934,-2.2892703658275333,0.18313372604626466
787,0.0002235553136231597,787,33054,,3.3500963384873934,-2.2892703658275333,0.18313372604626466
788,0.0001323863541489752,788,33096,,3.3500963384873934,-2.2892703658275333,0.18313372604626466
789,0.00010569287347094518,789,33138,,3.3500963384873934,-2.2892703658275333,0.18313372604626466
790,0.00015002242213101057,790,33180,,3.3500963384873934,-2.2892703658275333,0.18313372604626466
791,0.00011455617369472571,791,33222,5,3.385454566196522,-2.2705379088384525,0.16585539295512675
792,8.162876121266416e-05,792,33264,,3.385454566196522,-2.2705379088384525,0.16585539295512675
793,0.00020292809450383526,793,33306,,3.385454566196522,-2.2705379088384525,0.16585539295512675
794,0.0002104576066764074,794,33348,,3.385454566196522,-2.2705379088384525,0.16585539295512675
795,0.00011803732435227733,795,33390,,3.385454566196522,-2.2705379088384525,0.16585539295512675
796,0.0001151395200472011,796,33432,5,3.398073089979152,-2.2739697913545154,0.15511037429173458
797,0.00014729209404863502,797,33474,,3.398073089979152,-2.2739697913545154,0.15511037429173458
798,0.00010188388066849222,798,33516,,3.398073089979152,-2.2739697913545154,0.15511037429173458
799,9.285604993832335e-05,799,33558,,3.398073089979152,-2.2739697913545154,0.15511037429173458
800,0.00020908128405894183,800,33600,,3.398073089979152,-2.2739697913545154,0.15511037429173458
801,0.0001961523873512793,801,33642,5,3.434189729387578,-2.2545403556076367,0.14027438438759976
802,0.00010468297363600157,802,33684,,3.434189729387578,-2.2545403556076367,0.14027438438759976
803,0.00012171064883642117,803,33726,,3.434189729387578,-2.2545403556076367,0.14027438438759976
804,0.00014318096056083828,804,33768,,3.434189729387578,-2.2545403556076367,0.14027438438759976
805,9.473086992494646e-05,805,33810,,3.434189729387578,-2.2545403556076367,0.14027438438759976
806,0.00011052847583980953,806,33852,5,3.4307544205036664,-2.273483557242004,0.1342068623774324
807,0.0002113592012909861,807,33894,,3.4307544205036664,-2.273483557242004,0.1342068623774324
808,0.00018192481742897857,808,33936,,3.4307544205036664,-2.273483557242004,0.1342068623774324
809,9.280942025728222e-05,809,33978,,3.4307544205036664,-2.273483557242004,0.1342068623774324
810,0.00012594524798523394,810,34020,,3.4307544205036664,-2.273483557242004,0.1342068623774324
811,0.00013840150862093169,811,34062,5,3.4581198500318324,-2.261880646886589,0.12276865096881462
812,9.262982742419365e-05,812,34104,,3.4581198500318324,-2.261880646886589,0.12276865096881462
813,0.00012395081671945533,813,34146,,3.4581198500318324,-2.261880646886589,0.12276865096881462
814,0.00021092425082262274,814,34188,,3.4581198500318324,-2.261880646886589,0.12276865096881462
815,0.00016869073222119116,815,34230,,3.4581198500318324,-2.261880646886589,0.12276865096881462
816,8.269253829860136e-05,816,34272,5,3.4855023462438153,-2.2502901606524865,0.1122869089859102
817,0.00012834491404295072,817,34314,,3.4855023462438153,-2.2502901606524865,0.1122869089859102
818,0.0001334951101511664,818,34356,,3.4855023462438153,-2.2502901606524865,0.1122869089859102
819,9.040209970111166e-05,819,34398,,3.4855023462438153,-2.2502901606524865,0.1122869089859102
820,0.00013363028691233686,820,34440,,3.4855023462438153,-2.2502901606524865,0.1122869089859102
821,0.0002087457676113355,821,34482,5,3.4978942204464083,-2.2533922964891753,0.10495994239651374
822,0.00015705632171797096,822,34524,,3.4978942204464083,-2.2533922964891753,0.10495994239651374
823,7.44504607990483e-05,823,34566,,3.4978942204464083,-2.2533922964891753,0.10495994239651374
824,0.00012935534138493825,824,34608,,3.4978942204464083,-2.2533922964891753,0.10495994239651374
825,0.00012886293044024141,825,34650,,3.4978942204464083,-2.2533922964891753,0.10495994239651374
826,8.825713614352273e-05,826,34692,5,3.515734257204798,-2.251010822774795,0.09731536157430343
827,0.00014008954598021208,827,34734,,3.515734257204798,-2.251010822774795,0.09731536157430343
828,0.0002055879559898451,828,34776,,3.515734257204798,-2.251010822774795,0.09731536157430343
829,0.00014738388509851996,829,34818,,3.515734257204798,-2.251010822774795,0.09731536157430343
830,7.085564574405161e-05,830,34860,,3.515734257204798,-2.251010822774795,0.09731536157430343
831,0.00012934474376839294,831,34902,5,3.5181771603106853,-2.2647843945499466,0.09241692763930853
832,0.00012478052037991693,832,34944,,3.5181771603106853,-2.2647843945499466,0.09241692763930853
833,8.633833305988275e-05,833,34986,,3.5181771603106853,-2.2647843945499466,0.09241692763930853
834,0.0001438122735467847,834,35028,,3.5181771603106853,-2.2647843945499466,0.09241692763930853
835,0.00020201425347159238,835,35070,,3.5181771603106853,-2.2647843945499466,0.09241692763930853
836,0.0001398566476715312,836,35112,5,3.5653667282628776,-2.2318549833492285,0.08186462284706675
837,7.345465366415894e-05,837,35154,,3.5653667282628776,-2.2318549833492285,0.08186462284706675
838,0.00012859154985543094,838,35196,,3.5653667282628776,-2.2318549833492285,0.08186462284706675
839,0.00012141303437558472,839,35238,,3.5653667282628776,-2.2318549833492285,0.08186462284706675
840,8.473324403178906e-05,840,35280,,3.5653667282628776,-2.2318549833492285,0.08186462284706675
841,0.00014520190267786062,841,35322,5,3.5602315427367217,-2.2527002598920776,0.07860132679620602
842,0.00019839708777184644,842,35364,,3.5602315427367217,-2.2527002598920776,0.07860132679620602
843,0.00013452052977327896,843,35406,,3.5602315427367217,-2.2527002598920776,0.07860132679620602
844,7.455206689881414e-05,844,35448,,3.5602315427367217,-2.2527002598920776,0.07860132679620602
845,0.0001272944683431511,845,35490,,3.5602315427367217,-2.2527002598920776,0.07860132679620602
846,0.00011884323614369947,846,35532,5,3.5894658745766312,-2.2377689860295082,0.07152193393997086
847,8.348799345323154e-05,847,35574,,3.5894658745766312,-2.2377689860295082,0.07152193393997086
848,0.0001445711615460945,848,35616,,3.5894658745766312,-2.2377689860295082,0.07152193393997086
849,0.00019495610583881157,849,35658,,3.5894658745766312,-2.2377689860295082,0.07152193393997086
850,0.0001313327453926872,850,35700,,3.5894658745766312,-2.2377689860295082,0.07152193393997086
851,7.428493094257247e-05,851,35742,5,3.608454170290839,-2.2334993216691057,0.06613337343354964
852,0.00012557008457242635,852,35784,,3.608454170290839,-2.2334993216691057,0.06613337343354964
853,0.0001170797771917078,853,35826,,3.608454170290839,-2.2334993216691057,0.06613337343354964
854,8.260750120961773e-05,854,35868,,3.608454170290839,-2.2334993216691057,0.06613337343354964
855,0.00014213513882157516,855,35910,,3.608454170290839,-2.2334993216691057,0.06613337343354964
856,0.00019176681992248828,856,35952,5,3.6285357935009435,-2.227925063018089,0.06103244792524709
857,0.00013018043281030572,857,35994,,3.6285357935009435,-2.227925063018089,0.06103244792524709
858,7.275831841616913e-05,858,36036,,3.6285357935009435,-2.227925063018089,0.06103244792524709
859,0.00012346600833666223,859,36078,,3.6285357935009435,-2.227925063018089,0.06103244792524709
860,0.00011607438665784986,860,36120,,3.6285357935009435,-2.227925063018089,0.06103244792524709
861,8.206784265531435e-05,861,36162,5,3.6410931923804775,-2.230048787336015,0.057000958845016214
862,0.00013801547663408074,862,36204,,3.6410931923804775,-2.230048787336015,0.057000958845016214
863,0.00018878381651336065,863,36246,,3.6410931923804775,-2.230048787336015,0.057000958845016214
864,0.00013089314378258003,864,36288,,3.6410931923804775,-2.230048787336015,0.057000958845016214
865,7.004976438141231e-05,865,36330,,3.6410931923804775,-2.230048787336015,0.057000958845016214
866,0.0001209694520643221,866,36372,5,3.645907490776293,-2.2406863514349,0.05395074046320181
867,0.00011573027202991889,867,36414,,3.645907490776293,-2.2406863514349,0.05395074046320181
868,8.181748723846105e-05,868,36456,,3.645907490776293,-2.2406863514349,0.05395074046320181
869,0.00013225591446849942,869,36498,,3.645907490776293,-2.2406863514349,0.05395074046320181
870,0.00018585869017911764,870,36540,,3.645907490776293,-2.2406863514349,0.05395074046320181
871,0.00013325341849168383,871,36582,5,3.688464787753289,-2.2105544928043206,0.047934238030476806
872,6.621028254744112e-05,872,36624,,3.688464787753289,-2.2105544928043206,0.047934238030476806
873,0.00011801218452989643,873,36666,,3.688464787753289,-2.2105544928043206,0.047934238030476806
874,0.0001159026497104916,874,36708,,3.688464787753289,-2.2105544928043206,0.047934238030476806
875,8.177871546321232e-05,875,36750,,3.688464787753289,-2.2105544928043206,0.047934238030476806
876,0.00012483728426823835,876,36792,5,3.685020003814371,-2.229286565852657,0.04597025143578781
877,0.00018274846708456237,877,36834,,3.685020003814371,-2.229286565852657,0.04597025143578781
878,0.0001369888640693773,878,36876,,3.685020003814371,-2.229286565852657,0.04597025143578781
879,6.91790239980461e-05,879,36918,,3.685020003814371,-2.229286565852657,0.04597025143578781
880,0.00011448595622793634,880,36960,,3.685020003814371,-2.229286565852657,0.04597025143578781
881,0.00011640697887102693,881,37002,5,3.7107517175739617,-2.216586762061956,0.04197058679878385
882,8.185224353737453e-05,882,37044,,3.7107517175739617,-2.216586762061956,0.04197058679878385
883,0.00011570353920178243,883,37086,,3.7107517175739617,-2.216586762061956,0.04197058679878385
884,0.00017913742226898557,884,37128,,3.7107517175739617,-2.216586762061956,0.04197058679878385
885,0.00014177154538676917,885,37170,,3.7107517175739617,-2.216586762061956,0.04197058679878385
886,7.444501366856819e-05,886,37212,5,3.733181450337403,-2.2074342347017346,0.03853063674230883
887,0.00011024924275532276,887,37254,,3.733181450337403,-2.2074342347017346,0.03853063674230883
888,0.00011701630929947918,888,37296,,3.733181450337403,-2.2074342347017346,0.03853063674230883
889,8.191429480798716e-05,889,37338,,3.733181450337403,-2.2074342347017346,0.03853063674230883
890,0.00010478778191602457,890,37380,,3.733181450337403,-2.2074342347017346,0.03853063674230883
891,0.00017464548465663112,891,37422,5,3.742676918178904,-2.212001125973415,0.03615966494241096
892,0.00014720533025385928,892,37464,,3.742676918178904,-2.212001125973415,0.03615966494241096
893,8.053718801061037e-05,893,37506,,3.742676918178904,-2.212001125973415,0.03615966494241096
894,0.00010514344603249217,894,37548,,3.742676918178904,-2.212001125973415,0.03615966494241096
895,0.00011746673542039483,895,37590,,3.742676918178904,-2.212001125973415,0.03615966494241096
896,8.182192021131997e-05,896,37632,5,3.7622872316752267,-2.205478078589234,0.03334107094595673
897,9.204283701914448e-05,897,37674,,3.7622872316752267,-2.205478078589234,0.03334107094595673
898,0.00016884929735239775,898,37716,,3.7622872316752267,-2.205478078589234,0.03334107094595673
899,0.00015281701201203478,899,37758,,3.7622872316752267,-2.205478078589234,0.03334107094595673
900,8.722325120894532e-05,900,37800,,3.7622872316752267,-2.205478078589234,0.03334107094595673
901,9.900727323145703e-05,901,37842,5,3.7718072946799337,-2.2099046692635067,0.031294565258468854
902,0.00011746017218884373,902,37884,,3.7718072946799337,-2.2099046692635067,0.031294565258468854
903,8.278336566213144e-05,903,37926,,3.7718072946799337,-2.2099046692635067,0.031294565258468854
904,7.747755006059687e-05,904,37968,,3.7718072946799337,-2.2099046692635067,0.031294565258468854
905,0.00016130651548929516,905,38010,,3.7718072946799337,-2.2099046692635067,0.031294565258468854
906,0.00015805152665550494,906,38052,5,3.8030409924567588,-2.1903499657939354,0.028250784446218535
907,9.421334359788196e-05,907,38094,,3.8030409924567588,-2.1903499657939354,0.028250784446218535
908,9.169437690705032e-05,908,38136,,3.8030409924567588,-2.1903499657939354,0.028250784446218535
909,0.00011667093763934175,909,38178,,3.8030409924567588,-2.1903499657939354,0.028250784446218535
910,8.92693437610131e-05,910,38220,,3.8030409924567588,-2.1903499657939354,0.028250784446218535
911,6.914373991416054e-05,911,38262,5,3.8053468606667655,-2.2022394551200954,0.026853809148180918
912,0.000151588273930943,912,38304,,3.8053468606667655,-2.2022394551200954,0.026853809148180918
913,0.00016227122210762487,913,38346,,3.8053468606667655,-2.2022394551200954,0.026853809148180918
914,0.00010114769024074026,914,38388,,3.8053468606667655,-2.2022394551200954,0.026853809148180918
915,8.30977183716599e-05,915,38430,,3.8053468606667655,-2.2022394551200954,0.026853809148180918
916,0.00011476007760148666,916,38472,5,3.819948053866325,-2.2006081550910555,0.024969763608328144
917,9.555219745409403e-05,917,38514,,3.819948053866325,-2.2006081550910555,0.024969763608328144
918,7.206305078901127e-05,918,38556,,3.819948053866325,-2.2006081550910555,0.024969763608328144
919,0.00013932460013773266,919,38598,,3.819948053866325,-2.2006081550910555,0.024969763608328144
920,0.00016476991609317858,920,38640,,3.819948053866325,-2.2006081550910555,0.024969763608328144
921,0.00010759438664415186,921,38682,5,3.8519175069287828,-2.1795503338661444,0.0224789671964305
922,7.317243522001878e-05,922,38724,,3.8519175069287828,-2.1795503338661444,0.0224789671964305
923,0.00011139087363192443,923,38766,,3.8519175069287828,-2.1795503338661444,0.0224789671964305
924,0.00010121522855460885,924,38808,,3.8519175069287828,-2.1795503338661444,0.0224789671964305
925,7.457541665638266e-05,925,38850,,3.8519175069287828,-2.1795503338661444,0.0224789671964305
926,0.00012425563592616138,926,38892,5,3.8495914810328995,-2.196385055527556,0.021563317098638013
927,0.0001647971541597483,927,38934,,3.8495914810328995,-2.196385055527556,0.021563317098638013
928,0.00011722488643820157,928,38976,,3.8495914810328995,-2.196385055527556,0.021563317098638013
929,6.196613624644679e-05,929,39018,,3.8495914810328995,-2.196385055527556,0.021563317098638013
930,0.00010625665648371026,930,39060,,3.8495914810328995,-2.196385055527556,0.021563317098638013
931,0.00010578888424439851,931,39102,5,3.8734139320066006,-2.183706664249641,0.019688060305105726
932,7.641755901027471e-05,932,39144,,3.8734139320066006,-2.183706664249641,0.019688060305105726
933,0.00010629392212917801,933,39186,,3.8734139320066006,-2.183706664249641,0.019688060305105726
934,0.00016160582593609512,934,39228,,3.8734139320066006,-2.183706664249641,0.019688060305105726
935,0.00013100764672736907,935,39270,,3.8734139320066006,-2.183706664249641,0.019688060305105726
936,7.278706167469762e-05,936,39312,5,3.8937320442949455,-2.1749757038324895,0.018093789215919198
937,9.911126372257085e-05,937,39354,,3.8937320442949455,-2.1749757038324895,0.018093789215919198
938,0.00010876730433810822,938,39396,,3.8937320442949455,-2.1749757038324895,0.018093789215919198
939,7.73108907181545e-05,939,39438,,3.8937320442949455,-2.1749757038324895,0.018093789215919198
940,8.558772328442639e-05,940,39480,,3.8937320442949455,-2.1749757038324895,0.018093789215919198
941,0.0001545178214162352,941,39522,5,3.8996976710867797,-2.1822323812584505,0.017091916341835045
942,0.00014264851301882582,942,39564,,3.8996976710867797,-2.1822323812584505,0.017091916341835045
943,8.47350033495068e-05,943,39606,,3.8996976710867797,-2.1822323812584505,0.017091916341835045
944,8.980953095638497e-05,944,39648,,3.8996976710867797,-2.1822323812584505,0.017091916341835045
945,0.0001096394924467543,945,39690,,3.8996976710867797,-2.1822323812584505,0.017091916341835045
946,8.249163075595912e-05,946,39732,5,3.9204815148197425,-2.1725066795662813,0.01568336436575901
947,6.564776553694843e-05,947,39774,,3.9204815148197425,-2.1725066795662813,0.01568336436575901
948,0.00014301315822017808,948,39816,,3.9204815148197425,-2.1725066795662813,0.01568336436575901
949,0.00015105325619722384,949,39858,,3.9204815148197425,-2.1725066795662813,0.01568336436575901
950,9.559434937547592e-05,950,39900,,3.9204815148197425,-2.1725066795662813,0.01568336436575901
951,7.83505173884868e-05,951,39942,5,3.9326507089448324,-2.172456861741894,0.014634772016357989
952,0.00010793052885150455,952,39984,,3.9326507089448324,-2.172456861741894,0.014634772016357989
953,9.187999391027734e-05,953,40026,,3.9326507089448324,-2.172456861741894,0.014634772016357989
954,7.000679963664064e-05,954,40068,,3.9326507089448324,-2.172456861741894,0.014634772016357989
955,0.00012683467677045496,955,40110,,3.9326507089448324,-2.172456861741894,0.014634772016357989
956,0.00015509477651103022,956,40152,5,3.9537736023825154,-2.162051386863825,0.013411939867425726
957,0.00010456760617048565,957,40194,,3.9537736023825154,-2.162051386863825,0.013411939867425726
958,6.492252374222063e-05,958,40236,,3.9537736023825154,-2.162051386863825,0.013411939867425726
959,0.0001032553221474253,959,40278,,3.9537736023825154,-2.162051386863825,0.013411939867425726
960,9.924162431261115e-05,960,40320,,3.9537736023825154,-2.162051386863825,0.013411939867425726
961,7.31587879523713e-05,961,40362,5,3.963349635593646,-2.1646028820332384,0.012576195777124433
962,0.00010609846793770189,962,40404,,3.963349635593646,-2.1646028820332384,0.012576195777124433
963,0.00015372533986709078,963,40446,,3.963349635593646,-2.1646028820332384,0.012576195777124433
964,0.0001221197575911839,964,40488,,3.963349635593646,-2.1646028820332384,0.012576195777124433
965,6.870441516524029e-05,965,40530,,3.963349635593646,-2.1646028820332384,0.012576195777124433
966,9.538247100083596e-05,966,40572,5,3.970360122436019,-2.1702254519287796,0.011859869363052056
967,0.00010382486576992026,967,40614,,3.970360122436019,-2.1702254519287796,0.011859869363052056
968,7.468945061198044e-05,968,40656,,3.970360122436019,-2.1702254519287796,0.011859869363052056
969,8.139234840033192e-05,969,40698,,3.970360122436019,-2.1702254519287796,0.011859869363052056
970,0.00014612675187208245,970,40740,,3.970360122436019,-2.1702254519287796,0.011859869363052056
971,0.00013692736375803887,971,40782,5,4.000743410451379,-2.1485028585366557,0.010650202324148594
972,8.336580368525128e-05,972,40824,,4.000743410451379,-2.1485028585366557,0.010650202324148594
973,8.430245380523075e-05,973,40866,,4.000743410451379,-2.1485028585366557,0.010650202324148594
974,0.0001049390566881195,974,40908,,4.000743410451379,-2.1485028585366557,0.010650202324148594
975,8.218575720596068e-05,975,40950,,4.000743410451379,-2.1485028585366557,0.010650202324148594
976,6.527389336919017e-05,976,40992,5,4.00316355921851,-2.1588522052544006,0.010134119313838674
977,0.0001318856137426862,977,41034,,4.00316355921851,-2.1588522052544006,0.010134119313838674
978,0.00014619938318353833,978,41076,,4.00316355921851,-2.1588522052544006,0.010134119313838674
979,9.581825635829829e-05,979,41118,,4.00316355921851,-2.1588522052544006,0.010134119313838674
980,7.029634041227819e-05,980,41160,,4.00316355921851,-2.1588522052544006,0.010134119313838674
981,0.00010204414796654521,981,41202,5,4.014303442121325,-2.159181867146326,0.00947190726846836
982,9.249989766467833e-05,982,41244,,4.014303442121325,-2.159181867146326,0.00947190726846836
983,6.99290976372147e-05,983,41286,,4.014303442121325,-2.159181867146326,0.00947190726846836
984,0.00011117463534281012,984,41328,,4.014303442121325,-2.159181867146326,0.00947190726846836
985,0.0001484406365621471,985,41370,,4.014303442121325,-2.159181867146326,0.00947190726846836
986,0.00011101344611412183,986,41412,5,4.043619001045738,-2.1381108719976814,0.008510707920517557
987,6.174761228859332e-05,987,41454,,4.043619001045738,-2.1381108719976814,0.008510707920517557
988,9.484919645306933e-05,988,41496,,4.043619001045738,-2.1381108719976814,0.008510707920517557
989,9.927074567341221e-05,989,41538,,4.043619001045738,-2.1381108719976814,0.008510707920517557
990,7.250762770190902e-05,990,41580,,4.043619001045738,-2.1381108719976814,0.008510707920517557
991,8.489901701824306e-05,991,41622,5,4.043142606085861,-2.151518137027126,0.008151997250365639
992,0.0001425392294266425,992,41664,,4.043142606085861,-2.151518137027126,0.008151997250365639
993,0.0001294084999328499,993,41706,,4.043142606085861,-2.151518137027126,0.008151997250365639
994,7.87361168279465e-05,994,41748,,4.043142606085861,-2.151518137027126,0.008151997250365639
995,8.34147430821221e-05,995,41790,,4.043142606085861,-2.151518137027126,0.008151997250365639
996,0.00010156619690524302,996,41832,5,4.059781310394692,-2.144778034182178,0.007522165988856244
997,7.881314302911278e-05,997,41874,,4.059781310394692,-2.144778034182178,0.007522165988856244
998,6.348677292627624e-05,998,41916,,4.059781310394692,-2.144778034182178,0.007522165988856244
999,0.0001280451838480212,999,41958,,4.059781310394692,-2.144778034182178,0.007522165988856244
1000,0.0001407467419218191,1000,42000,,4.059781310394692,-2.144778034182178,0.007522165988856244
