step,LiarsDice4/conv,LiarsDice4/iters,LiarsDice4/nodes_touched,LiarsDice4/tau,LiarsDice4/alpha,LiarsDice4/beta,LiarsDice4/gamma
0,0.6550595238095238,0,0,,,,
1,0.6550595238095238,1,16362,1,1.0224879191439482,-0.8825253571253122,4.9972556300742
2,0.3108332479742594,2,32724,1,1.0255333535840228,-0.8838958880641179,4.997224649023956
3,0.47139274425351985,3,49086,1,0.9965663940092613,-0.8897015171233222,4.997427262291364
4,0.41756974101264666,4,65448,1,1.0174008563313661,-0.8884493630661012,4.997268247009389
5,0.31667261717076145,5,81810,1,1.01520898027557,-0.8905796625691313,4.997275989040307
6,0.2735279682968839,6,98172,1,1.0063560300357643,-0.8938100475627109,4.997332433497056
7,0.22196584627559016,7,114534,1,1.0030979294151439,-0.8962818351067272,4.997347693714158
8,0.1452208638746572,8,130896,1,0.9971857131454922,-0.899317925836502,4.997381968621058
9,0.11981203719053823,9,147258,1,0.9821827142522319,-0.9044004728509369,4.9974801129751985
10,0.10971903861194598,10,163620,1,0.9770365854495131,-0.907688548610412,4.997507823218697
11,0.09531230611422328,11,179982,1,0.9762840166196796,-0.9100409219034109,4.997504837747774
12,0.08769048821531264,12,196344,1,0.9733152013732471,-0.9129773887643795,4.997517198337894
13,0.09990687329175484,13,212706,1,0.9727575052638189,-0.9153655010494941,4.997512751119701
14,0.07538337307676961,14,229068,1,0.981192411057459,-0.9154856557388225,4.997445091352681
15,0.06702329005406896,15,245430,1,0.9722890323384459,-0.9200651261797632,4.997499139542438
16,0.08601490056394234,16,261792,1,0.9702950938224628,-0.922947642385672,4.997504509872362
17,0.06884379288661115,17,278154,1,0.9837452518021548,-0.9216352651609547,4.99740060539961
18,0.05348849841377003,18,294516,1,0.9773032831755115,-0.9257051166161234,4.997437720308608
19,0.05768098606613741,19,310878,1,0.9696384943159706,-0.9303242742776021,4.997483033700023
20,0.05020158777177644,20,327240,1,0.9757474659196508,-0.9309393635533658,4.997430885570838
21,0.04591938427767207,21,343602,1,0.9728482786354484,-0.9342592924200612,4.997442477369345
22,0.041455048602553744,22,359964,1,0.9720402317876458,-0.9369978591248485,4.997439126971883
23,0.03716797567766837,23,376326,1,0.9706808293435047,-0.9399542014370319,4.997439637045911
24,0.03980924845718821,24,392688,1,0.969032629631708,-0.943056529770814,4.997442142328502
25,0.0437874909758768,25,409050,1,0.974855861428483,-0.9437005898375732,4.997391029355791
26,0.030894124417587286,26,425412,1,0.9818263354453012,-0.9439933097374236,4.997330688571949
27,0.041537835225430496,27,441774,1,0.9700701654298198,-0.9505570541978268,4.997406489118797
28,0.02806104615647558,28,458136,1,0.9855147066729142,-0.9479298114887049,4.997283718879832
29,0.030796435861946497,29,474498,1,0.9718976580366578,-0.9552656654173792,4.997373900892918
30,0.029029010629751217,30,490860,1,0.9787654382206104,-0.9554997473595261,4.997313684431822
31,0.02184242641168504,31,507222,1,0.9792197245505196,-0.9580362719771627,4.997300218116445
32,0.020366710260012133,32,523584,1,0.9701445363095407,-0.9641663977128618,4.997356581505513
33,0.0216050802109816,33,539946,1,0.9701259615371756,-0.9669851482673519,4.997346462187468
34,0.017827185348817325,34,556308,1,0.9755730855988867,-0.9676981702978724,4.997296233862124
35,0.015055021635812404,35,572670,1,0.9703670362010914,-0.9725950674304853,4.997323812932449
36,0.014497843432528669,36,589032,1,0.9661371421937848,-0.9771882119727093,4.997343775506767
37,0.012339244559530727,37,605394,1,0.9674771892951135,-0.9795638314336916,4.9973233637850445
38,0.014256647545481262,38,621756,1,0.9635683096702201,-0.9841157907031439,4.997340618460919
39,0.014222261208724128,39,638118,1,0.972659009925323,-0.9833248173388349,4.997263597088239
40,0.017042301005263848,40,654480,1,0.9755113573300866,-0.9851094918671419,4.997231273320596
41,0.0171682103850139,41,670842,1,0.986204890296412,-0.9836737654962466,4.997139083159265
42,0.01577489600918537,42,687204,1,0.9894970110501611,-0.9852798276022312,4.997102025036347
43,0.019335710080434606,43,703566,1,0.9888497230935829,-0.9885185685304974,4.997095224616968
44,0.01699918331056305,44,719928,1,1.000576314437796,-0.9866655939770395,4.9969906634538095
45,0.019243338535559942,45,736290,1,0.9980350835762568,-0.9906888233388949,4.996998779194627
46,0.017755845991641574,46,752652,1,1.0063753711169363,-0.9902324591278067,4.996918933683622
47,0.015968903667538226,47,769014,1,1.0059148800174262,-0.9934176092611118,4.996910086608453
48,0.01895308579635188,48,785376,1,1.0043451728590744,-0.9971020141694344,4.996910155720659
49,0.016473591893525524,49,801738,1,1.0147658183931245,-0.995765264423637,4.996810787449647
50,0.014601660931824925,50,818100,1,1.011717891066912,-1.0000836670800357,4.99682316512358
51,0.01374892277690963,51,834462,1,1.0095132322492226,-1.0040981979255643,4.99682823661612
52,0.013461952803220732,52,850824,1,1.0099245695187633,-1.0070214296280748,4.996811336662676
53,0.01132627335394545,53,867186,1,1.0120315870585115,-1.0092267071889953,4.9967800347844165
54,0.010221296307595301,54,883548,1,1.0075512835544034,-1.014318348696965,4.996803633561768
55,0.00941216531329108,55,899910,1,1.006107209473094,-1.018109253288659,4.99680160869902
56,0.009174023531887898,56,916272,1,1.0055356722447297,-1.0215342274804586,4.996792155718455
57,0.008878665834303218,57,932634,1,1.0074374597916624,-1.0238765223959991,4.996761977776432
58,0.006988998889972689,58,948996,1,1.0090313555836061,-1.0263639398065765,4.996734056390029
59,0.006890770796961741,59,965358,1,1.0016022010784507,-1.0329071275385635,4.996780917927452
60,0.005990843180534881,60,981720,1,1.0039983258819174,-1.03506287315866,4.996746207889734
61,0.006443078161741639,61,998082,1,1.000891968677383,-1.039721590311076,4.996756688386293
62,0.004906764661465668,62,1014444,1,1.0070965155075626,-1.040164351821108,4.996689826921897
63,0.004661612944509563,63,1030806,1,0.9981723983443158,-1.047524962972518,4.996748141360154
64,0.0042328341259320924,64,1047168,1,0.9989351016867238,-1.05047749777449,4.99672616508985
65,0.004473336874970174,65,1063530,1,0.9977094353391072,-1.0543652184319194,4.996720284581624
66,0.00396029793055639,66,1079892,1,1.0031540077126013,-1.0551659217742189,4.996659109579417
67,0.0033221890583215487,67,1096254,1,1.0008088037064349,-1.059601305521328,4.996662192297137
68,0.003300502224749348,68,1112616,1,0.9960820812669562,-1.0651881695861796,4.9966845804163995
69,0.003361200394274143,69,1128978,1,0.998805556075457,-1.0672840505221006,4.99664535251036
70,0.003005959943047476,70,1145340,1,1.0026280493485709,-1.0688656831036307,4.99659645890287
71,0.0025381973396475625,71,1161702,1,1.000709058567314,-1.0731826470194301,4.996595197499196
72,0.0023903569488490997,72,1178064,1,0.9962414723222859,-1.0787512877285668,4.996614803705354
73,0.0027084532713179607,73,1194426,1,0.9965976576252731,-1.0820283028748567,4.996594163233901
74,0.002139074426887433,74,1210788,1,1.0051591616172564,-1.0813503015072286,4.99650433485621
75,0.0021174328907197122,75,1227150,1,0.9977027367500038,-1.0884348632075744,4.996548860931725
76,0.0018508884543677606,76,1243512,1,1.0002696954508785,-1.0906720611829315,4.996508903265503
77,0.0023672044564070766,77,1259874,1,0.997308378285291,-1.0956388042757783,4.996515078288123
78,0.0014819742890092025,78,1276236,1,1.0112962900031572,-1.0922825760350927,4.996376651238549
79,0.001801657263742467,79,1292598,1,0.993454621507829,-1.1046540414844155,4.9965092809032665
80,0.0014235854403943995,80,1308960,1,1.0051771693036935,-1.1023492396416865,4.996390637052261
81,0.001867206670472417,81,1325322,1,0.9976937674796709,-1.1096758178678665,4.996434731253432
82,0.0013117087497447263,82,1341684,1,1.0128493733429687,-1.1056506258343282,4.996283818733854
83,0.0013101542540741792,83,1358046,1,1.000082042082933,-1.1156751573259502,4.996374291039319
84,0.001590248302982128,84,1374408,1,1.0030542725548244,-1.1177827144661845,4.996328238226656
85,0.001167518888562577,85,1390770,1,1.0147800892577095,-1.1154484931052524,4.996204393759255
86,0.0012921204672448824,86,1407132,1,1.003950097501982,-1.1246158036896228,4.9962785577306805
87,0.000993732059684234,87,1423494,1,1.0115384290275156,-1.1243691302553436,4.996190376737667
88,0.0014905233503981485,88,1439856,1,1.0027811854661985,-1.1325912658341453,4.996245723357222
89,0.0008391350907133305,89,1456218,1,1.024083503150658,-1.1252664235964929,4.9960325853891625
90,0.0009668069605970921,90,1472580,1,1.001247470329797,-1.140852595540538,4.99621503080421
91,0.0012503869428928047,91,1488942,1,1.0106525749664343,-1.1396157587993183,4.996109298694229
92,0.0008309154145179076,92,1505304,1,1.0253296797308773,-1.1356714512676447,4.995952049091272
93,0.0010207392008719056,93,1521666,1,1.0099062260568887,-1.1475218733590067,4.996069781910339
94,0.0007597828494707859,94,1538028,1,1.0222629428696437,-1.144734848202949,4.995933129099133
95,0.001156226544292635,95,1554390,1,1.0119520724373068,-1.1540075330119604,4.996003839067096
96,0.0007140632351641564,96,1570752,1,1.034069437699765,-1.1460447378180774,4.995772522895702
97,0.0006883395171746326,97,1587114,1,1.015240635321971,-1.1598718519372162,4.995924924357402
98,0.0011435746757990778,98,1603476,1,1.0166302774025757,-1.1629590304305442,4.995887131003338
99,0.0004864500937449938,99,1619838,1,1.0428339123950867,-1.1527531858557019,4.99561028900097
100,0.0008347855193853726,100,1636200,1,1.0070069230596461,-1.176072178285089,4.99592499567398
101,0.0007887296447461056,101,1652562,1,1.034620814558131,-1.164758054928487,4.995638340537477
102,0.0007424343361440988,102,1668924,1,1.0351103625641092,-1.1683507315981325,4.995606745625578
103,0.0007083338931525018,103,1685286,1,1.0354277872784243,-1.1720537153326747,4.995576460670728
104,0.0005227049685175636,104,1701648,1,1.0363610913782755,-1.1754369240583074,4.995539711314848
105,0.0009588566274714785,105,1718010,1,1.0255372138041583,-1.1853677842916677,4.9956177929808145
106,0.0004681653889774817,106,1734372,1,1.0564934477969263,-1.1722911912996952,4.995278180850637
107,0.0006123416722383888,107,1750734,1,1.0266442483722626,-1.1927018302949541,4.995550738337763
108,0.0008880001377304728,108,1767096,1,1.042044861489873,-1.1880264271645338,4.995368552468903
109,0.0004094685454138561,109,1783458,1,1.0623171999135692,-1.1808282922772824,4.995127458204653
110,0.0006026542692590189,110,1799820,1,1.0297357745782247,-1.2030055834139906,4.995432886063471
111,0.0005678036145553012,111,1816182,1,1.0506237535486815,-1.1951750633643927,4.995189878213466
112,0.0005956311244307844,112,1832544,1,1.0509818515282288,-1.1989771148015897,4.995155086000373
113,0.0005376656534072585,113,1848906,1,1.0563142159595582,-1.1999955934693887,4.99506713899568
114,0.0004048793934878711,114,1865268,1,1.054688044963254,-1.2049394171416852,4.995052452088927
115,0.0007954590137411663,115,1881630,1,1.0446669319782016,-1.2147455524747761,4.9951258535831755
116,0.0003473301328518752,116,1897992,1,1.0791969419605216,-1.1992789066942555,4.994716552450846
117,0.0004377312558160873,117,1914354,1,1.0437847578332882,-1.2235070825417695,4.9950697046999535
118,0.0007575732149500553,118,1930716,1,1.0576263645892767,-1.219567376598887,4.994888390659815
119,0.000253396951478288,119,1947078,1,1.0863983252282283,-1.2073350616598932,4.9945295048277
120,0.000502465293681427,120,1963440,1,1.0385083960038297,-1.2392380401037186,4.995024056872733
121,0.0004767685571077651,121,1979802,1,1.0734734001102164,-1.222793304219136,4.994607106187285
122,0.0005298086240101627,122,1996164,1,1.0741651535755459,-1.2265247134508415,4.994562975357159
123,0.00045368567748628463,123,2012526,1,1.0822708307086046,-1.2259963791446933,4.9944322743465595
124,0.0003562598927588506,124,2028888,1,1.0781455114532625,-1.2325264768753925,4.994442965528614
125,0.0007101924118371114,125,2045250,1,1.069955081584523,-1.2415207929126297,4.9944997191488
126,0.00022243550396282633,126,2061612,1,1.1056306941287803,-1.2250657195414092,4.994034206401567
127,0.0003773266345669449,127,2077974,1,1.0542043040596685,-1.259600526585886,4.994601447081568
128,0.0006193661422805516,128,2094336,1,1.0821196097747696,-1.2470085379124445,4.994241412883672
129,0.000278528150721144,129,2110698,1,1.10874514917854,-1.2357157601387856,4.993873339012832
130,0.00045586337513913583,130,2127060,1,1.0741403877903333,-1.2603477071505425,4.994255344378974
131,0.0003494464731056343,131,2143422,1,1.1005937194963673,-1.2488405178833935,4.99389270350113
132,0.0005664859235720715,132,2159784,1,1.0911795124794441,-1.2586848404289097,4.993967445127879
133,0.00030991826717369914,133,2176146,1,1.1173356559813354,-1.2475384737132167,4.993591385410348
134,0.00029865317621640894,134,2192508,1,1.0918504807590659,-1.2669206709092016,4.993873237179122
135,0.0006206021546085599,135,2208870,1,1.093275369476283,-1.2704072886995652,4.9938116164084185
136,0.000143412889985102,136,2225232,1,1.1313674988535636,-1.2520829909911002,4.993266988497117
137,0.00040241902217255307,137,2241594,1,1.0649586469985404,-1.297168687530773,4.994067613050316
138,0.0003610130142952597,138,2257956,1,1.1170841097456239,-1.2690803826485328,4.993367001847677
139,0.0004516888916347439,139,2274318,1,1.11510520648127,-1.2746263991188829,4.993346077377538
140,0.0003192766621679041,140,2290680,1,1.1290720398976903,-1.2705981698707967,4.993108005826047
141,0.00026642013396321884,141,2307042,1,1.1156538507309062,-1.283082849547101,4.993242176197459
142,0.0005760683883970913,142,2323404,1,1.1101999183407125,-1.2908907447625109,4.9932660809208915
143,0.00012320002894868412,143,2339766,1,1.1505212197969839,-1.2708593298657318,4.992650384635115
144,0.00034077315593685625,144,2356128,1,1.0798400693164576,-1.3195666883109434,4.993560263541944
145,0.00035314020874768065,145,2372490,1,1.1316946366138005,-1.2909935356150413,4.992818001802291
146,0.00040879104423729995,146,2388852,1,1.1366571603772484,-1.292404730573402,4.992694232050482
147,0.0002936872853986222,147,2405214,1,1.146986248986718,-1.2905448637205998,4.992489507760087
148,0.000275220903773743,148,2421576,1,1.1342412286453427,-1.302874432701758,4.992620877760487
149,0.0005367539591448756,149,2437938,1,1.1343459987209616,-1.3073395894073252,4.992564255001101
150,0.0001401937551928044,150,2454300,1,1.1700151405418908,-1.2898805733042116,4.99196799285119
151,0.00032527091189590157,151,2470662,1,1.1082862257610802,-1.3334108484676048,4.992820360665966
152,0.00031346893965244343,152,2487024,1,1.1522164103797647,-1.309791955653864,4.992127543734669
153,0.0004345348688210987,153,2503386,1,1.153687667573591,-1.3134274720524979,4.992045825956952
154,0.00023460866374626008,154,2519748,1,1.1728862258010353,-1.306034455374998,4.991682973346479
155,0.0003029475372422277,155,2536110,1,1.1461187717504076,-1.3274394753985477,4.992040926847081
156,0.0004798792489924125,156,2552472,1,1.1618519891479184,-1.322052044257939,4.9917352256403635
157,0.00018135973900660837,157,2568834,1,1.1876423632176665,-1.3105058891008632,4.991249503839698
158,0.00032658139482068943,158,2585196,1,1.143371757998932,-1.3432862109215407,4.991896811004394
159,0.00026828869584924475,159,2601558,1,1.1753987251542934,-1.3273412736184498,4.991323299461967
160,0.00047760780360577015,160,2617920,1,1.1690556503901595,-1.3360307975461554,4.991361300553592
161,0.00016111683597877166,161,2634282,1,1.200684300815213,-1.320659649776086,4.990755345016628
162,0.00031663075753579975,162,2650644,1,1.150656334905992,-1.3575139254539066,4.99152324482632
163,0.0003637483481880935,163,2667006,1,1.1871051692520005,-1.3385047430760006,4.990853015513425
164,0.0003584252436963295,164,2683368,1,1.1972574777839813,-1.3367003923769434,4.990604181195878
165,0.0002607286557431421,165,2699730,1,1.1998577252618625,-1.3397148710924336,4.990485263789968
166,0.00022891721673668625,166,2716092,1,1.187478762901142,-1.3523924280509192,4.99063111078052
167,0.00045076959796925414,167,2732454,1,1.1843717265192213,-1.3591767914411061,4.990611597093254
168,0.0001922677793340169,168,2748816,1,1.22120896283754,-1.340145320944207,4.989864193996346
169,0.0003035320041227668,169,2765178,1,1.1823814099478522,-1.3700954943852979,4.990496279970812
170,0.0002380269125421136,170,2781540,1,1.2083126931476273,-1.3578655807062006,4.989951122758304
171,0.00045358507597870884,171,2797902,1,1.1995979226562525,-1.368353779387622,4.990033161391466
172,0.00015036772865790332,172,2814264,1,1.2349602485383913,-1.3501471284496689,4.989274360672036
173,0.0002923564655077475,173,2830626,1,1.1834814609911972,-1.3888652681887521,4.990164611579476
174,0.00026155589445563815,174,2846988,1,1.2198435236049483,-1.3694761337658372,4.989405935683109
175,0.0003945803918429108,175,2863350,1,1.2176571750617136,-1.3757421358673956,4.989363920318741
176,0.00015869070440886757,176,2879712,1,1.2415151904836688,-1.3649101838775608,4.988799275731915
177,0.0002665659285359251,177,2896074,1,1.19946124380234,-1.397740489745891,4.9895402693339985
178,0.00030633463546621276,178,2912436,1,1.22868591544778,-1.3829972644614021,4.988883857794379
179,0.00031495580711644877,179,2928798,1,1.239007269200113,-1.3810148407667036,4.988582041804136
180,0.00019993049594865808,180,2945160,1,1.2437761555756905,-1.382717667515284,4.988389910528738
181,0.00022544897231174463,181,2961522,1,1.2244035333037075,-1.4006104301357283,4.988697011272549
182,0.00035747278927354686,182,2977884,1,1.2337904508528625,-1.3992067819828917,4.988410870607601
183,0.00023217744627901382,183,2994246,1,1.2602983174505584,-1.3863765400279513,4.987744995375099
184,0.0002263503423711108,184,3010608,1,1.2420258142660725,-1.4035416110494852,4.988044481770689
185,0.00019392340033259903,185,3026970,1,1.2441351360423702,-1.4070799618153638,4.987900289956657
186,0.0003721601201748456,186,3043332,1,1.2397481564837922,-1.4150732931794614,4.987894186011877
187,0.00020723633926567758,187,3059694,1,1.2759588744856867,-1.3955333005086983,4.986980276715297
188,0.00023980561403532524,188,3076056,1,1.2498698642255484,-1.4181690090248529,4.987468936305675
189,0.00020165764572376704,189,3092418,1,1.2606289950902625,-1.4158157341668711,4.987122003095498
190,0.0003730384214410548,190,3108780,1,1.2552907875225063,-1.4245177913696105,4.987135563390421
191,0.00011863981235965201,191,3125142,1,1.2897774175426142,-1.4060060629266986,4.986212535606118
192,0.00023613565089911082,192,3141504,1,1.2352924235061051,-1.4487669413384254,4.987361036420025
193,0.00019376030107565861,193,3157866,1,1.2735017396335555,-1.42711886914796,4.986379993478881
194,0.00036535842023008996,194,3174228,1,1.266905457362499,-1.4367804750777102,4.986421712288029
195,0.0001436985909245847,195,3190590,1,1.3024810538937188,-1.417331999975919,4.98542670029933
196,0.00023455182693931514,196,3206952,1,1.2585820361988267,-1.4529364455330591,4.986384038885366
197,0.0001886474992282977,197,3223314,1,1.2868710223148143,-1.4381861095003372,4.985580829536457
198,0.00035548543934951077,198,3239676,1,1.2792386033183907,-1.4486651734344331,4.985647964639595
199,0.00011682763036999222,199,3256038,1,1.3149000956773582,-1.4289625472015883,4.984601459182484
200,0.00022587168470436514,200,3272400,1,1.2617194914717649,-1.4716067922990272,4.985825525922399
201,0.00018552685589302842,201,3288762,1,1.298718877163469,-1.450426518508201,4.984772723047257
202,0.0003464758172122412,202,3305124,1,1.2921357585063278,-1.460267163599522,4.984813111660904
203,0.0001243158448825145,203,3321486,1,1.3274547866442477,-1.4406119805129423,4.983722987312768
204,0.0002221453082134478,204,3337848,1,1.2785869767019695,-1.4805292364077027,4.98489432602116
205,0.00018979756632833689,205,3354210,1,1.311689781477999,-1.4619931063390121,4.983885613752026
206,0.00033622702613060607,206,3370572,1,1.3071036679584787,-1.4704944427658029,4.983870994551349
207,0.00013193680152256276,207,3386934,1,1.3398339922794242,-1.4524956518573624,4.982796767330308
208,0.00021190903472224215,208,3403296,1,1.2954031247548563,-1.4895554735078123,4.983902896239772
209,0.0001738048719089752,209,3419658,1,1.3231468422598534,-1.4747544645560682,4.982987768444105
210,0.0003214222081334428,210,3436020,1,1.3164529198621326,-1.4848739537908755,4.983029292454429
211,0.00013761579287227543,211,3452382,1,1.3514883178430557,-1.4650068467907786,4.981837135709835
212,0.00019617595890076417,212,3468744,1,1.311418113089918,-1.4991988925138087,4.982869981360171
213,0.0001916163353057332,213,3485106,1,1.3331081195781833,-1.4887201805121955,4.982081576686428
214,0.0002964586123308799,214,3501468,1,1.335389263327576,-1.4923763754152513,4.981853693658186
215,0.00019649920798948256,215,3517830,1,1.3613392990253128,-1.4789361688491107,4.980878405667796
216,0.00017060038093343055,216,3534192,1,1.3436773956531383,-1.4969895956953598,4.981273052900027
217,0.00014652519190400115,217,3550554,1,1.339904502686529,-1.5050754155759647,4.981224816050463
218,0.0002567380689653398,218,3566916,1,1.335575157900833,-1.5136093615520179,4.98119249700076
219,0.0002273339054073148,219,3583278,1,1.367986791555632,-1.4952861920055727,4.979974099126938
220,0.00012170912784251892,220,3599640,1,1.3652371399445173,-1.5025960803301086,4.979889774352354
221,0.00018481724861912907,221,3616002,1,1.3365391917039862,-1.5290618656769115,4.980650636375223
222,0.0001967978712324875,222,3632364,1,1.3616057735690619,-1.5159329941464597,4.979654056919868
223,0.00026929498050370926,223,3648726,1,1.3683782924535488,-1.5163209761188556,4.979241183068673
224,0.00010477829645125225,224,3665088,1,1.3881158461589067,-1.5072399352007324,4.9783578366537125
225,0.00019626228284761252,225,3681450,1,1.3428924496396646,-1.546027165776677,4.979732659113555
226,0.00016671838403291284,226,3697812,1,1.3788569425095338,-1.5247104787234582,4.978308364116486
227,0.00029205657922294626,227,3714174,1,1.3739682933556827,-1.5337045040447828,4.978290152879039
228,6.826415004449263e-05,228,3730536,1,1.406525747511498,-1.5151311412800839,4.976883357659326
229,0.0001899305758521347,229,3746898,1,1.3348886540171747,-1.5740297907904883,4.9792526942307855
230,0.00015583358348435217,230,3763260,1,1.3913796722592058,-1.5369917345682946,4.977054050896564
231,0.00028094885491371235,231,3779622,1,1.384696262119007,-1.547368145009135,4.977100742775445
232,0.00017038121262601819,232,3795984,1,1.4188049820492636,-1.5275171563696537,4.975560239736415
233,0.00016184741962337046,233,3812346,1,1.3964586706682738,-1.5494392454560664,4.976234313716148
234,0.00016174461164596143,234,3828708,1,1.3973706754256623,-1.554184918160832,4.975984889386395
235,0.00022789655925024854,235,3845070,1,1.4009175437919057,-1.5569652856090754,4.975628054859129
236,0.00021528323967062724,236,3861432,1,1.4222931051219525,-1.5464447027551962,4.97453272542567
237,9.809829887851007e-05,237,3877794,1,1.4229321909591701,-1.551373961956348,4.974278209771155
238,0.000162692897908618,238,3894156,1,1.3857212093863842,-1.5848799941932041,4.975566984409037
239,0.0001702659610397783,239,3910518,1,1.415583815777948,-1.5677389419740013,4.974126846478844
240,0.00026694532608016047,240,3926880,1,1.421549283706049,-1.568703876414204,4.973638963999777
241,9.801351238733491e-05,241,3943242,1,1.448558081244968,-1.5539601717181264,4.972202624232281
242,0.00018105426137349223,242,3959604,1,1.4000555271537278,-1.5960135711011598,4.974072517234103
243,0.00014687098740003013,243,3975966,1,1.435576427796713,-1.5745052022181425,4.972294710486659
244,0.0002544466191860967,244,3992328,1,1.4283117614357532,-1.585476581991238,4.972371641300697
245,0.0001416020485342645,245,4008690,1,1.4605721932381113,-1.5666585266008217,4.970623790530768
246,0.00013055606942065368,246,4025052,1,1.4336568222641817,-1.5924021475469505,4.971624362242259
247,0.0001372535860313627,247,4041414,1,1.4330572217186595,-1.5983700636464735,4.971393904888172
248,0.0001873821557504332,248,4057776,1,1.439294995997424,-1.5991156119458014,4.970842788880489
249,0.00023341349606472578,249,4074138,1,1.4591497715122,-1.5894847571526,4.969620306212839
250,7.229243391431925e-05,250,4090500,1,1.4742938149677796,-1.5835486862055737,4.968587981544706
251,0.00017584388202953466,251,4106862,1,1.4168022530389037,-1.6332029207996983,4.971084573099722
252,0.0001398256478386331,252,4123224,1,1.4667858049793696,-1.6001412113574642,4.968400822093951
253,0.00024857081976894374,253,4139586,1,1.4584910169745444,-1.6120147470698618,4.968536304867355
254,0.00010748219861921038,254,4155948,1,1.4922831203274873,-1.5918856598358464,4.96648373691688
255,0.0001362385460966578,255,4172310,1,1.452086630873701,-1.6280765817118124,4.968283332352716
256,0.00013017931241429692,256,4188672,1,1.468122167307782,-1.6212135012778948,4.96716504882388
257,0.00018184530659024617,257,4205034,1,1.4694181099082866,-1.6257652917641625,4.966796282949381
258,0.00021681668671116178,258,4221396,1,1.490567903072617,-1.6150373270301641,4.965342323534461
259,7.72912246047551e-05,259,4237758,1,1.5035157522817566,-1.6107477490394453,4.964299993947657
260,0.00016086444771588188,260,4254120,1,1.4532206500704932,-1.6552304507041493,4.966731379308337
261,0.00013963811730292874,261,4270482,1,1.4952066169110199,-1.6280521262222751,4.964120438285763
262,0.000234805888204008,262,4286844,1,1.4914916604216224,-1.6364684611091633,4.964005041724956
263,0.00012258619387892078,263,4303206,1,1.5225638104312624,-1.6183627339766442,4.961848864021367
264,0.0001222969832848364,264,4319568,1,1.492078613147482,-1.6471763474399457,4.963307393386292
265,0.00011842509428786063,265,4335930,1,1.4956562601974435,-1.6499772499274328,4.962759644733924
266,0.00015351905147568956,266,4352292,1,1.4976798219273033,-1.6539968767258568,4.9622964443807405
267,0.00021956124792446574,267,4368654,1,1.5149949902393955,-1.6461241772874131,4.9608959088695235
268,7.546365655947823e-05,268,4385016,1,1.5376410995707672,-1.6344517184341525,4.95911318681481
269,0.00015227173234194646,269,4401378,1,1.4852194380722161,-1.6807430520919329,4.96198732199892
270,0.00014462108369953097,270,4417740,1,1.5257449664849223,-1.6545301210023864,4.95912159584816
271,0.00021006244659550755,271,4434102,1,1.5267633258976623,-1.6593146839471655,4.958678338799404
272,0.00015746411356547946,272,4450464,1,1.550272660260322,-1.646936067309852,4.956744240312192
273,9.93797550230685e-05,273,4466826,1,1.5387360898960307,-1.6612288930918746,4.957117966589989
274,0.0001275576095481623,274,4483188,1,1.5182655538179501,-1.6828160910009804,4.95808052863117
275,0.00012644226759242483,275,4499550,1,1.5351179732662639,-1.6751982974322779,4.956564200449607
276,0.00022422684672641913,276,4515912,1,1.5384041050389978,-1.6782435993123626,4.955936431805282
277,8.151709388203726e-05,277,4532274,1,1.5725835413191123,-1.6576862599244357,4.953121064741799
278,0.00013055429123192547,278,4548636,1,1.5228160558238675,-1.7018486188237294,4.956186886171149
279,0.0001394640953341908,279,4564998,1,1.5513668075951308,-1.684968799102153,4.953776895623919
280,0.0001533003517990364,280,4581360,1,1.55863064750027,-1.6849332286622667,4.95282105573344
281,0.0001986717702120097,281,4597722,1,1.5674278360260363,-1.6837327072947532,4.951733535155471
282,8.962625868327856e-05,282,4614084,1,1.5850412401376317,-1.6758669687944612,4.94995544942007
283,0.00014434097655713352,283,4630446,1,1.5465651819634294,-1.7112915410780645,4.952380062454969
284,0.00012144969103723008,284,4646808,1,1.5755753226682085,-1.6941972498129592,4.949745158559843
285,0.00019647308879007508,285,4663170,1,1.570181267987174,-1.703977417807423,4.949690601099212
286,0.00015500164394426086,286,4679532,1,1.5996528477470733,-1.6869416629379455,4.946893064097621
287,8.758255666493908e-05,287,4695894,1,1.5907624215458762,-1.6992538282299396,4.947111021419342
288,0.00013407955940112487,288,4712256,1,1.564208688926816,-1.7256155374375948,4.948730876393675
289,0.00012196730824549917,289,4728618,1,1.5906242511074067,-1.710526034580802,4.946123558613051
290,0.00021071608836260858,290,4744980,1,1.5893770795726083,-1.7170978391424399,4.94571910341652
291,0.00013635058787579701,291,4761342,1,1.622518455040673,-1.6973327294905132,4.94240507454079
292,0.00010513823361354979,292,4777704,1,1.6029512882331187,-1.7177812313038032,4.943544736499238
293,0.00011640063882041932,293,4794066,1,1.5928809383490703,-1.7312366045248406,4.943871565490122
294,0.00012975091886172074,294,4810428,1,1.6021234030018867,-1.7296346302325016,4.942545053514526
295,0.000208149680315399,295,4826790,1,1.611754570231585,-1.7277622667683818,4.94115564062614
296,7.75372281630396e-05,296,4843152,1,1.6410521458298557,-1.7109894291901426,4.937945179003476
297,0.00012334915048247547,297,4859514,1,1.5919173057179257,-1.7546652124452833,4.941800535086291
298,0.00010910050639210273,298,4875876,1,1.6205281093523998,-1.7377714919476708,4.938666489224316
299,0.00014230510141127056,299,4892238,1,1.6177792101234834,-1.745530387944263,4.938338146678289
300,0.00019610926265859613,300,4908600,1,1.635896228914484,-1.73708927203543,4.936048544796947
301,8.580016006638769e-05,301,4924962,1,1.657097761067407,-1.7265137227756704,4.933384506411728
302,0.00013413622718099621,302,4941324,1,1.6164229284064158,-1.7635482310594905,4.936689895963679
303,0.00011592865979261763,303,4957686,1,1.6442595288116304,-1.7474012675843662,4.933384424642192
304,0.00015951734970768433,304,4974048,1,1.6402506002759163,-1.7561066150003641,4.933147072986763
305,0.0001794690543944072,305,4990410,1,1.6613552856631808,-1.7454375548283356,4.930374647013853
306,5.152742074385208e-05,306,5006772,1,1.6716267815919474,-1.7431814510814436,4.928643207593875
307,0.0001342547347917139,307,5023134,1,1.608427749495629,-1.7985844463086842,4.934396841201366
308,0.00011001257769870099,308,5039496,1,1.6636231800198678,-1.760404465402242,4.9281196286771385
309,0.0001649510329226958,309,5055858,1,1.6567271497146097,-1.7713497194430259,4.928162386180066
310,0.00016661844029802753,310,5072220,1,1.682561205359746,-1.7570401642531086,4.924679298500227
311,6.583028068549851e-05,311,5088582,1,1.6869970052612786,-1.7592114637059784,4.923464441678165
312,0.00013818267315931707,312,5104944,1,1.64071414308884,-1.8010374994203602,4.927798282394056
313,0.00011294959437106733,313,5121306,1,1.6845912640368055,-1.7721600912768114,4.922259195888396
314,0.00017169942147493567,314,5137668,1,1.6775352561290402,-1.7832045115797612,4.922313400459928
315,0.0001538798551327103,315,5154030,1,1.7042238323273842,-1.7682828120810883,4.918469478984571
316,4.6675768336182366e-05,316,5170392,1,1.7021415803673725,-1.775404267916144,4.917930933599884
317,0.00012951350382613136,317,5186754,1,1.641646566624357,-1.8289871969157436,4.924144515591262
318,0.0001108489276910804,318,5203116,1,1.7005479720953505,-1.7877506738516582,4.916531641383342
319,0.00017026989262911713,319,5219478,1,1.695983823515372,-1.7968765416094783,4.916279082133148
320,0.0001502013447702774,320,5235840,1,1.7233235522096138,-1.7814445730093778,4.912077020169817
321,5.807612970002568e-05,321,5252202,1,1.7203718780699322,-1.7892239119008153,4.911600697930691
322,0.00013784821166708955,322,5268564,1,1.6727329559977246,-1.8323341582952044,4.91668373516884
323,0.00011521206391183064,323,5284926,1,1.7235148158083093,-1.797920283774326,4.909472393068954
324,0.00016739412126606096,324,5301288,1,1.7176354056123335,-1.8080312056868175,4.9093603573325275
325,0.00014620927757917623,325,5317650,1,1.7420191493565023,-1.7948792624417877,4.9052383585316495
326,5.227098550348447e-05,326,5334012,1,1.7385200805173295,-1.8030734269671147,4.904792196377956
327,0.00012445677830363183,327,5350374,1,1.6865482431367198,-1.8497450630861918,4.910778243117903
328,0.00010662209222878083,328,5366736,1,1.7375546284791596,-1.8149236231441193,4.903062940310793
329,0.00015901895697127688,329,5383098,1,1.7330268891439222,-1.8240172197000217,4.902746945701498
330,0.0001516176087944729,330,5399460,1,1.7588806507989243,-1.8096597501421243,4.89813056612936
331,6.160247471766189e-05,331,5415822,1,1.7601971071297466,-1.8141755905137575,4.8969448648869305
332,0.000130787277279467,332,5432184,1,1.7149710501429958,-1.855262410292398,4.902419115834276
333,0.00012115320069656932,333,5448546,1,1.7599499704845019,-1.8254307323915757,4.89495687561736
334,0.00015352590424851098,334,5464908,1,1.759687240749792,-1.8311830632565087,4.893967918182348
335,0.0001544819044881282,335,5481270,1,1.7766551600411937,-1.8236805081838243,4.8903436663086595
336,5.561617510025513e-05,336,5497632,1,1.7809426716377015,-1.825917027860611,4.888601634737716
337,0.00011836828470018768,337,5513994,1,1.7290402393842836,-1.8723464890745278,4.8954584688992595
338,9.865288868382907e-05,338,5530356,1,1.7741689108111034,-1.8421755768131427,4.887476847335475
339,0.00013692244931275133,339,5546718,1,1.7681134488606083,-1.8524581657994528,4.88733249343941
340,0.00016323822375775843,340,5563080,1,1.790072194789551,-1.8409660186018968,4.88267230647765
341,5.9274137585278025e-05,341,5579442,1,1.8037327269407109,-1.8360216321243876,4.879244246988119
342,0.00011251833954765283,342,5595804,1,1.7521275744017961,-1.8820547437351711,4.88655332953161
343,0.00012290199724923623,343,5612166,1,1.7910997036642884,-1.85675542108222,4.878996597184945
344,0.00012543180187116199,344,5628528,1,1.7999064809038867,-1.8554559885419175,4.876296003515808
345,0.0001666149281061846,345,5644890,1,1.8049785457887595,-1.857052326526647,4.874191842052184
346,6.19736972219051e-05,346,5661252,1,1.8246359602478552,-1.8474752984237397,4.869450530965038
347,0.00010031067595089871,347,5677614,1,1.7742183478920512,-1.8924945549995233,4.8770733761853755
348,9.771598032870879e-05,348,5693976,1,1.8045153479996767,-1.8740046532206065,4.870503972193989
349,0.00010906472376799592,349,5710338,1,1.8070218702594052,-1.8775867267602073,4.868765810495681
350,0.00016890696798204513,350,5726700,1,1.8170191230944104,-1.8753021216156784,4.865620480931955
351,7.128239898924332e-05,351,5743062,1,1.8451828410672355,-1.8591043212559895,4.8589365838411
352,8.530102639845577e-05,352,5759424,1,1.8015605241516255,-1.8986351177544838,4.8658373704874425
353,0.00012081913384797555,353,5775786,1,1.8153474872455821,-1.8932419107912724,4.861895233395419
354,9.799075614751185e-05,354,5792148,1,1.8384805567492923,-1.8806419801230225,4.856016362075051
355,0.0001619884917543543,355,5808510,1,1.8308760005752833,-1.8920848864558295,4.856090961006339
356,0.0001090784366430883,356,5824872,1,1.8626588221091396,-1.8729683540310824,4.848214973291215
357,7.3503825119281e-05,357,5841234,1,1.8446964908703682,-1.8922890191015962,4.8504058458045565
358,0.00010398155493151345,358,5857596,1,1.8269190089289795,-1.9118617828612727,4.85254581215039
359,9.773713867514827e-05,359,5873958,1,1.8499628823856158,-1.8991686239523053,4.846305611552539
360,0.00014682176249582873,360,5890320,1,1.8504977188774687,-1.9042507083494058,4.844656890289994
361,0.0001276375401189772,361,5906682,1,1.8769978441797122,-1.8891348063411786,4.837365107831714
362,5.999064324714587e-05,362,5923044,1,1.8731790129438297,-1.8975139980881144,4.836583652081857
363,0.0001071647681354787,363,5939406,1,1.8355162591043723,-1.9328271860529367,4.843181923739865
364,0.0001052442752802682,364,5955768,1,1.8714034379021913,-1.9098105719315597,4.833693570669253
365,0.00011782361600948948,365,5972130,1,1.8743572610757968,-1.912967542073972,4.831354608203485
366,0.00014630060982887688,366,5988492,1,1.8845689163271833,-1.9104527116664394,4.827303183910608
367,7.0845398555619e-05,367,6004854,1,1.9005614562117927,-1.9035073028555662,4.82178831013325
368,9.658768392723643e-05,368,6021216,1,1.864373866944082,-1.9373671646732513,4.828548171524201
369,8.634615023672687e-05,369,6037578,1,1.8854217267596616,-1.9261434222868359,4.821840137130874
370,9.359898214975071e-05,370,6053940,1,1.8831774377385901,-1.9333878292915645,4.820588319954375
371,0.0001549638457908828,371,6070302,1,1.8915870084436848,-1.93220768499373,4.816724694354478
372,6.781639975794035e-05,372,6086664,1,1.923566623039172,-1.9127476228173061,4.8068176773872775
373,8.40939700579163e-05,373,6103026,1,1.881705984353744,-1.9510468483090417,4.81547043514326
374,0.00010380574422174174,374,6119388,1,1.8975176120798303,-1.9438985383365242,4.809617365260999
375,9.221852794948776e-05,375,6135750,1,1.9131292611086557,-1.9370147753046179,4.803652351247171
376,0.0001447297834313438,376,6152112,1,1.9105191874290486,-1.9444982941074376,4.802355116324723
377,0.00012039217341053982,377,6168474,1,1.9395370405679535,-1.9272473730970003,4.7925413929348935
378,6.59795157843604e-05,378,6184836,1,1.933225169285988,-1.937498286699463,4.792180343478584
379,0.00010074944467607094,379,6201198,1,1.903868658147676,-1.9661863245140632,4.798085824201035
380,8.720136550233876e-05,380,6217560,1,1.931224584063096,-1.9498389037669677,4.788509994101358
381,0.00011701283447738964,381,6233922,1,1.9271646231429265,-1.9584566769590679,4.787507859953043
382,0.00013748925869794953,382,6250284,1,1.9474455541162694,-1.9478825062659477,4.779546143050037
383,4.281260853068042e-05,383,6266646,1,1.96039115017914,-1.9431625170734887,4.77350480198363
384,8.973326240682006e-05,384,6283008,1,1.8998330567308575,-1.9970396419209357,4.788757569602271
385,8.984240891861048e-05,385,6299370,1,1.9445368701036267,-1.9662991896224156,4.773628906978171
386,9.030463947462541e-05,386,6315732,1,1.9485495550477172,-1.9685059857441112,4.770121782046971
387,0.00014646261015371226,387,6332094,1,1.952778933120761,-1.9705344219168308,4.766494930536757
388,0.00010004155534253101,388,6348456,1,1.9836756524013475,-1.9516865638875096,4.754446422099676
389,6.607003115856325e-05,389,6364818,1,1.9663550121218432,-1.9705232676155384,4.757461281719718
390,9.7434305553281e-05,390,6381180,1,1.9473138785759825,-1.9911072510521797,4.761001630531577
391,8.850439567666818e-05,391,6397542,1,1.9727747533692537,-1.9761399731750864,4.750423029389003
392,0.00013014565806521855,392,6413904,1,1.971379717210076,-1.9825861318754812,4.748336465218614
393,0.00011792930866654644,393,6430266,1,1.9968009622523146,-1.967901893961151,4.737281441054808
394,4.313485047814647e-05,394,6446628,1,1.9952427373594128,-1.9743884663453262,4.735137704103273
395,9.363943078438686e-05,395,6462990,1,1.943576913425841,-2.0213007708575854,4.749787215140213
396,7.588661960158602e-05,396,6479352,1,1.9902921547671988,-1.988858354021972,4.7314311249667655
397,0.00010153096341749407,397,6495714,1,1.9825781756892455,-2.000319449214669,4.73137985130002
398,0.00014060813789285032,398,6512076,1,2.002684520858723,-1.9896163764566595,4.721526849843384
399,8.627900093891722e-05,399,6528438,1,2.0248081412439207,-1.977537528529382,4.710620383878762
400,6.821330665348485e-05,400,6544800,1,2.0015309871812406,-2.001067088954226,4.716241128036197
401,9.503506701185466e-05,401,6561162,1,1.9924677050875197,-2.0136240037185043,4.716663761707634
402,8.741120014364723e-05,402,6577524,1,2.014794349589541,-2.0010364559611147,4.70546979474056
403,0.0001311395561131995,403,6593886,1,2.014096408179853,-2.006829611860471,4.70273207483876
404,0.00010690634019436263,404,6610248,1,2.040645258362589,-1.9911168568779773,4.689398228466574
405,4.6969510095286326e-05,405,6626610,1,2.033188458919087,-2.00212990554338,4.689183804680194
406,9.189902987921661e-05,406,6642972,1,1.9916529549561153,-2.040810667949036,4.702216344270424
407,7.533399103122618e-05,407,6659334,1,2.0326689624399634,-2.0128938200111044,4.683025446996437
408,0.00010364807470188142,408,6675696,1,2.025595611431757,-2.0237280292773585,4.682653162943483
409,0.00013585655167731164,409,6692058,1,2.04725673995302,-2.011625925516328,4.670515563816799
410,8.018773882040309e-05,410,6708420,1,2.0663074696667,-2.0017716836713157,4.659099103286303
411,6.639249934389801e-05,411,6724782,1,2.0409002219827412,-2.026926902845822,4.6664516986714055
412,9.273747224040896e-05,412,6741144,1,2.0344073448786237,-2.0372885647293657,4.665802606219076
413,8.386296858504949e-05,413,6757506,1,2.056864452371048,-2.0243800906963734,4.652717405993569
414,0.00012560543587946532,414,6773868,1,2.0552309373002453,-2.0307498147908754,4.649899101822269
415,0.00010660028105345665,415,6790230,1,2.0816581903385667,-2.0148672004430375,4.634469243850296
416,4.738660241798004e-05,416,6806592,1,2.076456783088461,-2.0239405880412678,4.633134225955376
417,8.8073797781682e-05,417,6822954,1,2.0355812404000884,-2.06188689323955,4.647897023002921
418,7.386013397406646e-05,418,6839316,1,2.073742730429946,-2.0360732380079973,4.626896184071858
419,9.674405964217592e-05,419,6855678,1,2.067943462174218,-2.0457143597078478,4.62581314241052
420,0.00013318975820944545,420,6872040,1,2.0868513758371052,-2.035559812595059,4.613024203099719
421,7.993536774908439e-05,421,6888402,1,2.108611270136975,-2.023316306528158,4.598457298996859
422,6.27844318349044e-05,422,6904764,1,2.084163261540872,-2.0475742747242602,4.606431687279315
423,8.94062783713713e-05,423,6921126,1,2.074766232346194,-2.060074391552325,4.607036873403349
424,8.324510279233283e-05,424,6937488,1,2.098262875551554,-2.046100850094365,4.591344438359083
425,0.0001131371415968585,425,6953850,1,2.0982530331799403,-2.0509810684694365,4.587202073407157
426,0.00011426732753927471,426,6970212,1,2.1192350794976234,-2.03913535646896,4.572148837290765
427,4.342447539295094e-05,427,6986574,1,2.1237330387993594,-2.040378452072169,4.565435848951882
428,8.004531495631184e-05,428,7002936,1,2.0742265383329004,-2.085075876334469,4.58692215934717
429,6.993826287343338e-05,429,7019298,1,2.1118696934451267,-2.0593988530667637,4.562964561950161
430,8.494275206859941e-05,430,7035660,1,2.1083528252043253,-2.067018330313308,4.5604289717434305
431,0.00012811103801071283,431,7052022,1,2.1230468226341963,-2.0599966193226917,4.547948889196158
432,8.2457298108643e-05,432,7068384,1,2.149817558243488,-2.0434827373275715,4.528334644085975
433,5.359709686843586e-05,433,7084746,1,2.129287852229466,-2.0644705649419826,4.5352445753684645
434,8.697078523041413e-05,434,7101108,1,2.1094499380504974,-2.0852240672880247,4.54170232714061
435,9.173964384411731e-05,435,7117470,1,2.140120085508453,-2.065195694462164,4.519548246339152
436,9.430919297144513e-05,436,7133832,1,2.147017326689233,-2.0643488574561277,4.5106488752372
437,0.00012298896630603962,437,7150194,1,2.1524865635110415,-2.064624969197639,4.502452976574251
438,5.423284598031486e-05,438,7166556,1,2.171175914972649,-2.0544011953548362,4.48609327034477
439,6.204167959009826e-05,439,7182918,1,2.12978633132012,-2.0922009304284988,4.505977751613566
440,7.472751598592425e-05,440,7199280,1,2.141131670008416,-2.087627973008437,4.494136027240504
441,7.911623419005337e-05,441,7215642,1,2.155336470566808,-2.0807610763102034,4.480281480347875
442,0.00011263141493149387,442,7232004,1,2.1624238282678316,-2.079632445342176,4.47059214151492
443,0.00010614578803869873,443,7248366,1,2.1859408846750443,-2.0653916647832165,4.4501811675279015
444,5.169961077023874e-05,444,7264728,1,2.1865730570675703,-2.0693774960611857,4.4442396424647495
445,7.834355847648189e-05,445,7281090,1,2.150743975754925,-2.1027576294057537,4.461893687398024
446,9.170330913856051e-05,446,7297452,1,2.1775928104526843,-2.0855214321938624,4.438954521542149
447,7.708807927727518e-05,447,7313814,1,2.1902347328597185,-2.0798489273919722,4.424845770388046
448,0.00012153525578670332,448,7330176,1,2.1845512204889204,-2.0888577511640936,4.422914473331618
449,7.937082660974121e-05,449,7346538,1,2.2137165451569034,-2.0699838337148213,4.39698585791687
450,5.025195603063082e-05,450,7362900,1,2.1940135132970875,-2.0901040970060287,4.4047210127449015
451,8.15203089023081e-05,451,7379262,1,2.172754557246316,-2.111793354951859,4.413462639056758
452,7.00744093466571e-05,452,7395624,1,2.203336947484472,-2.0913868782894767,4.38611218742113
453,8.573371980563627e-05,453,7411986,1,2.1989050786225524,-2.0993361032663684,4.383131233502883
454,0.00012028388102276744,454,7428348,1,2.213966287463228,-2.0915441165154927,4.366031945387566
455,5.586865911277536e-05,455,7444710,1,2.2366541763367938,-2.0777251208305856,4.342841578298862
456,6.0175603376080855e-05,456,7461072,1,2.1982018675424753,-2.1129956991149537,4.364910611367923
457,8.007565410240308e-05,457,7477434,1,2.2062071053429015,-2.1108016109307117,4.3526183174141275
458,8.333304489671622e-05,458,7493796,1,2.22587085356417,-2.0991550966174413,4.331281446651786
459,9.696359124625187e-05,459,7510158,1,2.2319902281683954,-2.098477399722611,4.319903281799851
460,0.00010974442605946044,460,7526520,1,2.244280996237714,-2.092825249804591,4.303514126599428
461,5.29672791582704e-05,461,7542882,1,2.255051410767488,-2.0883990234944854,4.288019091348136
462,6.67972006876058e-05,462,7559244,1,2.2188039168037257,-2.1219353979295708,4.309792478694625
463,6.588898245911412e-05,463,7575606,1,2.2354642038424366,-2.112553096600724,4.289667251083337
464,7.565208665000211e-05,464,7591968,1,2.238627172381913,-2.1141714192448218,4.280058633477161
465,0.00010943079029858416,465,7608330,1,2.2501468446371593,-2.1089837339725213,4.263475670217643
466,9.698886781032978e-05,466,7624692,1,2.2744601175511527,-2.093600297565244,4.235846976049743
467,4.7453636488961615e-05,467,7641054,1,2.2716993057035855,-2.0999226979494945,4.230702224945947
468,7.426991839216274e-05,468,7657416,1,2.2363004234235238,-2.1327829771011735,4.253054165893859
469,8.160695665385131e-05,469,7673778,1,2.264816784676264,-2.113703069517855,4.221478238613288
470,7.162728841451915e-05,470,7690140,1,2.273939366433193,-2.110488193048784,4.20595064251969
471,0.0001132886873046815,471,7706502,1,2.2706822059364913,-2.117228071812065,4.201054566682771
472,8.850005297456054e-05,472,7722864,1,2.299949584941176,-2.0979752774409266,4.1672422907794
473,4.630254605102538e-05,473,7739226,1,2.2902210892183597,-2.1097809659124005,4.1679738935922375
474,7.691696560616773e-05,474,7755588,1,2.258553469018601,-2.1394711677249485,4.188269351412009
475,6.325123853621883e-05,475,7771950,1,2.2903648884772188,-2.1178506627378453,4.151688305555056
476,7.364541131633928e-05,476,7788312,1,2.2835446434688587,-2.127423189322947,4.149755081890139
477,0.00011412042026588687,477,7804674,1,2.2958660740804224,-2.1216250851491707,4.130172805785468
478,6.607228636652807e-05,478,7821036,1,2.324028171351533,-2.103378906353141,4.095270028788557
479,4.99562969807979e-05,479,7837398,1,2.297801357978098,-2.1282379927721875,4.111591182258151
480,7.641921037054161e-05,480,7853760,1,2.286416133119687,-2.1414984957884204,4.113849107737142
481,7.64233899590433e-05,481,7870122,1,2.313731336709332,-2.123656580270387,4.079250621187099
482,7.588597931038055e-05,482,7886484,1,2.3176986019850983,-2.124556536179467,4.066661425159829
483,0.00011065983792327844,483,7902846,1,2.3212768107289437,-2.125762437336142,4.054325086446202
484,7.230773087184977e-05,484,7919208,1,2.346096037775344,-2.1102550917071925,4.020673957799067
485,5.6064846677625346e-05,485,7935570,1,2.326558948787412,-2.1296500442115196,4.031156470142811
486,7.292464032705032e-05,486,7951932,1,2.3165522495444564,-2.1416659756347736,4.032089536182768
487,6.861489869386395e-05,487,7968294,1,2.334981407007672,-2.1310340318273067,4.0043691702618
488,8.387299803522263e-05,488,7984656,1,2.335609916546309,-2.134557386544037,3.994444056794766
489,0.0001071466443821889,489,8001018,1,2.350658389179475,-2.1266986059642314,3.969520697174503
490,4.9583315305638115e-05,490,8017380,1,2.368184533047704,-2.1169993684538317,3.9415755799849546
491,5.215279970003511e-05,491,8033742,1,2.3297469424853245,-2.1512954253327035,3.9722671015093316
492,6.986833393882175e-05,492,8050104,1,2.336507319903132,-2.149917648868745,3.9556590010480788
493,6.829033849942157e-05,493,8066466,1,2.3565573688049213,-2.1380332516388805,3.924723883667391
494,8.606396948034056e-05,494,8082828,1,2.3592995807786616,-2.139859960075961,3.911935436879908
495,0.00010211663159460926,495,8099190,1,2.3760450129091835,-2.1307172400166188,3.883791004867415
496,6.0215835409112295e-05,496,8115552,1,2.389484909843826,-2.124217122577082,3.8588524261037067
497,5.8443030963459264e-05,497,8131914,1,2.3644009319901227,-2.1477770644718785,3.8763483937822194
498,6.917310459000903e-05,498,8148276,1,2.3667722046398,-2.1498794666495473,3.8635570390866096
499,6.869922729037248e-05,499,8164638,1,2.3800423128921784,-2.143417416670405,3.8384876957304375
500,8.999273813934533e-05,500,8181000,1,2.383680016996583,-2.1445206764090856,3.823977382936384
501,9.841562267003806e-05,501,8197362,5,2.402529915593988,-2.1337465878890844,3.791961648035324
502,3.929542804244346e-05,502,8213724,,2.402529915593988,-2.1337465878890844,3.791961648035324
503,5.461546725088473e-05,503,8230086,,2.402529915593988,-2.1337465878890844,3.791961648035324
504,6.54831167280559e-05,504,8246448,,2.402529915593988,-2.1337465878890844,3.791961648035324
505,6.745829639552559e-05,505,8262810,,2.402529915593988,-2.1337465878890844,3.791961648035324
506,8.958095133586308e-05,506,8279172,5,2.4068003704193517,-2.150022921982849,3.7328108738537606
507,9.491897431268548e-05,507,8295534,,2.4068003704193517,-2.150022921982849,3.7328108738537606
508,5.3968660982291194e-05,508,8311896,,2.4068003704193517,-2.150022921982849,3.7328108738537606
509,5.6171769906895874e-05,509,8328258,,2.4068003704193517,-2.150022921982849,3.7328108738537606
510,6.905616686143923e-05,510,8344620,,2.4068003704193517,-2.150022921982849,3.7328108738537606
511,6.687400603397342e-05,511,8360982,5,2.428185874657151,-2.1527835723498505,3.6508239315219226
512,8.993872821440319e-05,512,8377344,,2.428185874657151,-2.1527835723498505,3.6508239315219226
513,9.275569445140602e-05,513,8393706,,2.428185874657151,-2.1527835723498505,3.6508239315219226
514,3.495046960106524e-05,514,8410068,,2.428185874657151,-2.1527835723498505,3.6508239315219226
515,5.399941705100386e-05,515,8426430,,2.428185874657151,-2.1527835723498505,3.6508239315219226
516,6.14495273775599e-05,516,8442792,5,2.434983281081007,-2.166870168534217,3.5840120653362666
517,6.559536686014805e-05,517,8459154,,2.434983281081007,-2.166870168534217,3.5840120653362666
518,8.68919263931206e-05,518,8475516,,2.434983281081007,-2.166870168534217,3.5840120653362666
519,9.163277768622219e-05,519,8491878,,2.434983281081007,-2.166870168534217,3.5840120653362666
520,5.292442035535749e-05,520,8508240,,2.434983281081007,-2.166870168534217,3.5840120653362666
521,5.2984822901027545e-05,521,8524602,5,2.4540893436155096,-2.171144384829716,3.499281742088404
522,6.991956107613856e-05,522,8540964,,2.4540893436155096,-2.171144384829716,3.499281742088404
523,6.4437446263374e-05,523,8557326,,2.4540893436155096,-2.171144384829716,3.499281742088404
524,8.65757642147455e-05,524,8573688,,2.4540893436155096,-2.171144384829716,3.499281742088404
525,9.102664448266962e-05,525,8590050,,2.4540893436155096,-2.171144384829716,3.499281742088404
526,3.513887922419398e-05,526,8606412,5,2.503336207942809,-2.1514699665058217,3.3715296593261734
527,4.833890072739738e-05,527,8622774,,2.503336207942809,-2.1514699665058217,3.3715296593261734
528,5.8433817299384516e-05,528,8639136,,2.503336207942809,-2.1514699665058217,3.3715296593261734
529,6.299070556018554e-05,529,8655498,,2.503336207942809,-2.1514699665058217,3.3715296593261734
530,8.23918896469128e-05,530,8671860,,2.503336207942809,-2.1514699665058217,3.3715296593261734
531,9.152771305028645e-05,531,8688222,5,2.518081572881928,-2.1588470550305607,3.2864626274530107
532,5.5460871624932184e-05,532,8704584,,2.518081572881928,-2.1588470550305607,3.2864626274530107
533,4.576395180455606e-05,533,8720946,,2.518081572881928,-2.1588470550305607,3.2864626274530107
534,7.034548958245387e-05,534,8737308,,2.518081572881928,-2.1588470550305607,3.2864626274530107
535,6.093452134631194e-05,535,8753670,,2.518081572881928,-2.1588470550305607,3.2864626274530107
536,8.123785696864672e-05,536,8770032,5,2.5221840456232636,-2.1745372676471577,3.214150215310205
537,9.140358343637245e-05,537,8786394,,2.5221840456232636,-2.1745372676471577,3.214150215310205
538,3.842753410731453e-05,538,8802756,,2.5221840456232636,-2.1745372676471577,3.214150215310205
539,3.729435101877676e-05,539,8819118,,2.5221840456232636,-2.1745372676471577,3.214150215310205
540,5.895014814765592e-05,540,8835480,,2.5221840456232636,-2.1745372676471577,3.214150215310205
541,5.861989359202957e-05,541,8851842,5,2.5406181096504974,-2.178746968143814,3.120107540216974
542,7.569623215293586e-05,542,8868204,,2.5406181096504974,-2.178746968143814,3.120107540216974
543,9.166103450297669e-05,543,8884566,,2.5406181096504974,-2.178746968143814,3.120107540216974
544,5.9353845749191e-05,544,8900928,,2.5406181096504974,-2.178746968143814,3.120107540216974
545,3.453598353344786e-05,545,8917290,,2.5406181096504974,-2.178746968143814,3.120107540216974
546,6.760789326989286e-05,546,8933652,5,2.532774221324235,-2.203724742933774,3.061939897092266
547,6.519923145943685e-05,547,8950014,,2.532774221324235,-2.203724742933774,3.061939897092266
548,7.030837070627627e-05,548,8966376,,2.532774221324235,-2.203724742933774,3.061939897092266
549,9.020604532448961e-05,549,8982738,,2.532774221324235,-2.203724742933774,3.061939897092266
550,5.217964003691178e-05,550,8999100,,2.532774221324235,-2.203724742933774,3.061939897092266
551,2.9477633689559135e-05,551,9015462,5,2.5746423390644564,-2.1889712450903893,2.9309137075770497
552,5.6835449934081184e-05,552,9031824,,2.5746423390644564,-2.1889712450903893,2.9309137075770497
553,5.348951904435642e-05,553,9048186,,2.5746423390644564,-2.1889712450903893,2.9309137075770497
554,6.564600845474639e-05,554,9064548,,2.5746423390644564,-2.1889712450903893,2.9309137075770497
555,8.764966550920544e-05,555,9080910,,2.5746423390644564,-2.1889712450903893,2.9309137075770497
556,6.181111652854565e-05,556,9097272,5,2.621750997767162,-2.16986004870572,2.789990675034024
557,3.130479199879577e-05,557,9113634,,2.621750997767162,-2.16986004870572,2.789990675034024
558,5.828709020697098e-05,558,9129996,,2.621750997767162,-2.16986004870572,2.789990675034024
559,6.624277902798903e-05,559,9146358,,2.621750997767162,-2.16986004870572,2.789990675034024
560,5.9561842407386545e-05,560,9162720,,2.621750997767162,-2.16986004870572,2.789990675034024
561,8.249809687989329e-05,561,9179082,5,2.6219144811429076,-2.187986129247223,2.717218851477976
562,6.833349280514073e-05,562,9195444,,2.6219144811429076,-2.187986129247223,2.717218851477976
563,2.809140786964176e-05,563,9211806,,2.6219144811429076,-2.187986129247223,2.717218851477976
564,4.752101471273973e-05,564,9228168,,2.6219144811429076,-2.187986129247223,2.717218851477976
565,5.0673544278966726e-05,565,9244530,,2.6219144811429076,-2.187986129247223,2.717218851477976
566,5.623222086111046e-05,566,9260892,5,2.6338149165973994,-2.1966048617909695,2.6266491914652543
567,7.522184410702071e-05,567,9277254,,2.6338149165973994,-2.1966048617909695,2.6266491914652543
568,7.554214723815011e-05,568,9293616,,2.6338149165973994,-2.1966048617909695,2.6266491914652543
569,3.6833210226461244e-05,569,9309978,,2.6338149165973994,-2.1966048617909695,2.6266491914652543
570,4.0052900268684744e-05,570,9326340,,2.6338149165973994,-2.1966048617909695,2.6266491914652543
571,6.256798938716196e-05,571,9342702,5,2.6420585883391956,-2.207987479440136,2.54129283913066
572,5.9254577142876796e-05,572,9359064,,2.6420585883391956,-2.207987479440136,2.54129283913066
573,7.005336181295507e-05,573,9375426,,2.6420585883391956,-2.207987479440136,2.54129283913066
574,7.837425223847228e-05,574,9391788,,2.6420585883391956,-2.207987479440136,2.54129283913066
575,3.806524058877492e-05,575,9408150,,2.6420585883391956,-2.207987479440136,2.54129283913066
576,3.3046782746744274e-05,576,9424512,5,2.6597789883268157,-2.2116580880150987,2.44175882854367
577,4.8544243051812375e-05,577,9440874,,2.6597789883268157,-2.2116580880150987,2.44175882854367
578,5.0044120507602985e-05,578,9457236,,2.6597789883268157,-2.2116580880150987,2.44175882854367
579,5.9501348028900836e-05,579,9473598,,2.6597789883268157,-2.2116580880150987,2.44175882854367
580,7.929171037587834e-05,580,9489960,,2.6597789883268157,-2.2116580880150987,2.44175882854367
581,4.8411994738775666e-05,581,9506322,5,2.7171219460998755,-2.183622710320158,2.2840308757516796
582,2.9625449200081783e-05,582,9522684,,2.7171219460998755,-2.183622710320158,2.2840308757516796
583,5.283632093401602e-05,583,9539046,,2.7171219460998755,-2.183622710320158,2.2840308757516796
584,6.064973558479736e-05,584,9555408,,2.7171219460998755,-2.183622710320158,2.2840308757516796
585,5.039805331030073e-05,585,9571770,,2.7171219460998755,-2.183622710320158,2.2840308757516796
586,7.489515803704716e-05,586,9588132,5,2.714446759964555,-2.2031756856339832,2.2155422476177318
587,5.885437956757583e-05,587,9604494,,2.714446759964555,-2.2031756856339832,2.2155422476177318
588,2.9036966608955717e-05,588,9620856,,2.714446759964555,-2.2031756856339832,2.2155422476177318
589,4.150066564025112e-05,589,9637218,,2.714446759964555,-2.2031756856339832,2.2155422476177318
590,4.5248946041440835e-05,590,9653580,,2.714446759964555,-2.2031756856339832,2.2155422476177318
591,5.096046198183046e-05,591,9669942,5,2.7293055914897484,-2.2086696739777585,2.1222239639234965
592,6.688602784952341e-05,592,9686304,,2.7293055914897484,-2.2086696739777585,2.1222239639234965
593,6.829782422185238e-05,593,9702666,,2.7293055914897484,-2.2086696739777585,2.1222239639234965
594,2.807461897894742e-05,594,9719028,,2.7293055914897484,-2.2086696739777585,2.1222239639234965
595,3.6998500678606105e-05,595,9735390,,2.7293055914897484,-2.2086696739777585,2.1222239639234965
596,5.406819296238999e-05,596,9751752,5,2.739604353749228,-2.217662830506977,2.03657344005603
597,5.496428144070864e-05,597,9768114,,2.739604353749228,-2.217662830506977,2.03657344005603
598,5.766057655288981e-05,598,9784476,,2.739604353749228,-2.217662830506977,2.03657344005603
599,7.134653154115822e-05,599,9800838,,2.739604353749228,-2.217662830506977,2.03657344005603
600,4.5911118298040676e-05,600,9817200,,2.739604353749228,-2.217662830506977,2.03657344005603
601,3.0401705692198466e-05,601,9833562,5,2.770551960163769,-2.2100425925114453,1.9231203322237138
602,4.2130768285991715e-05,602,9849924,,2.770551960163769,-2.2100425925114453,1.9231203322237138
603,4.4093703098792986e-05,603,9866286,,2.770551960163769,-2.2100425925114453,1.9231203322237138
604,4.803368422829496e-05,604,9882648,,2.770551960163769,-2.2100425925114453,1.9231203322237138
605,7.014076089695287e-05,605,9899010,,2.770551960163769,-2.2100425925114453,1.9231203322237138
606,5.233693895315139e-05,606,9915372,5,2.8117410917329035,-2.194349403044345,1.7987922259364335
607,2.4824101210324523e-05,607,9931734,,2.8117410917329035,-2.194349403044345,1.7987922259364335
608,3.78349395703699e-05,608,9948096,,2.8117410917329035,-2.194349403044345,1.7987922259364335
609,4.9872461846726945e-05,609,9964458,,2.8117410917329035,-2.194349403044345,1.7987922259364335
610,4.665099789962629e-05,610,9980820,,2.8117410917329035,-2.194349403044345,1.7987922259364335
611,6.168379168346172e-05,611,9997182,5,2.81187678025893,-2.210827116453997,1.7317702720115598
612,6.215603179866164e-05,612,10013544,,2.81187678025893,-2.210827116453997,1.7317702720115598
613,3.868102281896074e-05,613,10029906,,2.81187678025893,-2.210827116453997,1.7317702720115598
614,3.31104121492759e-05,614,10046268,,2.81187678025893,-2.210827116453997,1.7317702720115598
615,4.1707998980747285e-05,615,10062630,,2.81187678025893,-2.210827116453997,1.7317702720115598
616,4.476942671227668e-05,616,10078992,5,2.8266939322074114,-2.215672692048052,1.6471254872644665
617,5.049860295403691e-05,617,10095354,,2.8266939322074114,-2.215672692048052,1.6471254872644665
618,6.64896956466543e-05,618,10111716,,2.8266939322074114,-2.215672692048052,1.6471254872644665
619,3.772571481857473e-05,619,10128078,,2.8266939322074114,-2.215672692048052,1.6471254872644665
620,2.7334197981523922e-05,620,10144440,,2.8266939322074114,-2.215672692048052,1.6471254872644665
621,3.991866192117749e-05,621,10160802,5,2.826565049952608,-2.232374380484008,1.583349666474699
622,4.687698261583717e-05,622,10177164,,2.826565049952608,-2.232374380484008,1.583349666474699
623,4.330029933737045e-05,623,10193526,,2.826565049952608,-2.232374380484008,1.583349666474699
624,6.306105744342816e-05,624,10209888,,2.826565049952608,-2.232374380484008,1.583349666474699
625,5.698138523228813e-05,625,10226250,,2.826565049952608,-2.232374380484008,1.583349666474699
626,3.442709555197959e-05,626,10242612,5,2.8823539319509415,-2.2044505474604703,1.453555998654926
627,3.267681802757161e-05,627,10258974,,2.8823539319509415,-2.2044505474604703,1.453555998654926
628,3.9619843726860365e-05,628,10275336,,2.8823539319509415,-2.2044505474604703,1.453555998654926
629,4.380202551018675e-05,629,10291698,,2.8823539319509415,-2.2044505474604703,1.453555998654926
630,5.3482871208244964e-05,630,10308060,,2.8823539319509415,-2.2044505474604703,1.453555998654926
631,6.066922293629373e-05,631,10324422,5,2.8994930485285044,-2.2070787583005966,1.3742537495452858
632,2.7060650417090604e-05,632,10340784,,2.8994930485285044,-2.2070787583005966,1.3742537495452858
633,2.9012206953435427e-05,633,10357146,,2.8994930485285044,-2.2070787583005966,1.3742537495452858
634,3.8579091035623875e-05,634,10373508,,2.8994930485285044,-2.2070787583005966,1.3742537495452858
635,4.234557220614277e-05,635,10389870,,2.8994930485285044,-2.2070787583005966,1.3742537495452858
636,4.3747656788578615e-05,636,10406232,5,2.908479916025577,-2.216010856730178,1.306578691080843
637,6.118049202416542e-05,637,10422594,,2.908479916025577,-2.216010856730178,1.306578691080843
638,5.2100135078579635e-05,638,10438956,,2.908479916025577,-2.216010856730178,1.306578691080843
639,3.1705024222367095e-05,639,10455318,,2.908479916025577,-2.216010856730178,1.306578691080843
640,3.31386161405052e-05,640,10471680,,2.908479916025577,-2.216010856730178,1.306578691080843
641,3.727486462878904e-05,641,10488042,5,2.9169667075146455,-2.2251985026489205,1.241584781752805
642,4.1792373579069286e-05,642,10504404,,2.9169667075146455,-2.2251985026489205,1.241584781752805
643,5.4124573610231375e-05,643,10520766,,2.9169667075146455,-2.2251985026489205,1.241584781752805
644,5.537961590350998e-05,644,10537128,,2.9169667075146455,-2.2251985026489205,1.241584781752805
645,2.161392887900515e-05,645,10553490,,2.9169667075146455,-2.2251985026489205,1.241584781752805
646,2.8166150472776208e-05,646,10569852,5,2.916714309243286,-2.2409807924989376,1.1877051264352934
647,3.570200868746598e-05,647,10586214,,2.916714309243286,-2.2409807924989376,1.1877051264352934
648,3.8572961861133015e-05,648,10602576,,2.916714309243286,-2.2409807924989376,1.1877051264352934
649,4.456702330445095e-05,649,10618938,,2.916714309243286,-2.2409807924989376,1.1877051264352934
650,5.8366927515839107e-05,650,10635300,,2.916714309243286,-2.2409807924989376,1.1877051264352934
651,4.833585641412369e-05,651,10651662,5,2.984335312399872,-2.203654421045432,1.0700262247721484
652,2.99412641168173e-05,652,10668024,,2.984335312399872,-2.203654421045432,1.0700262247721484
653,3.320472039533215e-05,653,10684386,,2.984335312399872,-2.203654421045432,1.0700262247721484
654,3.818750609292654e-05,654,10700748,,2.984335312399872,-2.203654421045432,1.0700262247721484
655,4.1915976269901734e-05,655,10717110,,2.984335312399872,-2.203654421045432,1.0700262247721484
656,5.2526069036509804e-05,656,10733472,5,2.9886359724146025,-2.2155303252114864,1.0172230831039644
657,5.1749093392186585e-05,657,10749834,,2.9886359724146025,-2.2155303252114864,1.0172230831039644
658,1.9830046427062042e-05,658,10766196,,2.9886359724146025,-2.2155303252114864,1.0172230831039644
659,2.5802923771023334e-05,659,10782558,,2.9886359724146025,-2.2155303252114864,1.0172230831039644
660,3.229011028061182e-05,660,10798920,,2.9886359724146025,-2.2155303252114864,1.0172230831039644
661,3.72201324473076e-05,661,10815282,5,2.996282230713886,-2.2245779274369775,0.9635053184062548
662,4.4595152413076655e-05,662,10831644,,2.996282230713886,-2.2245779274369775,0.9635053184062548
663,5.558027516533448e-05,663,10848006,,2.996282230713886,-2.2245779274369775,0.9635053184062548
664,4.562792853048114e-05,664,10864368,,2.996282230713886,-2.2245779274369775,0.9635053184062548
665,2.8556994829058435e-05,665,10880730,,2.996282230713886,-2.2245779274369775,0.9635053184062548
666,3.168622400726018e-05,666,10897092,5,3.0105337016439817,-2.228393093776353,0.9066015070519171
667,3.9131347521183246e-05,667,10913454,,3.0105337016439817,-2.228393093776353,0.9066015070519171
668,4.067548794792902e-05,668,10929816,,3.0105337016439817,-2.228393093776353,0.9066015070519171
669,4.949152312393179e-05,669,10946178,,3.0105337016439817,-2.228393093776353,0.9066015070519171
670,4.984343874572805e-05,670,10962540,,3.0105337016439817,-2.228393093776353,0.9066015070519171
671,2.001700073908652e-05,671,10978902,5,3.056907527251406,-2.207474977010049,0.8276174464085773
672,2.2365964418180617e-05,672,10995264,,3.056907527251406,-2.207474977010049,0.8276174464085773
673,2.8760204184526128e-05,673,11011626,,3.056907527251406,-2.207474977010049,0.8276174464085773
674,3.522297509200856e-05,674,11027988,,3.056907527251406,-2.207474977010049,0.8276174464085773
675,4.280218589290674e-05,675,11044350,,3.056907527251406,-2.207474977010049,0.8276174464085773
676,5.2886180921474235e-05,676,11060712,5,3.0696508916659715,-2.212160529342663,0.7782769598906449
677,4.354164313997988e-05,677,11077074,,3.0696508916659715,-2.212160529342663,0.7782769598906449
678,2.716186157013939e-05,678,11093436,,3.0696508916659715,-2.212160529342663,0.7782769598906449
679,2.889176616812511e-05,679,11109798,,3.0696508916659715,-2.212160529342663,0.7782769598906449
680,3.946786701493343e-05,680,11126160,,3.0696508916659715,-2.212160529342663,0.7782769598906449
681,3.783304314787517e-05,681,11142522,5,3.085763890830393,-2.2141494349422866,0.729113397063935
682,4.627155120667803e-05,682,11158884,,3.085763890830393,-2.2141494349422866,0.729113397063935
683,4.909692128446386e-05,683,11175246,,3.085763890830393,-2.2141494349422866,0.729113397063935
684,2.2664444335324108e-05,684,11191608,,3.085763890830393,-2.2141494349422866,0.729113397063935
685,1.783400025183457e-05,685,11207970,,3.085763890830393,-2.2141494349422866,0.729113397063935
686,2.508348476197575e-05,686,11224332,5,3.068667974791186,-2.24139022782514,0.7047479877183243
687,3.2458542972998994e-05,687,11240694,,3.068667974791186,-2.24139022782514,0.7047479877183243
688,3.8930059521422034e-05,688,11257056,,3.068667974791186,-2.24139022782514,0.7047479877183243
689,4.971481547072498e-05,689,11273418,,3.068667974791186,-2.24139022782514,0.7047479877183243
690,4.1425707933084865e-05,690,11289780,,3.068667974791186,-2.24139022782514,0.7047479877183243
691,2.554340294483315e-05,691,11306142,5,3.1277820675825785,-2.210304312924445,0.632667590740986
692,2.5392961288797644e-05,692,11322504,,3.1277820675825785,-2.210304312924445,0.632667590740986
693,3.8560659831668453e-05,693,11338866,,3.1277820675825785,-2.210304312924445,0.632667590740986
694,3.5253146781197287e-05,694,11355228,,3.1277820675825785,-2.210304312924445,0.632667590740986
695,4.1808853714013494e-05,695,11371590,,3.1277820675825785,-2.210304312924445,0.632667590740986
696,4.8513389906384985e-05,696,11387952,5,3.1480235150037665,-2.208772402136452,0.5891446741580377
697,2.7888673616541237e-05,697,11404314,,3.1480235150037665,-2.208772402136452,0.5891446741580377
698,1.4754639635690403e-05,698,11420676,,3.1480235150037665,-2.208772402136452,0.5891446741580377
699,2.2938531233647474e-05,699,11437038,,3.1480235150037665,-2.208772402136452,0.5891446741580377
700,2.861448366899e-05,700,11453400,,3.1480235150037665,-2.208772402136452,0.5891446741580377
701,3.411196624838325e-05,701,11469762,5,3.150280079242496,-2.220636572673972,0.5579755464100689
702,4.595715591988042e-05,702,11486124,,3.150280079242496,-2.220636572673972,0.5579755464100689
703,4.306271687685992e-05,703,11502486,,3.150280079242496,-2.220636572673972,0.5579755464100689
704,2.7376062820411162e-05,704,11518848,,3.150280079242496,-2.220636572673972,0.5579755464100689
705,2.367575730681526e-05,705,11535210,,3.150280079242496,-2.220636572673972,0.5579755464100689
706,3.565977462842429e-05,706,11551572,5,3.16138752629206,-2.2256913253734867,0.5237506900327946
707,3.7700697332977706e-05,707,11567934,,3.16138752629206,-2.2256913253734867,0.5237506900327946
708,3.842579515796196e-05,708,11584296,,3.16138752629206,-2.2256913253734867,0.5237506900327946
709,4.678020253512383e-05,709,11600658,,3.16138752629206,-2.2256913253734867,0.5237506900327946
710,3.387138415179847e-05,710,11617020,,3.16138752629206,-2.2256913253734867,0.5237506900327946
711,1.5172675991693974e-05,711,11633382,5,3.1975496966206185,-2.211761538156854,0.47924359699172836
712,1.9095970478590074e-05,712,11649744,,3.1975496966206185,-2.211761538156854,0.47924359699172836
713,2.558454227251719e-05,713,11666106,,3.1975496966206185,-2.211761538156854,0.47924359699172836
714,3.31071157519125e-05,714,11682468,,3.1975496966206185,-2.211761538156854,0.47924359699172836
715,4.20563170479768e-05,715,11698830,,3.1975496966206185,-2.211761538156854,0.47924359699172836
716,4.475724230654232e-05,716,11715192,5,3.2271159755899173,-2.202763132544115,0.441151793848404
717,2.9198014991904664e-05,717,11731554,,3.2271159755899173,-2.202763132544115,0.441151793848404
718,2.1554075255211802e-05,718,11747916,,3.2271159755899173,-2.202763132544115,0.441151793848404
719,3.0219092477586085e-05,719,11764278,,3.2271159755899173,-2.202763132544115,0.441151793848404
720,3.8009432336186255e-05,720,11780640,,3.2271159755899173,-2.202763132544115,0.441151793848404
721,3.3529108172017374e-05,721,11797002,5,3.2420997428101535,-2.2044820662889193,0.4118012141864371
722,4.251601000490601e-05,722,11813364,,3.2420997428101535,-2.2044820662889193,0.4118012141864371
723,3.915208260137082e-05,723,11829726,,3.2420997428101535,-2.2044820662889193,0.4118012141864371
724,1.994668251814602e-05,724,11846088,,3.2420997428101535,-2.2044820662889193,0.4118012141864371
725,1.3176004904691396e-05,725,11862450,,3.2420997428101535,-2.2044820662889193,0.4118012141864371
726,2.0919737757214146e-05,726,11878812,5,3.213947978837353,-2.2382689306203973,0.4017167087255409
727,3.0322533376217486e-05,727,11895174,,3.213947978837353,-2.2382689306203973,0.4017167087255409
728,3.484009954107803e-05,728,11911536,,3.213947978837353,-2.2382689306203973,0.4017167087255409
729,4.374288398555082e-05,729,11927898,,3.213947978837353,-2.2382689306203973,0.4017167087255409
730,3.280256750155808e-05,730,11944260,,3.213947978837353,-2.2382689306203973,0.4017167087255409
731,1.9697964699416648e-05,731,11960622,5,3.2745288086304334,-2.205666592738277,0.3575264620940355
732,2.3604456994175127e-05,732,11976984,,3.2745288086304334,-2.205666592738277,0.3575264620940355
733,3.512693722928367e-05,733,11993346,,3.2745288086304334,-2.205666592738277,0.3575264620940355
734,3.4058762893834915e-05,734,12009708,,3.2745288086304334,-2.205666592738277,0.3575264620940355
735,3.5327296922516016e-05,735,12026070,,3.2745288086304334,-2.205666592738277,0.3575264620940355
736,4.184854663256271e-05,736,12042432,5,3.2973437580611114,-2.2011932553180564,0.3307075656630567
737,2.676363382345809e-05,737,12058794,,3.2973437580611114,-2.2011932553180564,0.3307075656630567
738,1.4871066516226189e-05,738,12075156,,3.2973437580611114,-2.2011932553180564,0.3307075656630567
739,1.778235499852454e-05,739,12091518,,3.2973437580611114,-2.2011932553180564,0.3307075656630567
740,2.520226202114284e-05,740,12107880,,3.2973437580611114,-2.2011932553180564,0.3307075656630567
741,3.0429706589146788e-05,741,12124242,5,3.3016993116199496,-2.210144252572065,0.3116579457764477
742,3.862298726281521e-05,742,12140604,,3.3016993116199496,-2.210144252572065,0.3116579457764477
743,3.8815676266665267e-05,743,12156966,,3.3016993116199496,-2.210144252572065,0.3116579457764477
744,2.0989999940428106e-05,744,12173328,,3.3016993116199496,-2.210144252572065,0.3116579457764477
745,1.9475905722453335e-05,745,12189690,,3.3016993116199496,-2.210144252572065,0.3116579457764477
746,2.8532429276612037e-05,746,12206052,5,3.309726845346798,-2.2162460861147113,0.29256801392557064
747,3.485376823158387e-05,747,12222414,,3.309726845346798,-2.2162460861147113,0.29256801392557064
748,2.925442604320705e-05,748,12238776,,3.309726845346798,-2.2162460861147113,0.29256801392557064
749,3.9972526902451455e-05,749,12255138,,3.309726845346798,-2.2162460861147113,0.29256801392557064
750,3.438983273758994e-05,750,12271500,,3.309726845346798,-2.2162460861147113,0.29256801392557064
751,2.1316822111233646e-05,751,12287862,5,3.3542474269993083,-2.1954892573190405,0.26425531513997225
752,1.4209542038318146e-05,752,12304224,,3.3542474269993083,-2.1954892573190405,0.26425531513997225
753,1.924485120350511e-05,753,12320586,,3.3542474269993083,-2.1954892573190405,0.26425531513997225
754,2.8712868742092335e-05,754,12336948,,3.3542474269993083,-2.1954892573190405,0.26425531513997225
755,3.064576282818532e-05,755,12353310,,3.3542474269993083,-2.1954892573190405,0.26425531513997225
756,4.0192068659530844e-05,756,12369672,5,3.3684273496495662,-2.1967927054578325,0.2462891971969805
757,2.8916910793014283e-05,757,12386034,,3.3684273496495662,-2.1967927054578325,0.2462891971969805
758,1.623888389996886e-05,758,12402396,,3.3684273496495662,-2.1967927054578325,0.2462891971969805
759,2.079421597094011e-05,759,12418758,,3.3684273496495662,-2.1967927054578325,0.2462891971969805
760,3.106957007437128e-05,760,12435120,,3.3684273496495662,-2.1967927054578325,0.2462891971969805
761,3.128167635835233e-05,761,12451482,5,3.388243314452158,-2.1938691606259075,0.228135283546691
762,3.220323009875403e-05,762,12467844,,3.388243314452158,-2.1938691606259075,0.228135283546691
763,3.840071487308527e-05,763,12484206,,3.388243314452158,-2.1938691606259075,0.228135283546691
764,2.83880649253887e-05,764,12500568,,3.388243314452158,-2.1938691606259075,0.228135283546691
765,1.720538475209754e-05,765,12516930,,3.388243314452158,-2.1938691606259075,0.228135283546691
766,1.6504397313595737e-05,766,12533292,5,3.3817313000170097,-2.2098489279482085,0.21727551723481264
767,2.327266281497431e-05,767,12549654,,3.3817313000170097,-2.2098489279482085,0.21727551723481264
768,2.8408064468854466e-05,768,12566016,,3.3817313000170097,-2.2098489279482085,0.21727551723481264
769,3.511042528937802e-05,769,12582378,,3.3817313000170097,-2.2098489279482085,0.21727551723481264
770,3.647419368534022e-05,770,12598740,,3.3817313000170097,-2.2098489279482085,0.21727551723481264
771,1.8356244613951245e-05,771,12615102,5,3.433392153008823,-2.1836759758652264,0.19444807151072974
772,1.5170405416566751e-05,772,12631464,,3.433392153008823,-2.1836759758652264,0.19444807151072974
773,2.265330365781859e-05,773,12647826,,3.433392153008823,-2.1836759758652264,0.19444807151072974
774,3.062151417446146e-05,774,12664188,,3.433392153008823,-2.1836759758652264,0.19444807151072974
775,2.692854410066281e-05,775,12680550,,3.433392153008823,-2.1836759758652264,0.19444807151072974
776,3.610641748441612e-05,776,12696912,5,3.4393132143702845,-2.190313335445895,0.18264785875683076
777,3.5468501307783784e-05,777,12713274,,3.4393132143702845,-2.190313335445895,0.18264785875683076
778,2.420039114620076e-05,778,12729636,,3.4393132143702845,-2.190313335445895,0.18264785875683076
779,1.6416317772591227e-05,779,12745998,,3.4393132143702845,-2.190313335445895,0.18264785875683076
780,1.9849517737188793e-05,780,12762360,,3.4393132143702845,-2.190313335445895,0.18264785875683076
781,2.5954300028573074e-05,781,12778722,5,3.445276357400954,-2.196755445391444,0.17156118299193102
782,2.6362326663260938e-05,782,12795084,,3.445276357400954,-2.196755445391444,0.17156118299193102
783,3.6914007660530934e-05,783,12811446,,3.445276357400954,-2.196755445391444,0.17156118299193102
784,3.050643390748592e-05,784,12827808,,3.445276357400954,-2.196755445391444,0.17156118299193102
785,1.2858736452146802e-05,785,12844170,,3.445276357400954,-2.196755445391444,0.17156118299193102
786,1.5288082874716225e-05,786,12860532,5,3.4460791810247207,-2.207050350563339,0.16212150136803416
787,2.4360138588044866e-05,787,12876894,,3.4460791810247207,-2.207050350563339,0.16212150136803416
788,2.8385038723842404e-05,788,12893256,,3.4460791810247207,-2.207050350563339,0.16212150136803416
789,2.6638771573363196e-05,789,12909618,,3.4460791810247207,-2.207050350563339,0.16212150136803416
790,3.6368000677862444e-05,790,12925980,,3.4460791810247207,-2.207050350563339,0.16212150136803416
791,3.221285726241058e-05,791,12942342,5,3.5086233807146456,-2.1725596927516952,0.14311502868313664
792,2.1289469416485574e-05,792,12958704,,3.5086233807146456,-2.1725596927516952,0.14311502868313664
793,1.7747981179261352e-05,793,12975066,,3.5086233807146456,-2.1725596927516952,0.14311502868313664
794,2.1980660604492552e-05,794,12991428,,3.5086233807146456,-2.1725596927516952,0.14311502868313664
795,2.6593878090883094e-05,795,13007790,,3.5086233807146456,-2.1725596927516952,0.14311502868313664
796,2.8398240915897266e-05,796,13024152,5,3.514103353375221,-2.1788612970673142,0.13440659427288137
797,3.59685653724684e-05,797,13040514,,3.514103353375221,-2.1788612970673142,0.13440659427288137
798,2.443242765264725e-05,798,13056876,,3.514103353375221,-2.1788612970673142,0.13440659427288137
799,1.0384137600839144e-05,799,13073238,,3.514103353375221,-2.1788612970673142,0.13440659427288137
800,1.5167517284836451e-05,800,13089600,,3.514103353375221,-2.1788612970673142,0.13440659427288137
801,2.4367881990283724e-05,801,13105962,5,3.50963777751541,-2.192508943820269,0.127688068292938
802,2.6184402527461292e-05,802,13122324,,3.50963777751541,-2.192508943820269,0.127688068292938
803,2.947379914446796e-05,803,13138686,,3.50963777751541,-2.192508943820269,0.127688068292938
804,3.473315288302081e-05,804,13155048,,3.50963777751541,-2.192508943820269,0.127688068292938
805,2.8828775529801676e-05,805,13171410,,3.50963777751541,-2.192508943820269,0.127688068292938
806,1.9150444609712658e-05,806,13187772,5,3.5543510021298514,-2.170448286172886,0.11479915302032317
807,1.9340822741166497e-05,807,13204134,,3.5543510021298514,-2.170448286172886,0.11479915302032317
808,2.3127576304404762e-05,808,13220496,,3.5543510021298514,-2.170448286172886,0.11479915302032317
809,2.6375994784604007e-05,809,13236858,,3.5543510021298514,-2.170448286172886,0.11479915302032317
810,3.094532610836698e-05,810,13253220,,3.5543510021298514,-2.170448286172886,0.11479915302032317
811,3.384486089308414e-05,811,13269582,5,3.5754726765475393,-2.165393507037267,0.10594801769006201
812,1.940615265783041e-05,812,13285944,,3.5754726765475393,-2.165393507037267,0.10594801769006201
813,9.691501634625371e-06,813,13302306,,3.5754726765475393,-2.165393507037267,0.10594801769006201
814,1.4762475541149622e-05,814,13318668,,3.5754726765475393,-2.165393507037267,0.10594801769006201
815,2.3329527355980817e-05,815,13335030,,3.5754726765475393,-2.165393507037267,0.10594801769006201
816,2.5762710245513798e-05,816,13351392,5,3.582218451403251,-2.170481527441853,0.0993423089025316
817,3.118592197081521e-05,817,13367754,,3.582218451403251,-2.170481527441853,0.0993423089025316
818,3.331614051477194e-05,818,13384116,,3.582218451403251,-2.170481527441853,0.0993423089025316
819,2.5963310346668877e-05,819,13400478,,3.582218451403251,-2.170481527441853,0.0993423089025316
820,1.7627690578364552e-05,820,13416840,,3.582218451403251,-2.170481527441853,0.0993423089025316
821,2.1437450099096034e-05,821,13433202,5,3.589251962915282,-2.1754789701570005,0.09314572364005169
822,2.382159831586239e-05,822,13449564,,3.589251962915282,-2.1754789701570005,0.09314572364005169
823,2.7196667025657095e-05,823,13465926,,3.589251962915282,-2.1754789701570005,0.09314572364005169
824,3.1823077092832386e-05,824,13482288,,3.589251962915282,-2.1754789701570005,0.09314572364005169
825,3.1621714322374594e-05,825,13498650,,3.589251962915282,-2.1754789701570005,0.09314572364005169
826,1.5874588886521934e-05,826,13515012,5,3.630166786876077,-2.155779351003742,0.08399623031451409
827,9.164646874386395e-06,827,13531374,,3.630166786876077,-2.155779351003742,0.08399623031451409
828,1.4926160510256303e-05,828,13547736,,3.630166786876077,-2.155779351003742,0.08399623031451409
829,2.2110584385684473e-05,829,13564098,,3.630166786876077,-2.155779351003742,0.08399623031451409
830,2.5944469908494028e-05,830,13580460,,3.630166786876077,-2.155779351003742,0.08399623031451409
831,3.159078376398228e-05,831,13596822,5,3.640121694087485,-2.158300623349314,0.07845328764333592
832,3.163043845456903e-05,832,13613184,,3.640121694087485,-2.158300623349314,0.07845328764333592
833,2.3844797938508966e-05,833,13629546,,3.640121694087485,-2.158300623349314,0.07845328764333592
834,1.6486423053060917e-05,834,13645908,,3.640121694087485,-2.158300623349314,0.07845328764333592
835,2.2722233569111294e-05,835,13662270,,3.640121694087485,-2.158300623349314,0.07845328764333592
836,2.4402270380148583e-05,836,13678632,5,3.6526466957325,-2.1589563145990542,0.07306479358793938
837,2.7365000511841986e-05,837,13694994,,3.6526466957325,-2.1589563145990542,0.07306479358793938
838,3.171019330232283e-05,838,13711356,,3.6526466957325,-2.1589563145990542,0.07306479358793938
839,2.9893906390944525e-05,839,13727718,,3.6526466957325,-2.1589563145990542,0.07306479358793938
840,1.38902085805373e-05,840,13744080,,3.6526466957325,-2.1589563145990542,0.07306479358793938
841,8.265657298733159e-06,841,13760442,5,3.651583512139796,-2.1697824147084863,0.06916879759169703
842,1.4415257059585684e-05,842,13776804,,3.651583512139796,-2.1697824147084863,0.06916879759169703
843,2.2182919353727626e-05,843,13793166,,3.651583512139796,-2.1697824147084863,0.06916879759169703
844,2.5759648446747885e-05,844,13809528,,3.651583512139796,-2.1697824147084863,0.06916879759169703
845,3.123173492122766e-05,845,13825890,,3.651583512139796,-2.1697824147084863,0.06916879759169703
846,2.987163227378964e-05,846,13842252,5,3.699565516147662,-2.1441623659918316,0.061754825408347536
847,2.2456034677931225e-05,847,13858614,,3.699565516147662,-2.1441623659918316,0.061754825408347536
848,1.5504996744013233e-05,848,13874976,,3.699565516147662,-2.1441623659918316,0.061754825408347536
849,2.32966181721167e-05,849,13891338,,3.699565516147662,-2.1441623659918316,0.061754825408347536
850,2.4999060368076365e-05,850,13907700,,3.699565516147662,-2.1441623659918316,0.061754825408347536
851,2.7010602805688233e-05,851,13924062,5,3.708374679036595,-2.1471907114917728,0.057742699825813926
852,3.1015691476773966e-05,852,13940424,,3.708374679036595,-2.1471907114917728,0.057742699825813926
853,2.8886998281296705e-05,853,13956786,,3.708374679036595,-2.1471907114917728,0.057742699825813926
854,1.3335448358693658e-05,854,13973148,,3.708374679036595,-2.1471907114917728,0.057742699825813926
855,7.139981518609201e-06,855,13989510,,3.708374679036595,-2.1471907114917728,0.057742699825813926
856,1.349550821229395e-05,856,14005872,5,3.67963322706028,-2.1798943174470415,0.056638979667338774
857,2.1744030180875784e-05,857,14022234,,3.67963322706028,-2.1798943174470415,0.056638979667338774
858,2.527956886037852e-05,858,14038596,,3.67963322706028,-2.1798943174470415,0.056638979667338774
859,3.037636370105401e-05,859,14054958,,3.67963322706028,-2.1798943174470415,0.056638979667338774
860,2.8763702265455215e-05,860,14071320,,3.67963322706028,-2.1798943174470415,0.056638979667338774
861,2.165999790343376e-05,861,14087682,5,3.747521550113315,-2.137432924477656,0.04920348637176719
862,1.5388104186983553e-05,862,14104044,,3.747521550113315,-2.137432924477656,0.04920348637176719
863,2.31577255460913e-05,863,14120406,,3.747521550113315,-2.137432924477656,0.04920348637176719
864,2.555584118185683e-05,864,14136768,,3.747521550113315,-2.137432924477656,0.04920348637176719
865,2.6122162577996155e-05,865,14153130,,3.747521550113315,-2.137432924477656,0.04920348637176719
866,2.9880435467401212e-05,866,14169492,5,3.760756550690916,-2.137023658869988,0.04575678420684026
867,2.8565524222486094e-05,867,14185854,,3.760756550690916,-2.137023658869988,0.04575678420684026
868,1.4037302381503247e-05,868,14202216,,3.760756550690916,-2.137023658869988,0.04575678420684026
869,5.882040877754763e-06,869,14218578,,3.760756550690916,-2.137023658869988,0.04575678420684026
870,1.2355880752136505e-05,870,14234940,,3.760756550690916,-2.137023658869988,0.04575678420684026
871,2.0851448508371617e-05,871,14251302,5,3.750586286268135,-2.154407154927671,0.043821588458584415
872,2.445108823845299e-05,872,14267664,,3.750586286268135,-2.154407154927671,0.043821588458584415
873,2.9810793539988834e-05,873,14284026,,3.750586286268135,-2.154407154927671,0.043821588458584415
874,2.8764971681319307e-05,874,14300388,,3.750586286268135,-2.154407154927671,0.043821588458584415
875,2.1270808840442856e-05,875,14316750,,3.750586286268135,-2.154407154927671,0.043821588458584415
876,1.511391898195713e-05,876,14333112,5,3.7865447768266436,-2.136543374822156,0.03960091481582584
877,2.221582313759185e-05,877,14349474,,3.7865447768266436,-2.136543374822156,0.03960091481582584
878,2.5869742288339714e-05,878,14365836,,3.7865447768266436,-2.136543374822156,0.03960091481582584
879,2.4590201696442215e-05,879,14382198,,3.7865447768266436,-2.136543374822156,0.03960091481582584
880,2.823025964587833e-05,880,14398560,,3.7865447768266436,-2.136543374822156,0.03960091481582584
881,2.8703706713789634e-05,881,14414922,5,3.8129481080004295,-2.126174278189998,0.03622355270977806
882,1.5796882986557348e-05,882,14431284,,3.8129481080004295,-2.126174278189998,0.03622355270977806
883,5.8490465072551234e-06,883,14447646,,3.8129481080004295,-2.126174278189998,0.03622355270977806
884,1.1113841827260773e-05,884,14464008,,3.8129481080004295,-2.126174278189998,0.03622355270977806
885,1.9465270653030997e-05,885,14480370,,3.8129481080004295,-2.126174278189998,0.03622355270977806
886,2.3141029422593662e-05,886,14496732,5,3.8161123424425814,-2.1329611108909505,0.03410519055269301
887,2.8769520799165615e-05,887,14513094,,3.8161123424425814,-2.1329611108909505,0.03410519055269301
888,2.9019571106292386e-05,888,14529456,,3.8161123424425814,-2.1329611108909505,0.03410519055269301
889,2.108426351318804e-05,889,14545818,,3.8161123424425814,-2.1329611108909505,0.03410519055269301
890,1.4318969686330507e-05,890,14562180,,3.8161123424425814,-2.1329611108909505,0.03410519055269301
891,2.034631854239133e-05,891,14578542,5,3.8216714707255686,-2.138146173268574,0.03203209489341763
892,2.5638111426209975e-05,892,14594904,,3.8216714707255686,-2.138146173268574,0.03203209489341763
893,2.25141402634757e-05,893,14611266,,3.8216714707255686,-2.138146173268574,0.03203209489341763
894,2.600876201791502e-05,894,14627628,,3.8216714707255686,-2.138146173268574,0.03203209489341763
895,2.8921960641734024e-05,895,14643990,,3.8216714707255686,-2.138146173268574,0.03203209489341763
896,1.836073647867864e-05,896,14660352,5,3.8618460089960855,-2.1169124322757122,0.02876067685265804
897,7.97065331316349e-06,897,14676714,,3.8618460089960855,-2.1169124322757122,0.02876067685265804
898,9.83257137450455e-06,898,14693076,,3.8618460089960855,-2.1169124322757122,0.02876067685265804
899,1.749767985895212e-05,899,14709438,,3.8618460089960855,-2.1169124322757122,0.02876067685265804
900,2.2448853402072533e-05,900,14725800,,3.8618460089960855,-2.1169124322757122,0.02876067685265804
901,2.6795457621200947e-05,901,14742162,5,3.8689276316139365,-2.120412939265571,0.02694356316156865
902,2.9083965870466133e-05,902,14758524,,3.8689276316139365,-2.120412939265571,0.02694356316156865
903,2.088275386298577e-05,903,14774886,,3.8689276316139365,-2.120412939265571,0.02694356316156865
904,1.4608032197445386e-05,904,14791248,,3.8689276316139365,-2.120412939265571,0.02694356316156865
905,1.7464332803349136e-05,905,14807610,,3.8689276316139365,-2.120412939265571,0.02694356316156865
906,2.4518573372864227e-05,906,14823972,5,3.8761315221267254,-2.123868438988286,0.02524633078322802
907,2.394726813700898e-05,907,14840334,,3.8761315221267254,-2.123868438988286,0.02524633078322802
908,2.4105821394580784e-05,908,14856696,,3.8761315221267254,-2.123868438988286,0.02524633078322802
909,2.871128422338859e-05,909,14873058,,3.8761315221267254,-2.123868438988286,0.02524633078322802
910,2.136117995316794e-05,910,14889420,,3.8761315221267254,-2.123868438988286,0.02524633078322802
911,1.0913334143901332e-05,911,14905782,5,3.898414833721984,-2.1157809486845274,0.023184646260332897
912,8.544555873735149e-06,912,14922144,,3.898414833721984,-2.1157809486845274,0.023184646260332897
913,1.4875485327955906e-05,913,14938506,,3.898414833721984,-2.1157809486845274,0.023184646260332897
914,2.1464470101179023e-05,914,14954868,,3.898414833721984,-2.1157809486845274,0.023184646260332897
915,2.3615602140550362e-05,915,14971230,,3.898414833721984,-2.1157809486845274,0.023184646260332897
916,2.8421943391206128e-05,916,14987592,5,3.9171007320830675,-2.110365903797426,0.02139093871410136
917,2.3207133488002685e-05,917,15003954,,3.9171007320830675,-2.110365903797426,0.02139093871410136
918,1.5280881541984703e-05,918,15020316,,3.9171007320830675,-2.110365903797426,0.02139093871410136
919,1.4609569981949289e-05,919,15036678,,3.9171007320830675,-2.110365903797426,0.02139093871410136
920,2.2210786999668497e-05,920,15053040,,3.9171007320830675,-2.110365903797426,0.02139093871410136
921,2.451809538430577e-05,921,15069402,5,3.9302759274979633,-2.1089495260123288,0.019879775069312267
922,2.2023897862877284e-05,922,15085764,,3.9302759274979633,-2.1089495260123288,0.019879775069312267
923,2.74800057567387e-05,923,15102126,,3.9302759274979633,-2.1089495260123288,0.019879775069312267
924,2.4252851502121198e-05,924,15118488,,3.9302759274979633,-2.1089495260123288,0.019879775069312267
925,1.4297355906599252e-05,925,15134850,,3.9302759274979633,-2.1089495260123288,0.019879775069312267
926,9.416703371761814e-06,926,15151212,5,3.9311182628679755,-2.1170663786277184,0.018800408351935083
927,1.3065830340372453e-05,927,15167574,,3.9311182628679755,-2.1170663786277184,0.018800408351935083
928,1.965220880734836e-05,928,15183936,,3.9311182628679755,-2.1170663786277184,0.018800408351935083
929,2.1193302134764336e-05,929,15200298,,3.9311182628679755,-2.1170663786277184,0.018800408351935083
930,2.6471425552676564e-05,930,15216660,,3.9311182628679755,-2.1170663786277184,0.018800408351935083
931,2.5723499845801967e-05,931,15233022,5,3.96589434019426,-2.0989329141772277,0.016950080446738625
932,1.548096556171913e-05,932,15249384,,3.96589434019426,-2.0989329141772277,0.016950080446738625
933,1.231893049750965e-05,933,15265746,,3.96589434019426,-2.0989329141772277,0.016950080446738625
934,1.8561823575707903e-05,934,15282108,,3.96589434019426,-2.0989329141772277,0.016950080446738625
935,2.374465422447236e-05,935,15298470,,3.96589434019426,-2.0989329141772277,0.016950080446738625
936,2.1470697775416436e-05,936,15314832,5,3.9771334242785734,-2.0986283445982084,0.015790361501754724
937,2.4657206179300173e-05,937,15331194,,3.9771334242785734,-2.0986283445982084,0.015790361501754724
938,2.6279868890921598e-05,938,15347556,,3.9771334242785734,-2.0986283445982084,0.015790361501754724
939,1.9220057749826103e-05,939,15363918,,3.9771334242785734,-2.0986283445982084,0.015790361501754724
940,1.1246585195981429e-05,940,15380280,,3.9771334242785734,-2.0986283445982084,0.015790361501754724
941,1.1803565471119049e-05,941,15396642,5,3.968362494401184,-2.1142482721432074,0.015155224495172703
942,1.6794877570336375e-05,942,15413004,,3.968362494401184,-2.1142482721432074,0.015155224495172703
943,2.100773216190399e-05,943,15429366,,3.968362494401184,-2.1142482721432074,0.015155224495172703
944,2.2827454573007278e-05,944,15445728,,3.968362494401184,-2.1142482721432074,0.015155224495172703
945,2.6919126539584615e-05,945,15462090,,3.968362494401184,-2.1142482721432074,0.015155224495172703
946,1.9181580500821083e-05,946,15478452,5,4.0101032800804735,-2.0899775272289167,0.01350105322321804
947,1.2570609590284443e-05,947,15494814,,4.0101032800804735,-2.0899775272289167,0.01350105322321804
948,1.3750688154706703e-05,948,15511176,,4.0101032800804735,-2.0899775272289167,0.01350105322321804
949,2.1263107299454576e-05,949,15527538,,4.0101032800804735,-2.0899775272289167,0.01350105322321804
950,2.2540202371960916e-05,950,15543900,,4.0101032800804735,-2.0899775272289167,0.01350105322321804
951,2.075291780469224e-05,951,15560262,5,4.018869387399051,-2.0912404647237177,0.012620542822149527
952,2.6528664700722904e-05,952,15576624,,4.018869387399051,-2.0912404647237177,0.012620542822149527
953,2.32925426408917e-05,953,15592986,,4.018869387399051,-2.0912404647237177,0.012620542822149527
954,1.4313166187024384e-05,954,15609348,,4.018869387399051,-2.0912404647237177,0.012620542822149527
955,1.2075130496065622e-05,955,15625710,,4.018869387399051,-2.0912404647237177,0.012620542822149527
956,1.4781867840672758e-05,956,15642072,5,4.014092810948854,-2.10344766711507,0.012050072880000595
957,1.9617118078657514e-05,957,15658434,,4.014092810948854,-2.10344766711507,0.012050072880000595
958,1.9790915629536165e-05,958,15674796,,4.014092810948854,-2.10344766711507,0.012050072880000595
959,2.5929953617540025e-05,959,15691158,,4.014092810948854,-2.10344766711507,0.012050072880000595
960,2.352044868903641e-05,960,15707520,,4.014092810948854,-2.10344766711507,0.012050072880000595
961,1.2524863491472638e-05,961,15723882,5,4.048357280849457,-2.084576116239107,0.010837176072220345
962,1.0528098733190994e-05,962,15740244,,4.048357280849457,-2.084576116239107,0.010837176072220345
963,1.699004755652267e-05,963,15756606,,4.048357280849457,-2.084576116239107,0.010837176072220345
964,2.1724601968572954e-05,964,15772968,,4.048357280849457,-2.084576116239107,0.010837176072220345
965,1.9900594915016334e-05,965,15789330,,4.048357280849457,-2.084576116239107,0.010837176072220345
966,2.4138156851580272e-05,966,15805692,5,4.0572189160725705,-2.085582439385829,0.010130424889760459
967,2.5379807979619695e-05,967,15822054,,4.0572189160725705,-2.085582439385829,0.010130424889760459
968,1.9536951954148007e-05,968,15838416,,4.0572189160725705,-2.085582439385829,0.010130424889760459
969,1.3016686941411115e-05,969,15854778,,4.0572189160725705,-2.085582439385829,0.010130424889760459
970,1.3604120819549204e-05,970,15871140,,4.0572189160725705,-2.085582439385829,0.010130424889760459
971,1.65216345225927e-05,971,15887502,5,4.059786998776404,-2.091696337910137,0.009567843322628722
972,2.0206258944437117e-05,972,15903864,,4.059786998776404,-2.091696337910137,0.009567843322628722
973,2.2096602698987167e-05,973,15920226,,4.059786998776404,-2.091696337910137,0.009567843322628722
974,2.571171618494239e-05,974,15936588,,4.059786998776404,-2.091696337910137,0.009567843322628722
975,1.8363399361537303e-05,975,15952950,,4.059786998776404,-2.091696337910137,0.009567843322628722
976,1.0187505599987268e-05,976,15969312,5,4.082267099418062,-2.0817658226483333,0.008753826044232582
977,1.1411514586057159e-05,977,15985674,,4.082267099418062,-2.0817658226483333,0.008753826044232582
978,1.8671017628972553e-05,978,16002036,,4.082267099418062,-2.0817658226483333,0.008753826044232582
979,2.055258341109034e-05,979,16018398,,4.082267099418062,-2.0817658226483333,0.008753826044232582
980,1.9669939068898967e-05,980,16034760,,4.082267099418062,-2.0817658226483333,0.008753826044232582
981,2.537857798594334e-05,981,16051122,5,4.097765673607916,-2.077388937385281,0.008097624343676557
982,2.3722710104312483e-05,982,16067484,,4.097765673607916,-2.077388937385281,0.008097624343676557
983,1.5555256458785194e-05,983,16083846,,4.097765673607916,-2.077388937385281,0.008097624343676557
984,1.3658010061853854e-05,984,16100208,,4.097765673607916,-2.077388937385281,0.008097624343676557
985,1.595754102819147e-05,985,16116570,,4.097765673607916,-2.077388937385281,0.008097624343676557
986,1.858248582357891e-05,986,16132932,5,4.105121403544525,-2.0793424923251775,0.007589270016729266
987,1.9927723516277585e-05,987,16149294,,4.105121403544525,-2.0793424923251775,0.007589270016729266
988,2.4480765097673052e-05,988,16165656,,4.105121403544525,-2.0793424923251775,0.007589270016729266
989,2.3408656860846033e-05,989,16182018,,4.105121403544525,-2.0793424923251775,0.007589270016729266
990,1.3069883673305638e-05,990,16198380,,4.105121403544525,-2.0793424923251775,0.007589270016729266
991,8.273572791317463e-06,991,16214742,5,4.112754256086424,-2.0811371738059927,0.007111821862329393
992,1.353964813376185e-05,992,16231104,,4.112754256086424,-2.0811371738059927,0.007111821862329393
993,1.8954999033100883e-05,993,16247466,,4.112754256086424,-2.0811371738059927,0.007111821862329393
994,1.9499531336369946e-05,994,16263828,,4.112754256086424,-2.0811371738059927,0.007111821862329393
995,2.2047772793049036e-05,995,16280190,,4.112754256086424,-2.0811371738059927,0.007111821862329393
996,2.4651610544518254e-05,996,16296552,5,4.140578289105657,-2.066596925402779,0.00644088767939488
997,2.1290468553425423e-05,997,16312914,,4.140578289105657,-2.066596925402779,0.00644088767939488
998,1.3426043595346493e-05,998,16329276,,4.140578289105657,-2.066596925402779,0.00644088767939488
999,1.442267103365924e-05,999,16345638,,4.140578289105657,-2.066596925402779,0.00644088767939488
1000,1.7344230800450666e-05,1000,16362000,,4.140578289105657,-2.066596925402779,0.00644088767939488
