step,BattleShip2/conv,BattleShip2/iters,BattleShip2/nodes_touched,BattleShip2/tau,BattleShip2/alpha,BattleShip2/beta,BattleShip2/gamma
0,0.5,0,0,,,,
1,0.5,1,20138,1,1.0224879191439482,-0.8825253571253122,4.9972556300742
2,0.782811780518756,2,40276,1,1.0255333535840228,-0.8838958880641179,4.997224649023956
3,1.2700336975199409,3,60414,1,1.0483517612375195,-0.8832276316551477,4.997041704839841
4,1.1938605672212645,4,80552,1,1.0731083334060376,-0.8828879108255814,4.996834491664032
5,1.0751387146559481,5,100690,1,1.0734649071056803,-0.8844216119053105,4.996822009004754
6,1.0428495477925177,6,120828,1,1.071888320876794,-0.8861165030782043,4.996825312549172
7,0.6919096467881047,7,140966,1,1.073656533363084,-0.8875799227809456,4.996801005685898
8,0.538555421380386,8,161104,1,1.058374841097547,-0.8905987554993724,4.996915938432499
9,0.4842943972376198,9,181242,1,1.0503152273145742,-0.8931983222972362,4.996970899717098
10,0.47544360001028413,10,201380,1,1.0486917316847424,-0.8951605057151546,4.996974256915353
11,0.39690489687637465,11,221518,1,1.0509669409989073,-0.8966663494514941,4.9969464337027
12,0.3498033340831027,12,241656,1,1.04604091591881,-0.8991252727180512,4.996976024160774
13,0.3901199015570986,13,261794,1,1.043527514746173,-0.9013342778450173,4.996986250955538
14,0.3099783677951931,14,281932,1,1.0514589990872791,-0.9020746913956377,4.996912800019934
15,0.3172321179214645,15,302070,1,1.0443379643016357,-0.9050002273332054,4.996960020196812
16,0.2495525878408557,16,322208,1,1.048450933089971,-0.9062845157121089,4.996916869046997
17,0.20225328524583486,17,342346,1,1.040897163248657,-0.909445082264754,4.996967407309635
18,0.20751430842770208,18,362484,1,1.034689065146675,-0.9125419036598681,4.99700669324704
19,0.20157886490776483,19,382622,1,1.0388891293919866,-0.9138080259830896,4.996963061337406
20,0.1759935867448727,20,402760,1,1.040678894292738,-0.9155205463886116,4.996938334642985
21,0.19875781712735163,21,422898,1,1.0377509721667124,-0.918143731036787,4.996951439748616
22,0.14180149254866398,22,443036,1,1.0462136104713449,-0.9186047361115262,4.996872209862394
23,0.13870775549327452,23,463174,1,1.0343494334837058,-0.9230750917677111,4.996957694464624
24,0.13267153482759586,24,483312,1,1.0364397423789327,-0.9247931622810679,4.996930177388824
25,0.12978166140147007,25,503450,1,1.037541290628027,-0.9267332306257605,4.9969104295309865
26,0.11342775446336706,26,523588,1,1.0396370754246522,-0.9284689361868337,4.996882378392662
27,0.11136897849246552,27,543726,1,1.036751933213,-0.9313363200585869,4.996894879029782
28,0.09910510748974327,28,563864,1,1.0390100552319033,-0.93306273791003,4.996865215959608
29,0.12135823311061078,29,584002,1,1.036920227370467,-0.935828320528661,4.9968710966229395
30,0.09781643093694231,30,604140,1,1.048980162505973,-0.9352771795976933,4.996759300890205
31,0.09196217049679972,31,624278,1,1.0424829620054177,-0.9390831982076797,4.996802050553661
32,0.09063480586197814,32,644416,1,1.042822697383199,-0.9413218776277374,4.996787463286614
33,0.08158885842742603,33,664554,1,1.0452565252148553,-0.9430549484808961,4.996755101878568
34,0.09415652823628873,34,684692,1,1.043667529289039,-0.9458235810816329,4.9967564822732164
35,0.08648103975799903,35,704830,1,1.0531319535783163,-0.9457866301510764,4.996663531407123
36,0.0756217201079053,36,724968,1,1.052432533306182,-0.9483310452572749,4.996657067739671
37,0.06548975592467421,37,745106,1,1.049541677614456,-0.9514921684296582,4.99666941746137
38,0.05942131025093189,38,765244,1,1.0462246065380425,-0.9548478443570121,4.996685330244465
39,0.059603209806227464,39,785382,1,1.0449831089925141,-0.957690960630716,4.996683322486725
40,0.06761745805992508,40,805520,1,1.0482027354776422,-0.9592792095255667,4.996642699549974
41,0.08093644281844048,41,825658,1,1.056930514360079,-0.9593122349969669,4.996553164108565
42,0.08208774407247271,42,845796,1,1.0681191813215416,-0.9587369775620449,4.996439578590982
43,0.07421801515544207,43,865934,1,1.0718840835211643,-0.9601895146077766,4.996391459762689
44,0.08286361860006936,44,886072,1,1.0704643842909547,-0.963046059361238,4.996390370399701
45,0.08244882865213604,45,906210,1,1.0785846564936667,-0.9633318094043068,4.996301160576962
46,0.10693384098978043,46,926348,1,1.0815032359211096,-0.9650269495935784,4.996259268329304
47,0.09067794498733206,47,946486,1,1.096527041990073,-0.9635903852894239,4.99610112038291
48,0.07821108218665068,48,966624,1,1.0921550500848336,-0.967154388687554,4.996127928340043
49,0.08062311898227037,49,986762,1,1.088567800423432,-0.9706126555165131,4.99614701934745
50,0.07726563983846085,50,1006900,1,1.0931209487431117,-0.9718877935125503,4.9960875181528674
51,0.07561689015148271,51,1027038,1,1.0943462518981444,-0.9740820168077267,4.9960597874087345
52,0.08163570238977341,52,1047176,1,1.096532744483703,-0.9760226329882518,4.996022351552318
53,0.0841491710722036,53,1067314,1,1.1032311265442343,-0.9767178966187087,4.9959396759452686
54,0.08295581952228859,54,1087452,1,1.1078202579299277,-0.9780055346146619,4.995876933670723
55,0.07042892767625364,55,1107590,1,1.110359983980522,-0.9798600983333448,4.995834224917561
56,0.0629426104931205,56,1127728,1,1.1060056065536163,-0.9836701605727283,4.995861324242258
57,0.06030441139335635,57,1147866,1,1.1040216774840164,-0.9868834605163237,4.995864261624241
58,0.056035245529818756,58,1168004,1,1.1052407138856597,-0.9891816556266064,4.995834552167921
59,0.05205465217557981,59,1188142,1,1.1050502539698457,-0.991929375017089,4.995818984170878
60,0.05573201591255372,60,1208280,1,1.1048474850067236,-0.9947129439922751,4.9958033821177
61,0.06431450734870503,61,1228418,1,1.1111932773331534,-0.9954577436363545,4.995719856424564
62,0.052783380350959974,62,1248556,1,1.121041915590499,-0.9951577760653647,4.995597869354786
63,0.055594261304361126,63,1268694,1,1.1150893557698462,-0.999720606958203,4.995642173920007
64,0.04930125213730363,64,1288832,1,1.120710330788393,-1.0007061963857014,4.995563584742058
65,0.053850006538073925,65,1308970,1,1.1183489931855934,-1.0042356442912421,4.995569689058812
66,0.05375020167109945,66,1329108,1,1.125673830584356,-1.004675785021043,4.995471342251406
67,0.05011586785963118,67,1349246,1,1.1288177487587039,-1.0064623486005164,4.9954172120299045
68,0.044930146138749905,68,1369384,1,1.1287834023449983,-1.0092814829313927,4.995397500082417
69,0.04805396064606987,69,1389522,1,1.1269193582327095,-1.0127420293529759,4.995397760883178
70,0.046644081155253814,70,1409660,1,1.133294096445348,-1.0134806677643702,4.995306543409342
71,0.04520552490810148,71,1429798,1,1.1351426251467747,-1.015731384047431,4.9952649082534695
72,0.04278058070843738,72,1449936,1,1.1369203577053666,-1.0180187752221672,4.995223644610605
73,0.05074377434173721,73,1470074,1,1.1375828708670896,-1.020700905550007,4.995194655622044
74,0.041658730917296605,74,1490212,1,1.1488702953733168,-1.0198024245772899,4.995042835516051
75,0.04142913895660871,75,1510350,1,1.1428404607369784,-1.0247574860855966,4.995090504156384
76,0.038038271273379165,76,1530488,1,1.1458402180350808,-1.0266696422739314,4.995033222576247
77,0.04032410835603517,77,1550626,1,1.1450805178010792,-1.0299171914991014,4.99501938898051
78,0.035515181752847236,78,1570764,1,1.1510988652635907,-1.0307775687124552,4.9949254343493905
79,0.03855717796811531,79,1590902,1,1.1483731918924627,-1.0347657788592222,4.994934380515116
80,0.040094716344324044,80,1611040,1,1.1555299505349463,-1.0352154108590785,4.9948251679816975
81,0.034552635547852706,81,1631178,1,1.160666820336306,-1.0364038352300688,4.994738681498108
82,0.03304490471823679,82,1651316,1,1.1568917984092923,-1.0407992292692732,4.994760067013652
83,0.03802187757977671,83,1671454,1,1.1580555400348704,-1.0434379160542482,4.994721100007616
84,0.03782856094796033,84,1691592,1,1.1680187514328377,-1.0428728321166987,4.994572768670999
85,0.035297605331750914,85,1711730,1,1.171075950325563,-1.0448243184156318,4.9945085724461755
86,0.030886099285003743,86,1731868,1,1.171070052959263,-1.0478922645735447,4.994482395232211
87,0.030562166062452323,87,1752006,1,1.1679930876534055,-1.0521262498549504,4.994494745872924
88,0.03414952751307865,88,1772144,1,1.1707872789954514,-1.0541991295950182,4.994432586528193
89,0.032792638424328946,89,1792282,1,1.1794114437031449,-1.054108093861594,4.99429455951339
90,0.036642006803049965,90,1812420,1,1.1807796374467068,-1.056714939758527,4.994248888559648
91,0.034654474368434496,91,1832558,1,1.1894475687309112,-1.0566406097597811,4.994106451614357
92,0.03099015367306629,92,1852696,1,1.190087009121954,-1.0595166375340404,4.9940689346876335
93,0.02923689696205134,93,1872834,1,1.1880221721383677,-1.0634213307774751,4.994067163317565
94,0.031944637055412506,94,1892972,1,1.1885383404202334,-1.066390420246695,4.994030660532934
95,0.03312999923916671,95,1913110,1,1.1961552005467428,-1.066683175776186,4.993897606098284
96,0.03523434011964521,96,1933248,1,1.2012663893441804,-1.067933174383894,4.993796727021058
97,0.0329793269243715,97,1953386,1,1.2076151558132513,-1.0687351160210634,4.993677060948706
98,0.0300104904107793,98,1973524,1,1.2077496748034386,-1.0718446421316061,4.993643168163394
99,0.030849736283434237,99,1993662,1,1.206508265193424,-1.0754979229640491,4.993628280318077
100,0.02897082804816048,100,2013800,1,1.2112118360961353,-1.0769149311792103,4.993528891952052
101,0.026592249946439495,101,2033938,1,1.211503627565975,-1.0800154955517116,4.99349140748522
102,0.030213160552851392,102,2054076,1,1.2106781229091932,-1.0835714524852802,4.993469540739902
103,0.030600036591710622,103,2074214,1,1.2202959242197944,-1.083105218755244,4.993295951970584
104,0.028612445023782962,104,2094352,1,1.2242988136369761,-1.0848089651213912,4.99320199672912
105,0.02806500239463422,105,2114490,1,1.2243765012376373,-1.0880198949902664,4.993165214776014
106,0.02496140447817513,106,2134628,1,1.22680747371282,-1.0903393584047412,4.993092883231958
107,0.027299278929732995,107,2154766,1,1.2244188189154461,-1.094556729268167,4.993092084768897
108,0.025779137372536953,108,2174904,1,1.2322174926558107,-1.0947868977396815,4.992937323256053
109,0.02906861449667425,109,2195042,1,1.232777955380686,-1.0978625682941718,4.9928909785154305
110,0.029271414526058692,110,2215180,1,1.2421232932111668,-1.097511480418524,4.992708180134896
111,0.026464649289289155,111,2235318,1,1.2458772414877817,-1.0993470517843447,4.992609973746528
112,0.02666275304968263,112,2255456,1,1.2442766342235467,-1.1032737511734334,4.99259526654523
113,0.0293881719659832,113,2275594,1,1.2480580495612288,-1.1051086879453145,4.992494878104319
114,0.03057506786866504,114,2295732,1,1.2563318660777787,-1.1051977293601845,4.992320595465163
115,0.027243675927345556,115,2315870,1,1.261742833354041,-1.1064160085874497,4.992190055394815
116,0.02437870601735448,116,2336008,1,1.2593978898979281,-1.1106478284743495,4.992185711244009
117,0.023454501927331062,117,2356146,1,1.2572650501592257,-1.1148514466575,4.99217756947731
118,0.023282385483477275,118,2376284,1,1.258756614102638,-1.11763462357806,4.992109298689173
119,0.02451900861730888,119,2396422,1,1.2618161084153452,-1.1197932812813638,4.992014099455226
120,0.02198026392395791,120,2416560,1,1.2678496192977637,-1.120756749963926,4.991867454447527
121,0.023801755300162708,121,2436698,1,1.2657932091364978,-1.1250038125666322,4.99185645877101
122,0.023755870225173448,122,2456836,1,1.2732410480916803,-1.1253929234468192,4.991682604015717
123,0.023443270782365966,123,2476974,1,1.276592481499434,-1.1274554000494104,4.991577072333918
124,0.027263891667128504,124,2497112,1,1.2793760389951467,-1.12975420078564,4.991480142338221
125,0.027549804564224345,125,2517250,1,1.2904906079214924,-1.128709788035798,4.991233571883425
126,0.02587997637417616,126,2537388,1,1.29449535139311,-1.130526070969031,4.9911108008751945
127,0.02158691263203344,127,2557526,1,1.2947896579780371,-1.133825360413365,4.991054126576347
128,0.022335910830700523,128,2577664,1,1.2890370725053726,-1.1396257228855877,4.991106972718153
129,0.02473496565608846,129,2597802,1,1.2942418430388711,-1.1409583509387178,4.990959720666911
130,0.02340708372521011,130,2617940,1,1.3029262010482954,-1.140880604532398,4.990745352747898
131,0.0212525284198119,131,2638078,1,1.3035922244819718,-1.1440816520754247,4.990678387418459
132,0.022124432821587325,132,2658216,1,1.3021410121370025,-1.148181707230971,4.990650620560091
133,0.021938573942864747,133,2678354,1,1.3076855973179704,-1.1493910463301678,4.99048956123062
134,0.024247522414385547,134,2698492,1,1.3107460731403444,-1.1516382656921476,4.990373933659264
135,0.02514439344108843,135,2718630,1,1.3193902196932852,-1.15158671213371,4.990147761338283
136,0.02216252517124112,136,2738768,1,1.3247734578216561,-1.1528917685422968,4.98998205594563
137,0.02391330875960468,137,2758906,1,1.3217743359107368,-1.1576460165824332,4.989981409820739
138,0.02372690092913693,138,2779044,1,1.3292144708154776,-1.1581015489651105,4.989771238670183
139,0.026385137998409802,139,2799182,1,1.3323309184355638,-1.1603499841066047,4.989645657298446
140,0.02431211053774729,140,2819320,1,1.3413697769073232,-1.1601805795832598,4.989396060189052
141,0.018544233423164247,141,2839458,1,1.3406521650775058,-1.1640027568216786,4.989346148002955
142,0.019080119022426678,142,2859596,1,1.330130537703596,-1.1720228518404605,4.989499105441731
143,0.020774570431822847,143,2879734,1,1.3351270041884622,-1.173496967493385,4.989329993090793
144,0.02145031437901329,144,2899872,1,1.3430769485899607,-1.1737192025077174,4.989095813320748
145,0.019406043361091863,145,2920010,1,1.348282522542657,-1.1751239799437108,4.988916281623723
146,0.019910765990289403,146,2940148,1,1.3465994788098348,-1.1794668494069882,4.988883073325422
147,0.020051267704843445,147,2960286,1,1.3514801682128377,-1.1810137676301213,4.9887069552931
148,0.022143120134004213,148,2980424,1,1.3553941164063037,-1.1829812855148907,4.98854950341201
149,0.021561052644848866,149,3000562,1,1.3641499916803888,-1.182894143281101,4.988281659231635
150,0.020326659593377205,150,3020700,1,1.3663124757847582,-1.1856137217407468,4.988158267116047
151,0.020917688449977045,151,3040838,1,1.366776238022607,-1.1890702072173722,4.988072022297059
152,0.02063216367769871,152,3060976,1,1.371850128468429,-1.1905619271754062,4.987878996854733
153,0.01967281858535569,153,3081114,1,1.3746959819077997,-1.1930137213761407,4.987734869676198
154,0.01804679345601362,154,3101252,1,1.3757561397845255,-1.1962439559290814,4.9876306887426365
155,0.01670233448795272,155,3121390,1,1.3747751082559752,-1.2003865429426552,4.9875732553847465
156,0.0168697647805916,156,3141528,1,1.3742593518014237,-1.2043606248467018,4.987504101732062
157,0.01984043456671397,157,3161666,1,1.3783562734810224,-1.2062949495376543,4.987324516914578
158,0.02164568100642278,158,3181804,1,1.3905282041102498,-1.2046786576865185,4.986946602987243
159,0.022549636242847282,159,3201942,1,1.3987529777912036,-1.2048426082704145,4.986657582991985
160,0.022402873416092872,160,3222080,1,1.4045375478017141,-1.2060729056482078,4.986424460559064
161,0.02073203351057934,161,3242218,1,1.4077975195499317,-1.2083879100237627,4.986251778770471
162,0.018806126318332728,162,3262356,1,1.4072649609185426,-1.2123442790155177,4.986173748503742
163,0.01809512943440522,163,3282494,1,1.4056628762331056,-1.2168052811485766,4.986122128230878
164,0.017739911086722127,164,3302632,1,1.4072091378366147,-1.219907417686262,4.985988791986287
165,0.019425139099909006,165,3322770,1,1.4097561187145768,-1.2225753037093616,4.985827824425467
166,0.019345889306184694,166,3342908,1,1.4182331699861237,-1.2226134430210835,4.9855085618347985
167,0.017723340366993412,167,3363046,1,1.4216345157424273,-1.2249078591644635,4.98531917417324
168,0.01586761015506244,168,3383184,1,1.4205486142351111,-1.2292075662178272,4.985247936899583
169,0.01729188952742683,169,3403322,1,1.4182257705587134,-1.2341135196900601,4.985209033855915
170,0.019342335275535305,170,3423460,1,1.4264686124852997,-1.2342312130553477,4.984882636571888
171,0.018653454031788308,171,3443598,1,1.4361457913018876,-1.2337399760677117,4.984510003977731
172,0.017630911401556926,172,3463736,1,1.43782364036542,-1.2368310686392727,4.98435542439312
173,0.018228127371333613,173,3483874,1,1.4384129456134547,-1.2404263628309695,4.984229703092456
174,0.018787769602465254,174,3504012,1,1.4438583603291264,-1.2418412119782003,4.983963887419866
175,0.017007334343726976,175,3524150,1,1.4491466750394184,-1.2433340994860473,4.983698383327677
176,0.01727355578241435,176,3544288,1,1.4473896868837037,-1.2480166405374984,4.9836346572596275
177,0.017272131914148947,177,3564426,1,1.4518827565293848,-1.24987437201873,4.983386786875833
178,0.0172883856142802,178,3584564,1,1.4555317339570943,-1.2521225275902668,4.983160328579199
179,0.015477761076305996,179,3604702,1,1.4592400021493426,-1.2543501317994659,4.982928882169002
180,0.015088754316680053,180,3624840,1,1.4568678024336164,-1.259392274932085,4.982878212719195
181,0.01648822822358187,181,3644978,1,1.4591359180075854,-1.262309857028832,4.982685975925954
182,0.0148832258452119,182,3665116,1,1.4676399318175268,-1.2623282140662997,4.9822990883127005
183,0.013092317270011422,183,3685254,1,1.4657057470223314,-1.2672180870926495,4.982230924893976
184,0.015135616690690468,184,3705392,1,1.4623622676037575,-1.2728457156740747,4.982205581875223
185,0.017891154446512625,185,3725530,1,1.473958586775961,-1.2713629021638266,4.9817097498483776
186,0.019855700158680822,186,3745668,1,1.4868224570349962,-1.2693932010058067,4.981161059161694
187,0.01827730319987264,187,3765806,1,1.4962562256637304,-1.2690783555823835,4.980712416800458
188,0.016802098853792413,188,3785944,1,1.4953782545971104,-1.2734438288892127,4.980599902853017
189,0.016704815476136614,189,3806082,1,1.4944258302322464,-1.2778854090740435,4.9804884699326895
190,0.016193818719650255,190,3826220,1,1.4977977583730344,-1.280344815412249,4.980230039071766
191,0.01766556787136303,191,3846358,1,1.4997754737501796,-1.2834606178478494,4.980015547444556
192,0.01676320623908656,192,3866496,1,1.5082910398702998,-1.283543874034335,4.979572634219937
193,0.014409547705228676,193,3886634,1,1.5090883906459684,-1.2872117883529879,4.979391890129913
194,0.015550196210039502,194,3906772,1,1.5044055946191377,-1.293497008776028,4.979400993841724
195,0.015422045736958712,195,3926910,1,1.5123309520862662,-1.293827590809064,4.978965381110857
196,0.016214636690330353,196,3947048,1,1.5155784882441092,-1.296384319334264,4.978689814211036
197,0.016251048139823532,197,3967186,1,1.522078265121476,-1.2974127045443886,4.978292261765127
198,0.015918325628556274,198,3987324,1,1.5259200390737802,-1.2996992635541729,4.977985840798161
199,0.01546708290364257,199,4007462,1,1.5284855598422014,-1.3025922971512909,4.977722446279527
200,0.017374019412439212,200,4027600,1,1.5306012777305402,-1.305707038870691,4.977472402097613
201,0.017670427396086985,201,4047738,1,1.540830679191908,-1.3050078777492569,4.976910394895247
202,0.016124081254869915,202,4067876,1,1.5455134903345533,-1.3069244084292426,4.976551736076411
203,0.014550949283713588,203,4088014,1,1.5441121950995202,-1.3116943274923223,4.976425146810496
204,0.014580199859980325,204,4108152,1,1.5420893182773314,-1.3168104550500106,4.976321253340615
205,0.014390139717566863,205,4128290,1,1.545933744184267,-1.3191359799949856,4.975985155755474
206,0.013929353239534481,206,4148428,1,1.5489317531898377,-1.3218751087504266,4.975677921707235
207,0.014477999199717095,207,4168566,1,1.55083967207575,-1.3251499670633387,4.975410328513714
208,0.01367454211674185,208,4188704,1,1.5567518534350882,-1.326490590581901,4.974976232330255
209,0.013139637381715585,209,4208842,1,1.5572794221103452,-1.3304495836261359,4.974756958560957
210,0.01358324481691936,210,4228980,1,1.5587741238893447,-1.3339554809058516,4.974494929762839
211,0.015096208547235312,211,4249118,1,1.5643905730813892,-1.3354456667523245,4.9740567933901065
212,0.014965518833920999,212,4269256,1,1.574109806492742,-1.334957188963529,4.973436168004266
213,0.014466858798876991,213,4289394,1,1.5773755022552323,-1.3376048509482033,4.973082924854674
214,0.01424493935462362,214,4309532,1,1.5792150487125443,-1.3409501932639756,4.97278699960858
215,0.014901548513212126,215,4329670,1,1.5820995212448912,-1.3437977315213896,4.97244113180977
216,0.015170951711973968,216,4349808,1,1.58842252800244,-1.3449785333132318,4.971936847812229
217,0.013919729789924173,217,4369946,1,1.5932108759078312,-1.3469118204027344,4.971493483518502
218,0.011009619477936605,218,4390084,1,1.5920841339622707,-1.3517296223941913,4.971313733427523
219,0.012574508313408839,219,4410222,1,1.5825255466550745,-1.3608465080400631,4.971515980343202
220,0.013118931796032074,220,4430360,1,1.5938391341605902,-1.3594822446632073,4.970762478118264
221,0.014615838384528346,221,4450498,1,1.6000244130669277,-1.3607295970515305,4.970233208997476
222,0.014589777321884767,222,4470636,1,1.60997139909919,-1.3601392122041607,4.969515180007283
223,0.014546822474391152,223,4490774,1,1.6136537459128177,-1.3626408598024309,4.96908627292683
224,0.013982251910761356,224,4510912,1,1.6172719190251224,-1.3651793373518026,4.968654187122325
225,0.012967872400440505,225,4531050,1,1.6187922799876748,-1.368756466595621,4.968319490885807
226,0.012815360329571757,226,4551188,1,1.618264267408193,-1.3733710732844775,4.968082334791932
227,0.013543009891882396,227,4571326,1,1.6213739066405635,-1.3761858491483403,4.967659985076402
228,0.014165104237345516,228,4591464,1,1.6283356158032052,-1.3770776376829768,4.967035590670827
229,0.014557402135425002,229,4611602,1,1.6347155604052244,-1.3782733109211203,4.966430021198015
230,0.013907560212477466,230,4631740,1,1.6400910304102847,-1.3799756470594455,4.965866599908548
231,0.012653442981029661,231,4651878,1,1.6412623940087792,-1.3837644656258687,4.965516892928033
232,0.012255798473223278,232,4672016,1,1.6396176652475574,-1.388990115984707,4.965312618333602
233,0.012887168904906543,233,4692154,1,1.6415786319628882,-1.3924243077663347,4.964912697227375
234,0.01309456958001215,234,4712292,1,1.6482817758757797,-1.3934572278851076,4.964249782607933
235,0.013787595858286539,235,4732430,1,1.653013318093337,-1.3954964018274982,4.963683938722054
236,0.014600405239929726,236,4752568,1,1.659811626201214,-1.3965021194946474,4.962993452581573
237,0.01365307764076018,237,4772706,1,1.6669520167051641,-1.3973518842693726,4.9622710915538395
238,0.013048102696121944,238,4792844,1,1.6668792631936757,-1.4018104301212533,4.96195069170908
239,0.012760961489922618,239,4812982,1,1.6680686867727657,-1.4056583072138507,4.961553380287385
240,0.012603101694795782,240,4833120,1,1.6705971648510998,-1.4088401557223988,4.961072745943342
241,0.01271072179386723,241,4853258,1,1.67369589077446,-1.4117390286585154,4.960551718869111
242,0.012667038177920698,242,4873396,1,1.6780147213861276,-1.4140195910830096,4.959950280448023
243,0.012850001028808733,243,4893534,1,1.681641039783127,-1.4166591954161891,4.959381335182137
244,0.013370644812500554,244,4913672,1,1.686306156592231,-1.418771805903872,4.958740307664311
245,0.013161262436925947,245,4933810,1,1.6924571380218651,-1.420131481860424,4.957996849396238
246,0.013210677287974149,246,4953948,1,1.6953709804609274,-1.4231470822034344,4.957444093570253
247,0.012328255824120449,247,4974086,1,1.6994280032538107,-1.4255845641663554,4.9568107689461645
248,0.012153178238940798,248,4994224,1,1.6992224267918756,-1.430219759479291,4.956441120941584
249,0.012248411497695233,249,5014362,1,1.7022238451979126,-1.4332152316128282,4.955859750652484
250,0.011679551919290931,250,5034500,1,1.7065212613779777,-1.4355433488052172,4.95518510958278
251,0.011107472200919677,251,5054638,1,1.7075760515160496,-1.4395673409308938,4.95471446504936
252,0.011349364681741525,252,5074776,1,1.7084738580164276,-1.443693740622973,4.954248036663616
253,0.011466011725380365,253,5094914,1,1.71357972370496,-1.4456079618823106,4.953492169991485
254,0.011673239898986831,254,5115052,1,1.7180263491433245,-1.4478722103383854,4.95276923237569
255,0.011701240813436875,255,5135190,1,1.72292904833228,-1.4498980411917117,4.95200353119991
256,0.011342240526870773,256,5155328,1,1.7269239886066328,-1.4524020811065597,4.951289538879857
257,0.011337477338965174,257,5175466,1,1.7289477068659083,-1.455944010107138,4.950705262296771
258,0.011339288132390102,258,5195604,1,1.7327825118373545,-1.4585335872424354,4.949983277847428
259,0.01183470358083999,259,5215742,1,1.7366547306867852,-1.4611040494438485,4.949247957340205
260,0.012413886434446408,260,5235880,1,1.743042371227072,-1.4623522358272187,4.948315567090194
261,0.012379224381168008,261,5256018,1,1.7497347007133137,-1.4634503339081482,4.947343876889623
262,0.012595346321476242,262,5276156,1,1.7534453796402647,-1.4661063139630262,4.946582636860848
263,0.0112138401417336,263,5296294,1,1.7583482559923307,-1.468142357945303,4.945718132587707
264,0.009947711852004548,264,5316432,1,1.7553603036995804,-1.4743103002012072,4.945456601506247
265,0.010065936225485017,265,5336570,1,1.7521668404966522,-1.4806512467431916,4.945209736447007
266,0.011457762889097944,266,5356708,1,1.756745010869282,-1.482845818402824,4.944347027822941
267,0.012502949560804721,267,5376846,1,1.7682891449238132,-1.4813383799393427,4.942908207885269
268,0.012608933691794666,268,5396984,1,1.7773570264691991,-1.4811911474753683,4.941640827431223
269,0.011740002808362793,269,5417122,1,1.781756394673252,-1.4834906559351204,4.940739134865261
270,0.010777861404467404,270,5437260,1,1.7814182916605628,-1.4882647978207002,4.940224521741104
271,0.0101258220065924,271,5457398,1,1.7802471881372934,-1.4935053472604904,4.9397758355481844
272,0.010391763471118365,272,5477536,1,1.7804494569127396,-1.4980415481044362,4.939205397245368
273,0.010348476373666371,273,5497674,1,1.785890186052988,-1.4997760910598996,4.938173518507752
274,0.01067127899065462,274,5517812,1,1.7895496206334007,-1.5024649520828475,4.937282029529021
275,0.011570657506130344,275,5537950,1,1.7952841507211075,-1.5040450492113797,4.93619175053505
276,0.012235884774893624,276,5558088,1,1.8040115899157834,-1.5040465226335062,4.934810359937581
277,0.012590229790993113,277,5578226,1,1.8112622132176082,-1.5048472708337615,4.933538361955879
278,0.011570671370149055,278,5598364,1,1.8168898468818222,-1.5065045415710534,4.932395815748707
279,0.010874982854606474,279,5618502,1,1.8157795682928901,-1.5116873418584125,4.9318760084504065
280,0.009616386659309972,280,5638640,1,1.8160109264181512,-1.5161883713880346,4.931223157316446
281,0.009899996758287788,281,5658778,1,1.8126145183003266,-1.522663340371954,4.930913844060368
282,0.011089065112113217,282,5678916,1,1.8182737654208974,-1.5242712941403842,4.929720771181775
283,0.011211764838295002,283,5699054,1,1.8289715308887007,-1.5231920968312236,4.928005918770374
284,0.010389606700884457,284,5719192,1,1.8335675171062882,-1.5253797402140599,4.926872609604841
285,0.00976890595361024,285,5739330,1,1.8329598816838084,-1.5303384649418215,4.926254338372717
286,0.009396345120061267,286,5759468,1,1.8332247237852632,-1.5348519836795629,4.925540305390759
287,0.009819436510638213,287,5779606,1,1.8348475611375892,-1.5386434207478095,4.924677254759646
288,0.011042736332185332,288,5799744,1,1.8414222953788284,-1.5397487143578898,4.9232805212235675
289,0.011280359537077567,289,5819882,1,1.8523944190766926,-1.5385114412187322,4.921384826642891
290,0.011102702128410635,290,5840020,1,1.8576251210599959,-1.5403576282999132,4.920077880488946
291,0.010825324296066419,291,5860158,1,1.8606319478320126,-1.5433834836937792,4.918996728418894
292,0.01068820578891777,292,5880296,1,1.8630758180340257,-1.546709972665772,4.917963842199698
293,0.010763389005985946,293,5900434,1,1.8662741190368377,-1.5496351350303823,4.916831535519986
294,0.010568340742852067,294,5920572,1,1.8706592150550896,-1.5519252154300425,4.915546512074073
295,0.010785016839350847,295,5940710,1,1.8735289756393747,-1.5550246046116434,4.9144186693943475
296,0.010086662688453207,296,5960848,1,1.878715841418849,-1.5568829132429933,4.913001223655815
297,0.009754331853500109,297,5980986,1,1.878668998384228,-1.5615484852202433,4.9121879672374735
298,0.00936296448218904,298,6001124,1,1.8806308489804953,-1.565142516531434,4.911123696185893
299,0.009697175325546037,299,6021262,1,1.882147813523864,-1.5689837164835128,4.910100292880323
300,0.009710172260346595,300,6041400,1,1.8882267292927288,-1.5703403943630732,4.908499288892411
301,0.010525309693080132,301,6061538,1,1.8922844440841098,-1.57279608617959,4.907125203953303
302,0.011401024024455808,302,6081676,1,1.9011084954686341,-1.5726749027505869,4.905121068653555
303,0.01187472795746597,303,6101814,1,1.909902582055485,-1.5725962678922956,4.903080399778979
304,0.011529362629841833,304,6121952,1,1.9163429748860188,-1.5737836791708024,4.901310988276489
305,0.010798746838824036,305,6142090,1,1.9185525660089944,-1.577210618264739,4.900078903491488
306,0.009427501120365278,306,6162228,1,1.918597257244477,-1.5817978513235305,4.899124208239336
307,0.009210438379686603,307,6182366,1,1.914413615795558,-1.5887045272648566,4.898736347958053
308,0.009441223811255284,308,6202504,1,1.9170032896389801,-1.591952543264493,4.897416908614472
309,0.00916491815820708,309,6222642,1,1.922484283438977,-1.5936149452118398,4.895675910652767
310,0.009138904319752728,310,6242780,1,1.9246912550602049,-1.5970697032720023,4.894369949824079
311,0.009241838250838852,311,6262918,1,1.9285159405622192,-1.5996360866288966,4.892815182399961
312,0.009687648414246464,312,6283056,1,1.933187764465501,-1.6017348272066614,4.891114187754175
313,0.010072433297456107,313,6303194,1,1.9400255979379355,-1.60264665753553,4.889066568027948
314,0.009775812176606169,314,6323332,1,1.946376602086771,-1.6038296770060794,4.887055052643278
315,0.009318414388613083,315,6343470,1,1.948577967917765,-1.6072690675520227,4.885639882336825
316,0.008586741903426454,316,6363608,1,1.9496940305850925,-1.6113066735555959,4.884372990517699
317,0.00918256871057882,317,6383746,1,1.9487731078071344,-1.6164839438306917,4.88340697651975
318,0.00995317143065888,318,6403884,1,1.9568235290356215,-1.6166971742753242,4.88102418440682
319,0.01042929948476673,319,6424022,1,1.9656968170154645,-1.6164784396024459,4.8784633093488665
320,0.010437402242183647,320,6444160,1,1.9725330779415446,-1.6173858748211571,4.876183368604567
321,0.009944817953562335,321,6464298,1,1.976594919891379,-1.6197978001543736,4.874321610069566
322,0.009656210314246128,322,6484436,1,1.9776879157183949,-1.6238213461250117,4.872928570595666
323,0.009400527578206086,323,6504574,1,1.9799234892051871,-1.6272268227311875,4.8713260111855385
324,0.010093561410343066,324,6524712,1,1.9823174029571282,-1.6305468741660598,4.869675365317675
325,0.010085794743676324,325,6544850,1,1.9906319537169872,-1.6306164843167603,4.8669745405903875
326,0.009264371023331108,326,6564988,1,1.9946014680198236,-1.6330631993178912,4.864989471114927
327,0.008305623842728704,327,6585126,1,1.993481742278443,-1.6383020316989394,4.863882971017153
328,0.008471522079397054,328,6605264,1,1.9909013395848572,-1.6443928152632559,4.8630285644833116
329,0.008466431854985967,329,6625402,1,1.9961095754104008,-1.6461385066195078,4.860755992323728
330,0.00868945531701748,330,6645540,1,2.0000883803928717,-1.6485699492459085,4.858673214757031
331,0.008411333665629961,331,6665678,1,2.0056737413145314,-1.6500987086962484,4.856258560558667
332,0.008078213421847225,332,6685816,1,2.007724764826646,-1.653602628550642,4.854474214306388
333,0.008547408087763775,333,6705954,1,2.009300779019413,-1.6573773255415558,4.85275786455648
334,0.00868559081466691,334,6726092,1,2.0167250324833703,-1.6578554258309912,4.849884110233192
335,0.009512455302466971,335,6746230,1,2.0217097610563957,-1.6597048541118609,4.847439577154802
336,0.009678136854071429,336,6766368,1,2.0312253267813336,-1.659032089680288,4.844045284184376
337,0.009521155240914903,337,6786506,1,2.036287060898036,-1.6608369554072642,4.841492596275675
338,0.010010591485309916,338,6806644,1,2.039313548881055,-1.6637627637579442,4.839320243401844
339,0.009734480027216441,339,6826782,1,2.0463657499192442,-1.6644618817077914,4.836272478491075
340,0.009604291220657757,340,6846920,1,2.048687914713747,-1.6677659446896433,4.8341782889474585
341,0.009348469977476681,341,6867058,1,2.051888756215311,-1.6705836158677119,4.831867174173604
342,0.008533913506131363,342,6887196,1,2.054269986084516,-1.6738539891010529,4.829702221990738
343,0.00867829145537119,343,6907334,1,2.0527698859798473,-1.6793030900299935,4.828364037478839
344,0.008714969219130286,344,6927472,1,2.0577995375910008,-1.6810886919740158,4.825561242280173
345,0.008529176798671878,345,6947610,1,2.062069628305119,-1.6832978274703156,4.822885350885616
346,0.00806938298881582,346,6967748,1,2.0647810141494833,-1.6863813794282259,4.820525946551811
347,0.007338763327924269,347,6987886,1,2.0654453830852293,-1.690626768387959,4.818608746604731
348,0.008155052792112427,348,7008024,1,2.0637280175884642,-1.6962563468303147,4.817226336284634
349,0.008409294304189241,349,7028162,1,2.074111809232828,-1.6949425739640964,4.8129688901769905
350,0.0080697912836879,350,7048300,1,2.0799841767064913,-1.696221170416813,4.809713336286524
351,0.007951095742300018,351,7068438,1,2.08150467222304,-1.6999671518084203,4.807466682120883
352,0.00799126470412348,352,7088576,1,2.0846224458677796,-1.7028039695963781,4.804798136134457
353,0.008221160969713814,353,7108714,1,2.088941588560795,-1.7049507184087487,4.801791601823119
354,0.008930760257164383,354,7128852,1,2.0946740118693645,-1.706288301083677,4.798380916338311
355,0.008933743337913524,355,7148990,1,2.103714378329679,-1.705761888756934,4.794062443382689
356,0.00880785029681852,356,7169128,1,2.1077515863685994,-1.7080565413431077,4.790969810048403
357,0.008986180508083974,357,7189266,1,2.110905517908042,-1.710842932717855,4.788064702520605
358,0.008850343630003532,358,7209404,1,2.116141436138217,-1.712455589969855,4.784561357881397
359,0.008798527241332899,359,7229542,1,2.119231393726213,-1.715268581808951,4.781584657082564
360,0.00891354952340423,360,7249680,1,2.122890554615689,-1.7177578855752595,4.778410122450763
361,0.00915728915477887,361,7269818,1,2.1276976444129296,-1.7195971059225532,4.774870091003427
362,0.008715955079447613,362,7289956,1,2.1333581415141327,-1.7209546142882604,4.771034267103855
363,0.00785677806871904,363,7310094,1,2.1343647625497026,-1.7249191022837989,4.768466268952976
364,0.007526681750128439,364,7330232,1,2.132068600353934,-1.730779011311605,4.766821512444995
365,0.006991387412306316,365,7350370,1,2.133476512171059,-1.7345460188860065,4.764087668435852
366,0.007233154527686525,366,7370508,1,2.133017015447564,-1.7394082824377017,4.761871624902106
367,0.006922607074256293,367,7390646,1,2.1390881147480947,-1.7404664115170188,4.7576855865369865
368,0.006907550860878631,368,7410784,1,2.140439867628192,-1.7442731609803401,4.754858934377015
369,0.007057859656779242,369,7430922,1,2.1443183403426227,-1.746600522379284,4.751225013010865
370,0.007127626440980639,370,7451060,1,2.1496333543604926,-1.7480820244947828,4.747092109707759
371,0.00713638390488025,371,7471198,1,2.154240276577019,-1.7499735038349726,4.743116271042619
372,0.00731973795718277,372,7491336,1,2.1583248739230907,-1.7521647788284134,4.7392461608911365
373,0.007872552561914381,373,7511474,1,2.1638752998815542,-1.7534972723848328,4.734845641673784
374,0.008253457882754223,374,7531612,1,2.1723145328678823,-1.753161704680652,4.729428398168656
375,0.008257183172288907,375,7551750,1,2.1792055743941035,-1.7537306304577633,4.72442743207772
376,0.008794412384833694,376,7571888,1,2.183244005152622,-1.7559268909725936,4.720302359087649
377,0.008925317062801363,377,7592026,1,2.191105346740642,-1.7559477873245937,4.714812116062255
378,0.008327431245761074,378,7612164,1,2.1960201510051167,-1.7576382847748464,4.7102453010844325
379,0.008129661700518986,379,7632302,1,2.1957898282119768,-1.762236564994346,4.707409872671041
380,0.0076785856474648195,380,7652440,1,2.1983288106708287,-1.7652662143514908,4.70356633740706
381,0.007537678567072159,381,7672578,1,2.1988491126127627,-1.7694558151426514,4.700394242875035
382,0.007674367778528812,382,7692716,1,2.201722784461966,-1.7722912153605064,4.696335497287013
383,0.008629981800708841,383,7712854,1,2.2068226191960307,-1.773833401215672,4.691405659673942
384,0.008797752580806006,384,7732992,1,2.2180047437414094,-1.771895261059358,4.684136100601949
385,0.00830038971747582,385,7753130,1,2.223188801250851,-1.7733902836220397,4.678991149414635
386,0.007981990617526413,386,7773268,1,2.223624243801303,-1.777574536521132,4.675581003145229
387,0.007131863660341686,387,7793406,1,2.225229150625932,-1.7810993301930993,4.671682174574302
388,0.006866792691740786,388,7813544,1,2.2223416791395487,-1.7872383258379487,4.669487239938003
389,0.007047781022508082,389,7833682,1,2.224024077234553,-1.790739022956211,4.6654813846230745
390,0.006981115681236549,390,7853820,1,2.2296050708018775,-1.7919458540963014,4.659871374708583
391,0.00702794044917876,391,7873958,1,2.233015628306892,-1.7944195270726042,4.655050210727921
392,0.00655524787274564,392,7894096,1,2.2374136606599118,-1.7963073205932112,4.649757852022587
393,0.00669608235839414,393,7914234,1,2.2371474641039066,-1.8009364029693684,4.6463169313648045
394,0.0068065078322858685,394,7934372,1,2.2424305176189905,-1.8022847228235188,4.640520958217879
395,0.006977420664979583,395,7954510,1,2.2474138708327973,-1.8038049662853575,4.63476259559741
396,0.007490519414854346,396,7974648,1,2.2529133747925654,-1.8050162602915112,4.6286951664129266
397,0.007588187871018004,397,7994786,1,2.261242817559143,-1.8045742044941584,4.621301311659691
398,0.007873059332996368,398,8014924,1,2.2660183648562313,-1.8062030352870377,4.61534755244685
399,0.0084617225336025,399,8035062,1,2.2722610665219216,-1.8069779607780037,4.608649296464894
400,0.008915014244086306,400,8055200,1,2.2806661755856634,-1.8065059638278242,4.600863045619504
401,0.008771288689014445,401,8075338,1,2.2878412224162665,-1.8067380689428343,4.593506005555198
402,0.007951358200081582,402,8095476,1,2.290806666612783,-1.8093638770620455,4.587988145581303
403,0.007095178040046168,403,8115614,1,2.288746154365901,-1.814881401556267,4.584761502462964
404,0.007447617328899647,404,8135752,1,2.285726612062186,-1.8209974279959278,4.581967616820412
405,0.007437425806799736,405,8155890,1,2.2926550809708304,-1.8212733292448182,4.574388541392649
406,0.007030342915242294,406,8176028,1,2.2965270454813718,-1.823323310480267,4.56817546514873
407,0.00633920290289236,407,8196166,1,2.297037047733163,-1.8273366801528768,4.563533037787304
408,0.00661519175864328,408,8216304,1,2.294665934633077,-1.8330726556892933,4.560276507208654
409,0.0069066166007186736,409,8236442,1,2.301218496606204,-1.8334652435661503,4.552512868688136
410,0.007186018906372049,410,8256580,1,2.3077960298309743,-1.8338259488335678,4.54461338711404
411,0.007175566654351817,411,8276718,1,2.31415746240394,-1.8342979933925807,4.53670082881027
412,0.006835705552491189,412,8296856,1,2.3180055588549773,-1.8362431974807523,4.529982438361348
413,0.006969739574329559,413,8316994,1,2.318981523247272,-1.8398834785793956,4.524695542121897
414,0.0067476739547632225,414,8337132,1,2.324096079509628,-1.8410320426148763,4.517132857348814
415,0.006467610246300548,415,8357270,1,2.326052478216871,-1.844053522586331,4.511175540029646
416,0.006366936549428159,416,8377408,1,2.327399110388908,-1.8474310891721437,4.505483248081731
417,0.006396234670662471,417,8397546,1,2.3303687642728477,-1.8498129184806698,4.498826770024955
418,0.006275054524425283,418,8417684,1,2.3345679934694745,-1.8514284648425408,4.491394739536924
419,0.006493558240859065,419,8437822,1,2.337323446472294,-1.853902335146685,4.484682650694611
420,0.007368788039087637,420,8457960,1,2.343314323778727,-1.8543841937185146,4.476023858903671
421,0.00807135446046442,421,8478098,1,2.3548960398679557,-1.8514715770888148,4.463968959884404
422,0.008278129246782617,422,8498236,1,2.3643243417632784,-1.8498712883325479,4.452970886158378
423,0.007764427806577712,423,8518374,1,2.369753867994903,-1.8506420597466424,4.444188144331004
424,0.007310029793579087,424,8538512,1,2.3697592473055535,-1.8546260756249335,4.438572924702593
425,0.007400493587835788,425,8558650,1,2.369994874012701,-1.8584737201278942,4.432764875041066
426,0.007482058013155712,426,8578788,1,2.374626565867383,-1.859653703431479,4.424175565568268
427,0.007369472078338379,427,8598926,1,2.3791728487012556,-1.8608634994667899,4.415522589457368
428,0.006888864932164951,428,8619064,1,2.3821352015190413,-1.8630104647747288,4.407758866350704
429,0.0067979746239365535,429,8639202,1,2.3819371460495806,-1.8670669833823244,4.401930005527721
430,0.0064371692983044015,430,8659340,1,2.3850102411723473,-1.8691144491209648,4.393927044566295
431,0.006124378984877554,431,8679478,1,2.3855929564725877,-1.8726793301873774,4.387460889441746
432,0.005991518209869928,432,8699616,1,2.3864618108025875,-1.8760628876114334,4.380742121142955
433,0.005899381341407217,433,8719754,1,2.3890095688659305,-1.8783891348703596,4.372830285170373
434,0.006203984864003476,434,8739892,1,2.391942498764679,-1.8804563960917178,4.3645647978874225
435,0.006341927646513201,435,8760030,1,2.3988311028321996,-1.8800244306992324,4.353485566192747
436,0.006258987032628005,436,8780168,1,2.404009007119991,-1.880642074268748,4.3434314453782115
437,0.006429975139734978,437,8800306,1,2.407070069005386,-1.8825596559653412,4.334728216883905
438,0.006798951054174662,438,8820444,1,2.4125363505441877,-1.8829516434288298,4.324211913873761
439,0.006906417060455972,439,8840582,1,2.4197281211231565,-1.882247931741652,4.312310693959201
440,0.006846574115819681,440,8860720,1,2.4245064668951652,-1.8830258461345082,4.301991817299166
441,0.006804266105564505,441,8880858,1,2.427818020059031,-1.8846934091954806,4.292617476776704
442,0.00680215238700721,442,8900996,1,2.4312764165864227,-1.8862485624212275,4.283022094586462
443,0.007219413150222953,443,8921134,1,2.4350839011352026,-1.887564257461111,4.273049113106198
444,0.007334458092097096,444,8941272,1,2.442468408096904,-1.8866270580230355,4.260233609643417
445,0.007489940485968127,445,8961410,1,2.447230004136435,-1.8873021928260432,4.249252496528069
446,0.007750827024108786,446,8981548,1,2.452295465872607,-1.8877659889937513,4.237895170427422
447,0.007554556396297818,447,9001686,1,2.458147977577971,-1.8877197690075938,4.225772668436038
448,0.007385838019491775,448,9021824,1,2.4604176795313792,-1.8898725508758862,4.216338344077346
449,0.007459684937815625,449,9041962,1,2.462869785097203,-1.8918999794420106,4.2066602192433065
450,0.007573972410355123,450,9062100,1,2.4672636785598074,-1.8927113173777386,4.1953123710627995
451,0.007022174109176882,451,9082238,1,2.4719703412094063,-1.8933217487844196,4.183581548769909
452,0.00663083669407194,452,9102376,1,2.4712636397415384,-1.8973062317784266,4.176195000647687
453,0.00616184164249306,453,9122514,1,2.4716530257384712,-1.9006170363745376,4.167846648478667
454,0.006188078632074601,454,9142652,1,2.4710955454494994,-1.904540038450669,4.160231410217175
455,0.006330088351661933,455,9162790,1,2.475153787314766,-1.905525430407831,4.148643420772643
456,0.006378751319656928,456,9182928,1,2.4803068478469843,-1.90580726802933,4.135992249071432
457,0.006420656729891394,457,9203066,1,2.484567116492833,-1.9066519443718732,4.123973531817863
458,0.006213073081374532,458,9223204,1,2.4887619604849083,-1.9075325170247694,4.111885189051607
459,0.0063172828865760144,459,9243342,1,2.4906203772374664,-1.9098940023721922,4.10173441201893
460,0.006662804939751743,460,9263480,1,2.4954149765809572,-1.9103802743122245,4.088878264810388
461,0.006714004646841021,461,9283618,1,2.5023789657076034,-1.909486031311194,4.073933185851745
462,0.006553861303688735,462,9303756,1,2.5066408175964927,-1.910301816001334,4.061269393928626
463,0.006386824435414662,463,9323894,1,2.509021061218212,-1.9123031586685864,4.050201957778344
464,0.0061107723032213235,464,9344032,1,2.511304874139296,-1.9143630122789657,4.039126259606853
465,0.006062076496834656,465,9364170,1,2.5125062459179643,-1.9171121653600376,4.028964232493044
466,0.006056257282399113,466,9384308,1,2.5158485351916298,-1.9184907560886728,4.016709447770937
467,0.006436692894375096,467,9404446,1,2.5196077225255857,-1.919596780281866,4.003945424737659
468,0.006465741686156767,468,9424584,1,2.5270187725987383,-1.9183652725496154,3.9875639619681222
469,0.006278042576730425,469,9444722,1,2.5310999670722403,-1.9192542744154393,3.9742177879052307
470,0.0065594400568889655,470,9464860,1,2.533179909307412,-1.9214124004165327,3.962695311014521
471,0.006763945415678263,471,9484998,1,2.5395811352495623,-1.920812604551695,3.9468349552032675
472,0.006709704049615461,472,9505136,1,2.545206858318618,-1.9207055041176653,3.9315789507430763
473,0.006489359706274345,473,9525274,1,2.5485502934783186,-1.9220393784175875,3.9184517205216296
474,0.0061765774469775825,474,9545412,1,2.5504046512800937,-1.9243140301000219,3.90671058887155
475,0.005611683704490944,475,9565550,1,2.551321966449922,-1.9271876081394437,3.895831667717299
476,0.005515271422643242,476,9585688,1,2.549514801276016,-1.931826136620677,3.8876668829447043
477,0.005315989273920463,477,9605826,1,2.552325916334543,-1.933490771670536,3.8747098128275255
478,0.005125450745213533,478,9625964,1,2.5539986949777296,-1.935892357877983,3.8628314426661206
479,0.005200335003376633,479,9646102,1,2.555693437378919,-1.9382803846847623,3.850844180151445
480,0.005527186682230956,480,9666240,1,2.5603753394845836,-1.9387108146847352,3.835618047907521
481,0.005651687907923808,481,9686378,1,2.5677735891852507,-1.9373684537953242,3.8173695386411284
482,0.005999033438986112,482,9706516,1,2.5729084543499945,-1.937498475274428,3.8013695448783373
483,0.0059673777040082365,483,9726654,1,2.580227008779072,-1.936217491458998,3.78287342561572
484,0.0064655049886278015,484,9746792,1,2.58374951296897,-1.937379590059206,3.768330059436927
485,0.00659780640422436,485,9766930,1,2.5922644500868017,-1.9353369767748925,3.748209125817196
486,0.0064941646831821465,486,9787068,1,2.597277866776433,-1.9355358285181996,3.7317581756997757
487,0.006226671995394117,487,9807206,1,2.600184778280243,-1.9370706065810834,3.717509919342845
488,0.005899664954239103,488,9827344,1,2.601564275862576,-1.9395787377980542,3.704864658945543
489,0.00565885219910689,489,9847482,1,2.602255004125992,-1.9425351166942821,3.692911266893811
490,0.005775490782141013,490,9867620,1,2.6036646680670614,-1.9450343566021375,3.680072455490973
491,0.005664713309798619,491,9887758,1,2.6086887590809678,-1.9451888992684694,3.663037881745654
492,0.005289898888917011,492,9907896,1,2.6113994697104115,-1.9468379334365176,3.648519995871074
493,0.005034117594446719,493,9928034,1,2.6112598969234733,-1.9503448328131152,3.6371863380837275
494,0.00506693801977437,494,9948172,1,2.6122232650912687,-1.9531424609085153,3.624515015849486
495,0.005474370766402337,495,9968310,1,2.6164421419675317,-1.953796628833612,3.607973931593418
496,0.006000609641324928,496,9988448,1,2.6247693309757656,-1.951753011779786,3.58649833429835
497,0.006234927669336865,497,10008586,1,2.6339324178934396,-1.949189241669087,3.5638675920672336
498,0.006182358871762383,498,10028724,1,2.6399913043821805,-1.9486457628752287,3.5447367034945136
499,0.005821223445383383,499,10048862,1,2.6433370195189387,-1.9498451367478578,3.528700164215198
500,0.00555996911013773,500,10069000,1,2.643687771137753,-1.9529772896211832,3.5161483602165786
501,0.00547697681259518,501,10089138,1,2.6448697454139385,-1.9555794507123967,3.502532916667695
502,0.005648395582889654,502,10109276,1,2.6478410066117286,-1.9570150464946767,3.4866786577586373
503,0.005733076272450066,503,10129414,1,2.653463858157682,-1.9567140578874964,3.467504541395228
504,0.005677404617839721,504,10149552,1,2.6581645324126577,-1.9570113073588358,3.449332420133887
505,0.005351022798535665,505,10169690,1,2.6614417938510053,-1.9582307657812479,3.432795209191646
506,0.005378486210313893,506,10189828,1,2.6618670083722495,-1.9613134012332392,3.4196818001042715
507,0.005664620276168708,507,10209966,1,2.666005598311498,-1.961961257147559,3.401904448572779
508,0.005667750155943729,508,10230104,1,2.6728364737625943,-1.9608421200233568,3.380673665834956
509,0.005437383174888122,509,10250242,1,2.676710403199736,-1.9616534191058141,3.3630096931091296
510,0.005219589967481841,510,10270380,5,2.6781638277840183,-1.9640444394746555,3.3482878635616253
511,0.0052452323465452255,511,10290518,,2.6781638277840183,-1.9640444394746555,3.3482878635616253
512,0.005521602199204945,512,10310656,,2.6781638277840183,-1.9640444394746555,3.3482878635616253
513,0.005726482550617806,513,10330794,,2.6781638277840183,-1.9640444394746555,3.3482878635616253
514,0.005482556004848815,514,10350932,,2.6781638277840183,-1.9640444394746555,3.3482878635616253
515,0.005120517868740904,515,10371070,5,2.697860582211455,-1.9677905130229703,3.257738652906659
516,0.005173497687736617,516,10391208,,2.697860582211455,-1.9677905130229703,3.257738652906659
517,0.005314992366580007,517,10411346,,2.697860582211455,-1.9677905130229703,3.257738652906659
518,0.00535721775375031,518,10431484,,2.697860582211455,-1.9677905130229703,3.257738652906659
519,0.005465181542435582,519,10451622,,2.697860582211455,-1.9677905130229703,3.257738652906659
520,0.005582938584631547,520,10471760,5,2.7169047982147343,-1.9718437154660697,3.165854849994954
521,0.00539809272423919,521,10491898,,2.7169047982147343,-1.9718437154660697,3.165854849994954
522,0.005042670000801774,522,10512036,,2.7169047982147343,-1.9718437154660697,3.165854849994954
523,0.004711380103257501,523,10532174,,2.7169047982147343,-1.9718437154660697,3.165854849994954
524,0.004665008439653007,524,10552312,,2.7169047982147343,-1.9718437154660697,3.165854849994954
525,0.004884783394455139,525,10572450,5,2.7271080312322793,-1.9816594501688014,3.0837089286242687
526,0.0051134003537226524,526,10592588,,2.7271080312322793,-1.9816594501688014,3.0837089286242687
527,0.005064243932479173,527,10612726,,2.7271080312322793,-1.9816594501688014,3.0837089286242687
528,0.005326201361633531,528,10632864,,2.7271080312322793,-1.9816594501688014,3.0837089286242687
529,0.005546254434422859,529,10653002,,2.7271080312322793,-1.9816594501688014,3.0837089286242687
530,0.005553666946943925,530,10673140,5,2.756209276274579,-1.9787874677261905,2.9749194017987115
531,0.005117714912687976,531,10693278,,2.756209276274579,-1.9787874677261905,2.9749194017987115
532,0.0049089980119632615,532,10713416,,2.756209276274579,-1.9787874677261905,2.9749194017987115
533,0.005309855835069488,533,10733554,,2.756209276274579,-1.9787874677261905,2.9749194017987115
534,0.005469945314307334,534,10753692,,2.756209276274579,-1.9787874677261905,2.9749194017987115
535,0.005442867693920772,535,10773830,5,2.774660082800467,-1.9828718211646463,2.8787796009047737
536,0.005489707491810603,536,10793968,,2.774660082800467,-1.9828718211646463,2.8787796009047737
537,0.0054534378950173434,537,10814106,,2.774660082800467,-1.9828718211646463,2.8787796009047737
538,0.005330308068617229,538,10834244,,2.774660082800467,-1.9828718211646463,2.8787796009047737
539,0.004995261848083743,539,10854382,,2.774660082800467,-1.9828718211646463,2.8787796009047737
540,0.004858907436807169,540,10874520,5,2.788772288394689,-1.9897294763834936,2.7873604525770634
541,0.004679588864643591,541,10894658,,2.788772288394689,-1.9897294763834936,2.7873604525770634
542,0.004447862176309103,542,10914796,,2.788772288394689,-1.9897294763834936,2.7873604525770634
543,0.004454931632827452,543,10934934,,2.788772288394689,-1.9897294763834936,2.7873604525770634
544,0.004665451332406312,544,10955072,,2.788772288394689,-1.9897294763834936,2.7873604525770634
545,0.004909889546779178,545,10975210,5,2.804188606169942,-1.9956333679328007,2.6933603531118258
546,0.00500017501009159,546,10995348,,2.804188606169942,-1.9956333679328007,2.6933603531118258
547,0.004920278520860466,547,11015486,,2.804188606169942,-1.9956333679328007,2.6933603531118258
548,0.004847276800191314,548,11035624,,2.804188606169942,-1.9956333679328007,2.6933603531118258
549,0.00505812902994579,549,11055762,,2.804188606169942,-1.9956333679328007,2.6933603531118258
550,0.005133233780170332,550,11075900,5,2.8279985049890315,-1.9957728562983972,2.5874508127064244
551,0.005037069483447287,551,11096038,,2.8279985049890315,-1.9957728562983972,2.5874508127064244
552,0.004896631203930857,552,11116176,,2.8279985049890315,-1.9957728562983972,2.5874508127064244
553,0.004747891118356051,553,11136314,,2.8279985049890315,-1.9957728562983972,2.5874508127064244
554,0.004607797095047883,554,11156452,,2.8279985049890315,-1.9957728562983972,2.5874508127064244
555,0.0043870113325718,555,11176590,5,2.8420473367838652,-2.002369930306114,2.494448872404459
556,0.004255577398958654,556,11196728,,2.8420473367838652,-2.002369930306114,2.494448872404459
557,0.004343174471688638,557,11216866,,2.8420473367838652,-2.002369930306114,2.494448872404459
558,0.004683541709917305,558,11237004,,2.8420473367838652,-2.002369930306114,2.494448872404459
559,0.004866020782442193,559,11257142,,2.8420473367838652,-2.002369930306114,2.494448872404459
560,0.005002252355737702,560,11277280,5,2.864365664271489,-2.0032666678052338,2.39038781152152
561,0.005150274547689515,561,11297418,,2.864365664271489,-2.0032666678052338,2.39038781152152
562,0.005105022536265269,562,11317556,,2.864365664271489,-2.0032666678052338,2.39038781152152
563,0.004896939377184217,563,11337694,,2.864365664271489,-2.0032666678052338,2.39038781152152
564,0.004688476728980373,564,11357832,,2.864365664271489,-2.0032666678052338,2.39038781152152
565,0.004520741676235396,565,11377970,5,2.8815727249188123,-2.0075055145421454,2.29352054662566
566,0.004285690474584214,566,11398108,,2.8815727249188123,-2.0075055145421454,2.29352054662566
567,0.00417971905830955,567,11418246,,2.8815727249188123,-2.0075055145421454,2.29352054662566
568,0.00443269156498044,568,11438384,,2.8815727249188123,-2.0075055145421454,2.29352054662566
569,0.004480864537190932,569,11458522,,2.8815727249188123,-2.0075055145421454,2.29352054662566
570,0.004460758558095579,570,11478660,5,2.8983456560106036,-2.0119340804598247,2.1978340464621136
571,0.004309088078977286,571,11498798,,2.8983456560106036,-2.0119340804598247,2.1978340464621136
572,0.004282080058468418,572,11518936,,2.8983456560106036,-2.0119340804598247,2.1978340464621136
573,0.004274727001467027,573,11539074,,2.8983456560106036,-2.0119340804598247,2.1978340464621136
574,0.004367852599518995,574,11559212,,2.8983456560106036,-2.0119340804598247,2.1978340464621136
575,0.004609375730208143,575,11579350,5,2.9162239754720076,-2.015499992881018,2.101609997023385
576,0.004721585346584567,576,11599488,,2.9162239754720076,-2.015499992881018,2.101609997023385
577,0.004486022262251754,577,11619626,,2.9162239754720076,-2.015499992881018,2.101609997023385
578,0.0039842892562309,578,11639764,,2.9162239754720076,-2.015499992881018,2.101609997023385
579,0.003931253812705093,579,11659902,,2.9162239754720076,-2.015499992881018,2.101609997023385
580,0.004195990704062125,580,11680040,5,2.929738396603482,-2.021977084556663,2.0120663067694347
581,0.0043894293945123675,581,11700178,,2.929738396603482,-2.021977084556663,2.0120663067694347
582,0.004504078669793687,582,11720316,,2.929738396603482,-2.021977084556663,2.0120663067694347
583,0.004344460397360306,583,11740454,,2.929738396603482,-2.021977084556663,2.0120663067694347
584,0.0040879571867983855,584,11760592,,2.929738396603482,-2.021977084556663,2.0120663067694347
585,0.003907080850858502,585,11780730,5,2.951180265357946,-2.022854044934797,1.9139944152818562
586,0.004145917827255541,586,11800868,,2.951180265357946,-2.022854044934797,1.9139944152818562
587,0.004283494700176194,587,11821006,,2.951180265357946,-2.022854044934797,1.9139944152818562
588,0.004336380054870692,588,11841144,,2.951180265357946,-2.022854044934797,1.9139944152818562
589,0.004383982525465291,589,11861282,,2.951180265357946,-2.022854044934797,1.9139944152818562
590,0.004341587718004025,590,11881420,5,2.974280138768523,-2.0224722561347894,1.8158669438419257
591,0.004285343384067164,591,11901558,,2.974280138768523,-2.0224722561347894,1.8158669438419257
592,0.004074061220255887,592,11921696,,2.974280138768523,-2.0224722561347894,1.8158669438419257
593,0.004053455094530034,593,11941834,,2.974280138768523,-2.0224722561347894,1.8158669438419257
594,0.004269223320031323,594,11961972,,2.974280138768523,-2.0224722561347894,1.8158669438419257
595,0.004376240935257791,595,11982110,5,2.99211902355401,-2.0256097095928407,1.726123909735866
596,0.0041971260074537,596,12002248,,2.99211902355401,-2.0256097095928407,1.726123909735866
597,0.003958264433061132,597,12022386,,2.99211902355401,-2.0256097095928407,1.726123909735866
598,0.003787372135969025,598,12042524,,2.99211902355401,-2.0256097095928407,1.726123909735866
599,0.0035867994462518427,599,12062662,,2.99211902355401,-2.0256097095928407,1.726123909735866
600,0.0037434097712409353,600,12082800,5,3.002007804910356,-2.0341830954940234,1.6474765212158968
601,0.0038781853771435726,601,12102938,,3.002007804910356,-2.0341830954940234,1.6474765212158968
602,0.003891212960165813,602,12123076,,3.002007804910356,-2.0341830954940234,1.6474765212158968
603,0.003855149251444756,603,12143214,,3.002007804910356,-2.0341830954940234,1.6474765212158968
604,0.0038315837254331853,604,12163352,,3.002007804910356,-2.0341830954940234,1.6474765212158968
605,0.003923358670134991,605,12183490,5,3.0248586326580367,-2.0336032210923576,1.5564383076053294
606,0.0039933678483735635,606,12203628,,3.0248586326580367,-2.0336032210923576,1.5564383076053294
607,0.003979699208280563,607,12223766,,3.0248586326580367,-2.0336032210923576,1.5564383076053294
608,0.0037183597352175024,608,12243904,,3.0248586326580367,-2.0336032210923576,1.5564383076053294
609,0.0035534419941086193,609,12264042,,3.0248586326580367,-2.0336032210923576,1.5564383076053294
610,0.0035174796214734183,610,12284180,5,3.040121978541303,-2.03820972700579,1.4762302155104758
611,0.0035989607943719415,611,12304318,,3.040121978541303,-2.03820972700579,1.4762302155104758
612,0.003781957277513126,612,12324456,,3.040121978541303,-2.03820972700579,1.4762302155104758
613,0.00391924073718064,613,12344594,,3.040121978541303,-2.03820972700579,1.4762302155104758
614,0.0038687452076336948,614,12364732,,3.040121978541303,-2.03820972700579,1.4762302155104758
615,0.0036851974081465455,615,12384870,5,3.0639249583548946,-2.0367170279294085,1.389816274648538
616,0.0037306538899921637,616,12405008,,3.0639249583548946,-2.0367170279294085,1.389816274648538
617,0.0037921214817877025,617,12425146,,3.0639249583548946,-2.0367170279294085,1.389816274648538
618,0.0037772268043972934,618,12445284,,3.0639249583548946,-2.0367170279294085,1.389816274648538
619,0.0036560541390270873,619,12465422,,3.0639249583548946,-2.0367170279294085,1.389816274648538
620,0.003454851034937534,620,12485560,5,3.0801796259526393,-2.0403650869307506,1.313943256838475
621,0.0033199103078920267,621,12505698,,3.0801796259526393,-2.0403650869307506,1.313943256838475
622,0.0031602480655132936,622,12525836,,3.0801796259526393,-2.0403650869307506,1.313943256838475
623,0.003227775270028377,623,12545974,,3.0801796259526393,-2.0403650869307506,1.313943256838475
624,0.003326198754821208,624,12566112,,3.0801796259526393,-2.0403650869307506,1.313943256838475
625,0.00340179405620189,625,12586250,5,3.094442680815238,-2.04525962867974,1.2426860589368995
626,0.003430311031933697,626,12606388,,3.094442680815238,-2.04525962867974,1.2426860589368995
627,0.0033735341828640686,627,12626526,,3.094442680815238,-2.04525962867974,1.2426860589368995
628,0.00326654874733473,628,12646664,,3.094442680815238,-2.04525962867974,1.2426860589368995
629,0.0034545029282269657,629,12666802,,3.094442680815238,-2.04525962867974,1.2426860589368995
630,0.003601901650381323,630,12686940,5,3.1156521501924117,-2.045162054687311,1.1678682081725702
631,0.0035974789496152626,631,12707078,,3.1156521501924117,-2.045162054687311,1.1678682081725702
632,0.0034838788612804317,632,12727216,,3.1156521501924117,-2.045162054687311,1.1678682081725702
633,0.003253164302454259,633,12747354,,3.1156521501924117,-2.045162054687311,1.1678682081725702
634,0.0030781589392066544,634,12767492,,3.1156521501924117,-2.045162054687311,1.1678682081725702
635,0.0030494592908483775,635,12787630,5,3.128849520446034,-2.0505127896952215,1.1031381270164542
636,0.003046199572427466,636,12807768,,3.128849520446034,-2.0505127896952215,1.1031381270164542
637,0.0030908367888853316,637,12827906,,3.128849520446034,-2.0505127896952215,1.1031381270164542
638,0.0033422488945847317,638,12848044,,3.128849520446034,-2.0505127896952215,1.1031381270164542
639,0.00348434582301943,639,12868182,,3.128849520446034,-2.0505127896952215,1.1031381270164542
640,0.0033950457252276967,640,12888320,5,3.1544555855076517,-2.0470782420680735,1.0308954889685984
641,0.003382718830664877,641,12908458,,3.1544555855076517,-2.0470782420680735,1.0308954889685984
642,0.0032928707811605284,642,12928596,,3.1544555855076517,-2.0470782420680735,1.0308954889685984
643,0.003230872010303365,643,12948734,,3.1544555855076517,-2.0470782420680735,1.0308954889685984
644,0.003195315056961634,644,12968872,,3.1544555855076517,-2.0470782420680735,1.0308954889685984
645,0.0032875798858117977,645,12989010,5,3.1691346584941056,-2.0511123616915516,0.9707217167965598
646,0.0034274997194367884,646,13009148,,3.1691346584941056,-2.0511123616915516,0.9707217167965598
647,0.0034389507296250232,647,13029286,,3.1691346584941056,-2.0511123616915516,0.9707217167965598
648,0.003320523498052952,648,13049424,,3.1691346584941056,-2.0511123616915516,0.9707217167965598
649,0.0030799717747242994,649,13069562,,3.1691346584941056,-2.0511123616915516,0.9707217167965598
650,0.002936767306321253,650,13089700,5,3.1863822027658544,-2.0532219433482606,0.9113711683565491
651,0.0028912323919882965,651,13109838,,3.1863822027658544,-2.0532219433482606,0.9113711683565491
652,0.0031047255094955872,652,13129976,,3.1863822027658544,-2.0532219433482606,0.9113711683565491
653,0.003299888374673099,653,13150114,,3.1863822027658544,-2.0532219433482606,0.9113711683565491
654,0.0033736861492516534,654,13170252,,3.1863822027658544,-2.0532219433482606,0.9113711683565491
655,0.0033358913253863642,655,13190390,5,3.2101199720590845,-2.050692743222024,0.8503587592094202
656,0.003311669731874023,656,13210528,,3.2101199720590845,-2.050692743222024,0.8503587592094202
657,0.003210626071674272,657,13230666,,3.2101199720590845,-2.050692743222024,0.8503587592094202
658,0.003049124487233157,658,13250804,,3.2101199720590845,-2.050692743222024,0.8503587592094202
659,0.0031031921189373923,659,13270942,,3.2101199720590845,-2.050692743222024,0.8503587592094202
660,0.0031134208156232135,660,13291080,5,3.224941956490813,-2.0542113086021305,0.7985568668810437
661,0.0030816682019524366,661,13311218,,3.224941956490813,-2.0542113086021305,0.7985568668810437
662,0.0029460654114288887,662,13331356,,3.224941956490813,-2.0542113086021305,0.7985568668810437
663,0.0028555742251206717,663,13351494,,3.224941956490813,-2.0542113086021305,0.7985568668810437
664,0.002904300684278993,664,13371632,,3.224941956490813,-2.0542113086021305,0.7985568668810437
665,0.002876712613950616,665,13391770,5,3.2406530201991393,-2.056977509469192,0.7487945881180327
666,0.0026874980663999515,666,13411908,,3.2406530201991393,-2.056977509469192,0.7487945881180327
667,0.002564223249308828,667,13432046,,3.2406530201991393,-2.056977509469192,0.7487945881180327
668,0.0027048800374284143,668,13452184,,3.2406530201991393,-2.056977509469192,0.7487945881180327
669,0.0028678578125038157,669,13472322,,3.2406530201991393,-2.056977509469192,0.7487945881180327
670,0.0028525744822255894,670,13492460,5,3.2590458131290876,-2.057751168284665,0.700031985021512
671,0.002772743210700479,671,13512598,,3.2590458131290876,-2.057751168284665,0.700031985021512
672,0.0027548799025601256,672,13532736,,3.2590458131290876,-2.057751168284665,0.700031985021512
673,0.0026394380361833836,673,13552874,,3.2590458131290876,-2.057751168284665,0.700031985021512
674,0.0026414813350437716,674,13573012,,3.2590458131290876,-2.057751168284665,0.700031985021512
675,0.0025463081726188608,675,13593150,5,3.273959801372863,-2.0607988421366423,0.6559186306262763
676,0.0027466722958030543,676,13613288,,3.273959801372863,-2.0607988421366423,0.6559186306262763
677,0.0028193337140300923,677,13633426,,3.273959801372863,-2.0607988421366423,0.6559186306262763
678,0.00293301231332449,678,13653564,,3.273959801372863,-2.0607988421366423,0.6559186306262763
679,0.0030295031154783936,679,13673702,,3.273959801372863,-2.0607988421366423,0.6559186306262763
680,0.0030530130019231216,680,13693840,5,3.299694314423441,-2.0562353472309054,0.608483404808208
681,0.0029243569846207906,681,13713978,,3.299694314423441,-2.0562353472309054,0.608483404808208
682,0.0027400095442332573,682,13734116,,3.299694314423441,-2.0562353472309054,0.608483404808208
683,0.0028154997283271754,683,13754254,,3.299694314423441,-2.0562353472309054,0.608483404808208
684,0.0028163963603017317,684,13774392,,3.299694314423441,-2.0562353472309054,0.608483404808208
685,0.002851190180700458,685,13794530,5,3.315019058983723,-2.0587307382300586,0.5691822420260868
686,0.002841541676444237,686,13814668,,3.315019058983723,-2.0587307382300586,0.5691822420260868
687,0.002684921190082512,687,13834806,,3.315019058983723,-2.0587307382300586,0.5691822420260868
688,0.0027653261355199965,688,13854944,,3.315019058983723,-2.0587307382300586,0.5691822420260868
689,0.002789629170743657,689,13875082,,3.315019058983723,-2.0587307382300586,0.5691822420260868
690,0.0027880266653204644,690,13895220,5,3.333435578851243,-2.058961848798207,0.5306758868844605
691,0.002773153220834379,691,13915358,,3.333435578851243,-2.058961848798207,0.5306758868844605
692,0.0026830375360441527,692,13935496,,3.333435578851243,-2.058961848798207,0.5306758868844605
693,0.002639358062432595,693,13955634,,3.333435578851243,-2.058961848798207,0.5306758868844605
694,0.0026197599764439805,694,13975772,,3.333435578851243,-2.058961848798207,0.5306758868844605
695,0.002695017957958068,695,13995910,5,3.3492416499373623,-2.060855129205637,0.4956297147884232
696,0.0026361822669817014,696,14016048,,3.3492416499373623,-2.060855129205637,0.4956297147884232
697,0.0026172499478365197,697,14036186,,3.3492416499373623,-2.060855129205637,0.4956297147884232
698,0.0026054220561688157,698,14056324,,3.3492416499373623,-2.060855129205637,0.4956297147884232
699,0.0025605280155926446,699,14076462,,3.3492416499373623,-2.060855129205637,0.4956297147884232
700,0.0024906589156060144,700,14096600,5,3.3669627304856826,-2.0612917643908366,0.46187488721304737
701,0.0024634752647511027,701,14116738,,3.3669627304856826,-2.0612917643908366,0.46187488721304737
702,0.0024317789565835857,702,14136876,,3.3669627304856826,-2.0612917643908366,0.46187488721304737
703,0.0024228709083652378,703,14157014,,3.3669627304856826,-2.0612917643908366,0.46187488721304737
704,0.0024217836185279062,704,14177152,,3.3669627304856826,-2.0612917643908366,0.46187488721304737
705,0.00245079500409795,705,14197290,5,3.383088540878198,-2.0626881048861105,0.4308161115284519
706,0.002492210701269093,706,14217428,,3.383088540878198,-2.0626881048861105,0.4308161115284519
707,0.0026156454161735954,707,14237566,,3.383088540878198,-2.0626881048861105,0.4308161115284519
708,0.0027771733844813573,708,14257704,,3.383088540878198,-2.0626881048861105,0.4308161115284519
709,0.002841828178985595,709,14277842,,3.383088540878198,-2.0626881048861105,0.4308161115284519
710,0.002839130989615579,710,14297980,5,3.409410284659684,-2.056948917572916,0.39799930822833485
711,0.0028750348170050732,711,14318118,,3.409410284659684,-2.056948917572916,0.39799930822833485
712,0.002840427609609286,712,14338256,,3.409410284659684,-2.056948917572916,0.39799930822833485
713,0.0028210352077970846,713,14358394,,3.409410284659684,-2.056948917572916,0.39799930822833485
714,0.002769235986223695,714,14378532,,3.409410284659684,-2.056948917572916,0.39799930822833485
715,0.0027329741798737817,715,14398670,5,3.4268298984664596,-2.05719128205856,0.37044906825855106
716,0.002618015588594147,716,14418808,,3.4268298984664596,-2.05719128205856,0.37044906825855106
717,0.002480889876513459,717,14438946,,3.4268298984664596,-2.05719128205856,0.37044906825855106
718,0.0024447032796094947,718,14459084,,3.4268298984664596,-2.05719128205856,0.37044906825855106
719,0.002398429897275789,719,14479222,,3.4268298984664596,-2.05719128205856,0.37044906825855106
720,0.0023775710999628386,720,14499360,5,3.4386865679771352,-2.061138511454819,0.34639246705117754
721,0.002224135459087173,721,14519498,,3.4386865679771352,-2.061138511454819,0.34639246705117754
722,0.002216254904632786,722,14539636,,3.4386865679771352,-2.061138511454819,0.34639246705117754
723,0.002233141626675428,723,14559774,,3.4386865679771352,-2.061138511454819,0.34639246705117754
724,0.0022589166034521213,724,14579912,,3.4386865679771352,-2.061138511454819,0.34639246705117754
725,0.0022880901143828014,725,14600050,5,3.4544667153220754,-2.0622786006325877,0.3226264429850976
726,0.0023436800779892963,726,14620188,,3.4544667153220754,-2.0622786006325877,0.3226264429850976
727,0.0023626396516289727,727,14640326,,3.4544667153220754,-2.0622786006325877,0.3226264429850976
728,0.002320081861450274,728,14660464,,3.4544667153220754,-2.0622786006325877,0.3226264429850976
729,0.002270750754208739,729,14680602,,3.4544667153220754,-2.0622786006325877,0.3226264429850976
730,0.00219338909334027,730,14700740,5,3.4732293204590974,-2.0612427980052535,0.2995633148242489
731,0.0022317301957113234,731,14720878,,3.4732293204590974,-2.0612427980052535,0.2995633148242489
732,0.002239356216955146,732,14741016,,3.4732293204590974,-2.0612427980052535,0.2995633148242489
733,0.0021533648127965432,733,14761154,,3.4732293204590974,-2.0612427980052535,0.2995633148242489
734,0.002038801532809942,734,14781292,,3.4732293204590974,-2.0612427980052535,0.2995633148242489
735,0.001975970409896277,735,14801430,5,3.486743140455804,-2.0637196355845933,0.27937780484521557
736,0.001962030851460461,736,14821568,,3.486743140455804,-2.0637196355845933,0.27937780484521557
737,0.002061496565534948,737,14841706,,3.486743140455804,-2.0637196355845933,0.27937780484521557
738,0.0022201715302583303,738,14861844,,3.486743140455804,-2.0637196355845933,0.27937780484521557
739,0.0023003338671080953,739,14881982,,3.486743140455804,-2.0637196355845933,0.27937780484521557
740,0.00238425809586873,740,14902120,5,3.5106594752649682,-2.058851001000539,0.25800409975616434
741,0.0025776860690831516,741,14922258,,3.5106594752649682,-2.058851001000539,0.25800409975616434
742,0.002664784666214559,742,14942396,,3.5106594752649682,-2.058851001000539,0.25800409975616434
743,0.0026036081263958177,743,14962534,,3.5106594752649682,-2.058851001000539,0.25800409975616434
744,0.002457230919440112,744,14982672,,3.5106594752649682,-2.058851001000539,0.25800409975616434
745,0.002323955257739374,745,15002810,5,3.5319538933106838,-2.0556513111718404,0.23875467522804872
746,0.0022196313535383094,746,15022948,,3.5319538933106838,-2.0556513111718404,0.23875467522804872
747,0.0022049024154540686,747,15043086,,3.5319538933106838,-2.0556513111718404,0.23875467522804872
748,0.002193972594272675,748,15063224,,3.5319538933106838,-2.0556513111718404,0.23875467522804872
749,0.002198954737844705,749,15083362,,3.5319538933106838,-2.0556513111718404,0.23875467522804872
750,0.0023117303680070256,750,15103500,5,3.5451955774654635,-2.0579723093816242,0.22250326246716723
751,0.0024433071926476257,751,15123638,,3.5451955774654635,-2.0579723093816242,0.22250326246716723
752,0.0025105928515828935,752,15143776,,3.5451955774654635,-2.0579723093816242,0.22250326246716723
753,0.002507855300758588,753,15163914,,3.5451955774654635,-2.0579723093816242,0.22250326246716723
754,0.0024041774628454915,754,15184052,,3.5451955774654635,-2.0579723093816242,0.22250326246716723
755,0.0022720326904144272,755,15204190,5,3.567353069769899,-2.0538937466427822,0.2056134257927087
756,0.002181217268016178,756,15224328,,3.567353069769899,-2.0538937466427822,0.2056134257927087
757,0.0021802177352326924,757,15244466,,3.567353069769899,-2.0538937466427822,0.2056134257927087
758,0.0021524132668853113,758,15264604,,3.567353069769899,-2.0538937466427822,0.2056134257927087
759,0.0021173038110041675,759,15284742,,3.567353069769899,-2.0538937466427822,0.2056134257927087
760,0.002070496402178157,760,15304880,5,3.5798263867430573,-2.0565361177014605,0.19164445677816255
761,0.0019857265878951424,761,15325018,,3.5798263867430573,-2.0565361177014605,0.19164445677816255
762,0.002051368070377979,762,15345156,,3.5798263867430573,-2.0565361177014605,0.19164445677816255
763,0.0020428491979624375,763,15365294,,3.5798263867430573,-2.0565361177014605,0.19164445677816255
764,0.002024274505100121,764,15385432,,3.5798263867430573,-2.0565361177014605,0.19164445677816255
765,0.0020360615183702135,765,15405570,5,3.595911126083978,-2.0565090381084983,0.17798789135737092
766,0.0020043644627589785,766,15425708,,3.595911126083978,-2.0565090381084983,0.17798789135737092
767,0.0019262285153091585,767,15445846,,3.595911126083978,-2.0565090381084983,0.17798789135737092
768,0.0020206732571945163,768,15465984,,3.595911126083978,-2.0565090381084983,0.17798789135737092
769,0.002060867213979467,769,15486122,,3.595911126083978,-2.0565090381084983,0.17798789135737092
770,0.0020142258792551493,770,15506260,5,3.614677192977129,-2.0544404362762263,0.16485667265699
771,0.0020431340823477973,771,15526398,,3.614677192977129,-2.0544404362762263,0.16485667265699
772,0.0020754789981602406,772,15546536,,3.614677192977129,-2.0544404362762263,0.16485667265699
773,0.002196900759265541,773,15566674,,3.614677192977129,-2.0544404362762263,0.16485667265699
774,0.002258596244422484,774,15586812,,3.614677192977129,-2.0544404362762263,0.16485667265699
775,0.00225267661903783,775,15606950,5,3.6365230622291014,-2.0500177511043365,0.15222609321702985
776,0.002174225707731292,776,15627088,,3.6365230622291014,-2.0500177511043365,0.15222609321702985
777,0.0021904474985719458,777,15647226,,3.6365230622291014,-2.0500177511043365,0.15222609321702985
778,0.002266456769260905,778,15667364,,3.6365230622291014,-2.0500177511043365,0.15222609321702985
779,0.002280552708510797,779,15687502,,3.6365230622291014,-2.0500177511043365,0.15222609321702985
780,0.002193385495293465,780,15707640,5,3.654653593659871,-2.0481074529022627,0.14101019165544804
781,0.002131385479746173,781,15727778,,3.654653593659871,-2.0481074529022627,0.14101019165544804
782,0.0021255683570098327,782,15747916,,3.654653593659871,-2.0481074529022627,0.14101019165544804
783,0.0021895280393990912,783,15768054,,3.654653593659871,-2.0481074529022627,0.14101019165544804
784,0.0022154194504215297,784,15788192,,3.654653593659871,-2.0481074529022627,0.14101019165544804
785,0.0021828575842807174,785,15808330,5,3.6709736802766813,-2.047353938486461,0.13080890658732924
786,0.0020837930771911983,786,15828468,,3.6709736802766813,-2.047353938486461,0.13080890658732924
787,0.001938346448658923,787,15848606,,3.6709736802766813,-2.047353938486461,0.13080890658732924
788,0.0018350733741077097,788,15868744,,3.6709736802766813,-2.047353938486461,0.13080890658732924
789,0.0018687048780365312,789,15888882,,3.6709736802766813,-2.047353938486461,0.13080890658732924
790,0.0018817534376273093,790,15909020,5,3.6811501740624024,-2.0508148614317347,0.12200952235501639
791,0.0019084420003801505,791,15929158,,3.6811501740624024,-2.0508148614317347,0.12200952235501639
792,0.0018690254993218858,792,15949296,,3.6811501740624024,-2.0508148614317347,0.12200952235501639
793,0.0017795435452224173,793,15969434,,3.6811501740624024,-2.0508148614317347,0.12200952235501639
794,0.001744090171513557,794,15989572,,3.6811501740624024,-2.0508148614317347,0.12200952235501639
795,0.0017459170616500597,795,16009710,5,3.6955304902022585,-2.0511386748651517,0.11333949279018363
796,0.0017491697932862649,796,16029848,,3.6955304902022585,-2.0511386748651517,0.11333949279018363
797,0.0017756550733536436,797,16049986,,3.6955304902022585,-2.0511386748651517,0.11333949279018363
798,0.00180135280524929,798,16070124,,3.6955304902022585,-2.0511386748651517,0.11333949279018363
799,0.001926230049977995,799,16090262,,3.6955304902022585,-2.0511386748651517,0.11333949279018363
800,0.001964796863259455,800,16110400,5,3.716872386163646,-2.0464355504845777,0.1045899489298634
801,0.001924501259301492,801,16130538,,3.716872386163646,-2.0464355504845777,0.1045899489298634
802,0.0019574007582007225,802,16150676,,3.716872386163646,-2.0464355504845777,0.1045899489298634
803,0.002077222006144408,803,16170814,,3.716872386163646,-2.0464355504845777,0.1045899489298634
804,0.002168701281898,804,16190952,,3.716872386163646,-2.0464355504845777,0.1045899489298634
805,0.002168521958932579,805,16211090,5,3.7387953671164107,-2.0411794149281106,0.09644561282252706
806,0.0020748376502034427,806,16231228,,3.7387953671164107,-2.0411794149281106,0.09644561282252706
807,0.0018921336956441714,807,16251366,,3.7387953671164107,-2.0411794149281106,0.09644561282252706
808,0.0017633644217729394,808,16271504,,3.7387953671164107,-2.0411794149281106,0.09644561282252706
809,0.0017043506275102316,809,16291642,,3.7387953671164107,-2.0411794149281106,0.09644561282252706
810,0.001711248373230001,810,16311780,5,3.7456566513806173,-2.046474505090252,0.09017998388871762
811,0.00163792860207701,811,16331918,,3.7456566513806173,-2.046474505090252,0.09017998388871762
812,0.0016358737835266424,812,16352056,,3.7456566513806173,-2.046474505090252,0.09017998388871762
813,0.0017860955541303958,813,16372194,,3.7456566513806173,-2.046474505090252,0.09017998388871762
814,0.001984948359531835,814,16392332,,3.7456566513806173,-2.046474505090252,0.09017998388871762
815,0.0021585595081126674,815,16412470,5,3.7686397993503546,-2.0402435524489326,0.08304587111264539
816,0.002240583537501506,816,16432608,,3.7686397993503546,-2.0402435524489326,0.08304587111264539
817,0.0022178885311857632,817,16452746,,3.7686397993503546,-2.0402435524489326,0.08304587111264539
818,0.0021027185557572214,818,16472884,,3.7686397993503546,-2.0402435524489326,0.08304587111264539
819,0.0019690817260712423,819,16493022,,3.7686397993503546,-2.0402435524489326,0.08304587111264539
820,0.001927541104854158,820,16513160,5,3.784858931755576,-2.0386849140970726,0.07695275040551008
821,0.0018652299602691658,821,16533298,,3.784858931755576,-2.0386849140970726,0.07695275040551008
822,0.0018240829926908786,822,16553436,,3.784858931755576,-2.0386849140970726,0.07695275040551008
823,0.0017951573703677837,823,16573574,,3.784858931755576,-2.0386849140970726,0.07695275040551008
824,0.0017288402410782222,824,16593712,,3.784858931755576,-2.0386849140970726,0.07695275040551008
825,0.0016420311839538404,825,16613850,5,3.7960242578502106,-2.0406085720619975,0.07164224649539275
826,0.0015602495449433262,826,16633988,,3.7960242578502106,-2.0406085720619975,0.07164224649539275
827,0.0015757602898430756,827,16654126,,3.7960242578502106,-2.0406085720619975,0.07164224649539275
828,0.0016768400747007584,828,16674264,,3.7960242578502106,-2.0406085720619975,0.07164224649539275
829,0.0016939415680607972,829,16694402,,3.7960242578502106,-2.0406085720619975,0.07164224649539275
830,0.001701579219934135,830,16714540,5,3.8115109599270154,-2.0393508956786466,0.06641735016733907
831,0.0017203968212999854,831,16734678,,3.8115109599270154,-2.0393508956786466,0.06641735016733907
832,0.001693496809651196,832,16754816,,3.8115109599270154,-2.0393508956786466,0.06641735016733907
833,0.0017053674405413943,833,16774954,,3.8115109599270154,-2.0393508956786466,0.06641735016733907
834,0.001761519353118468,834,16795092,,3.8115109599270154,-2.0393508956786466,0.06641735016733907
835,0.0018022602577982272,835,16815230,5,3.8292210705966805,-2.036400315404112,0.0614338937158303
836,0.0018955327268825872,836,16835368,,3.8292210705966805,-2.036400315404112,0.0614338937158303
837,0.0018743710334195862,837,16855506,,3.8292210705966805,-2.036400315404112,0.0614338937158303
838,0.0018076003809530672,838,16875644,,3.8292210705966805,-2.036400315404112,0.0614338937158303
839,0.0017195049009992025,839,16895782,,3.8292210705966805,-2.036400315404112,0.0614338937158303
840,0.0016308929349966306,840,16915920,5,3.8442764057561636,-2.0352282698922144,0.05696349804898526
841,0.0015625924255532886,841,16936058,,3.8442764057561636,-2.0352282698922144,0.05696349804898526
842,0.0015499583668122097,842,16956196,,3.8442764057561636,-2.0352282698922144,0.05696349804898526
843,0.0016404419791245517,843,16976334,,3.8442764057561636,-2.0352282698922144,0.05696349804898526
844,0.0017032418900088109,844,16996472,,3.8442764057561636,-2.0352282698922144,0.05696349804898526
845,0.0017467856929186398,845,17016610,5,3.8597713618639915,-2.0336335447602445,0.052790000234635315
846,0.001793645106699715,846,17036748,,3.8597713618639915,-2.0336335447602445,0.052790000234635315
847,0.0018549361441640988,847,17056886,,3.8597713618639915,-2.0336335447602445,0.052790000234635315
848,0.0019242091125431515,848,17077024,,3.8597713618639915,-2.0336335447602445,0.052790000234635315
849,0.0019525196131705003,849,17097162,,3.8597713618639915,-2.0336335447602445,0.052790000234635315
850,0.0019268955958497425,850,17117300,5,3.88075315206845,-2.027994321295655,0.04865354693425328
851,0.0018480123852302466,851,17137438,,3.88075315206845,-2.027994321295655,0.04865354693425328
852,0.0018239379624180874,852,17157576,,3.88075315206845,-2.027994321295655,0.04865354693425328
853,0.0018037055027061988,853,17177714,,3.88075315206845,-2.027994321295655,0.04865354693425328
854,0.001762581505036942,854,17197852,,3.88075315206845,-2.027994321295655,0.04865354693425328
855,0.001680312400439643,855,17217990,5,3.892376286204775,-2.0289603534164224,0.04525039032609035
856,0.0016757401238017833,856,17238128,,3.892376286204775,-2.0289603534164224,0.04525039032609035
857,0.0017426612909487993,857,17258266,,3.892376286204775,-2.0289603534164224,0.04525039032609035
858,0.0017845429579057548,858,17278404,,3.892376286204775,-2.0289603534164224,0.04525039032609035
859,0.0018215683982600872,859,17298542,,3.892376286204775,-2.0289603534164224,0.04525039032609035
860,0.0017785378117667339,860,17318680,5,3.909039123425927,-2.026198604410966,0.04187210184904666
861,0.0017590576133322822,861,17338818,,3.909039123425927,-2.026198604410966,0.04187210184904666
862,0.0018249238238494114,862,17358956,,3.909039123425927,-2.026198604410966,0.04187210184904666
863,0.001840872151950057,863,17379094,,3.909039123425927,-2.026198604410966,0.04187210184904666
864,0.0017733643554952438,864,17399232,,3.909039123425927,-2.026198604410966,0.04187210184904666
865,0.0016831234458408728,865,17419370,5,3.9232942423660164,-2.0250606422856845,0.03883486406965675
866,0.0016259256220486629,866,17439508,,3.9232942423660164,-2.0250606422856845,0.03883486406965675
867,0.0016089355103376946,867,17459646,,3.9232942423660164,-2.0250606422856845,0.03883486406965675
868,0.0016563428116967982,868,17479784,,3.9232942423660164,-2.0250606422856845,0.03883486406965675
869,0.0016722883313473602,869,17499922,,3.9232942423660164,-2.0250606422856845,0.03883486406965675
870,0.001633458825227252,870,17520060,5,3.9362375577094184,-2.0247609815235412,0.03606235754850928
871,0.0015767535286620449,871,17540198,,3.9362375577094184,-2.0247609815235412,0.03606235754850928
872,0.0015420707170091807,872,17560336,,3.9362375577094184,-2.0247609815235412,0.03606235754850928
873,0.0015018781316041285,873,17580474,,3.9362375577094184,-2.0247609815235412,0.03606235754850928
874,0.0014751661091605972,874,17600612,,3.9362375577094184,-2.0247609815235412,0.03606235754850928
875,0.0014626740931993898,875,17620750,5,3.9466138955604833,-2.026194266027337,0.033573112618840106
876,0.0015355641135137987,876,17640888,,3.9466138955604833,-2.026194266027337,0.033573112618840106
877,0.0016525121550686195,877,17661026,,3.9466138955604833,-2.026194266027337,0.033573112618840106
878,0.001723580754154519,878,17681164,,3.9466138955604833,-2.026194266027337,0.033573112618840106
879,0.0017205864641818835,879,17701302,,3.9466138955604833,-2.026194266027337,0.033573112618840106
880,0.001695974935844058,880,17721440,5,3.9671270655825768,-2.0202480684837414,0.030931244427419013
881,0.0016947109102651847,881,17741578,,3.9671270655825768,-2.0202480684837414,0.030931244427419013
882,0.0017023949713086406,882,17761716,,3.9671270655825768,-2.0202480684837414,0.030931244427419013
883,0.001674498629181953,883,17781854,,3.9671270655825768,-2.0202480684837414,0.030931244427419013
884,0.001616878096482477,884,17801992,,3.9671270655825768,-2.0202480684837414,0.030931244427419013
885,0.001624362287874992,885,17822130,5,3.97957799645861,-2.0199938886541307,0.02873008210920558
886,0.0016376122950425565,886,17842268,,3.97957799645861,-2.0199938886541307,0.02873008210920558
887,0.0015972358906980455,887,17862406,,3.97957799645861,-2.0199938886541307,0.02873008210920558
888,0.0016006676747771786,888,17882544,,3.97957799645861,-2.0199938886541307,0.02873008210920558
889,0.0016060325505168338,889,17902682,,3.97957799645861,-2.0199938886541307,0.02873008210920558
890,0.0016226876612041585,890,17922820,5,3.993910747979868,-2.0182811987667324,0.026631676057701004
891,0.0016236891371169127,891,17942958,,3.993910747979868,-2.0182811987667324,0.026631676057701004
892,0.0016639236786842315,892,17963096,,3.993910747979868,-2.0182811987667324,0.026631676057701004
893,0.0016504432411087455,893,17983234,,3.993910747979868,-2.0182811987667324,0.026631676057701004
894,0.0016212061424087376,894,18003372,,3.993910747979868,-2.0182811987667324,0.026631676057701004
895,0.0015915918832712372,895,18023510,5,4.008675485556351,-2.0161552033044075,0.024673008796508356
896,0.0015914680420364147,896,18043648,,4.008675485556351,-2.0161552033044075,0.024673008796508356
897,0.0015880294488041513,897,18063786,,4.008675485556351,-2.0161552033044075,0.024673008796508356
898,0.0015556628084711366,898,18083924,,4.008675485556351,-2.0161552033044075,0.024673008796508356
899,0.0015019141240769085,899,18104062,,4.008675485556351,-2.0161552033044075,0.024673008796508356
900,0.0014723223907446847,900,18124200,5,4.020272605072861,-2.0162120660002647,0.022932314036300916
901,0.0014669129916872192,901,18144338,,4.020272605072861,-2.0162120660002647,0.022932314036300916
902,0.0014495874666934916,902,18164476,,4.020272605072861,-2.0162120660002647,0.022932314036300916
903,0.0014521411155118957,903,18184614,,4.020272605072861,-2.0162120660002647,0.022932314036300916
904,0.0014631209722175131,904,18204752,,4.020272605072861,-2.0162120660002647,0.022932314036300916
905,0.001486056229388688,905,18224890,5,4.033526091565376,-2.014975231820653,0.021275781799650062
906,0.001519693734776284,906,18245028,,4.033526091565376,-2.014975231820653,0.021275781799650062
907,0.001478151250269344,907,18265166,,4.033526091565376,-2.014975231820653,0.021275781799650062
908,0.0013549639365529331,908,18285304,,4.033526091565376,-2.014975231820653,0.021275781799650062
909,0.0012280984924983307,909,18305442,,4.033526091565376,-2.014975231820653,0.021275781799650062
910,0.0011959103121633174,910,18325580,5,4.04150846105718,-2.0174092898849425,0.01984896801194802
911,0.00121328336112414,911,18345718,,4.04150846105718,-2.0174092898849425,0.01984896801194802
912,0.0012827260471411916,912,18365856,,4.04150846105718,-2.0174092898849425,0.01984896801194802
913,0.0012917438317692764,913,18385994,,4.04150846105718,-2.0174092898849425,0.01984896801194802
914,0.001288061157937892,914,18406132,,4.04150846105718,-2.0174092898849425,0.01984896801194802
915,0.001277146940467655,915,18426270,5,4.057084976905283,-2.014317871578543,0.01836659514692407
916,0.0013941839169727688,916,18446408,,4.057084976905283,-2.014317871578543,0.01836659514692407
917,0.001481485238743696,917,18466546,,4.057084976905283,-2.014317871578543,0.01836659514692407
918,0.0015044995509944648,918,18486684,,4.057084976905283,-2.014317871578543,0.01836659514692407
919,0.0015031064417707074,919,18506822,,4.057084976905283,-2.014317871578543,0.01836659514692407
920,0.0015124720531741187,920,18526960,5,4.076096108621506,-2.008655202218269,0.016929737364451913
921,0.0015062611397056447,921,18547098,,4.076096108621506,-2.008655202218269,0.016929737364451913
922,0.0015677351962928854,922,18567236,,4.076096108621506,-2.008655202218269,0.016929737364451913
923,0.001592584416088061,923,18587374,,4.076096108621506,-2.008655202218269,0.016929737364451913
924,0.0016205007711155295,924,18607512,,4.076096108621506,-2.008655202218269,0.016929737364451913
925,0.0016937065335061452,925,18627650,5,4.092202998707629,-2.0049665563101002,0.01565218249132405
926,0.0017004738607145908,926,18647788,,4.092202998707629,-2.0049665563101002,0.01565218249132405
927,0.0016401718850278524,927,18667926,,4.092202998707629,-2.0049665563101002,0.01565218249132405
928,0.0015464731108535967,928,18688064,,4.092202998707629,-2.0049665563101002,0.01565218249132405
929,0.0014303817817690745,929,18708202,,4.092202998707629,-2.0049665563101002,0.01565218249132405
930,0.0014404363519655017,930,18728340,5,4.101490277970516,-2.006112681769949,0.014577701436802037
931,0.0015559752190528742,931,18748478,,4.101490277970516,-2.006112681769949,0.014577701436802037
932,0.0016065043561606096,932,18768616,,4.101490277970516,-2.006112681769949,0.014577701436802037
933,0.0015822944804737005,933,18788754,,4.101490277970516,-2.006112681769949,0.014577701436802037
934,0.0014974336308662406,934,18808892,,4.101490277970516,-2.006112681769949,0.014577701436802037
935,0.0014434406020859547,935,18829030,5,4.116316273179322,-2.003165677370932,0.013493635115538805
936,0.0013926183334316278,936,18849168,,4.116316273179322,-2.003165677370932,0.013493635115538805
937,0.0013437356829916758,937,18869306,,4.116316273179322,-2.003165677370932,0.013493635115538805
938,0.0012491529633367748,938,18889444,,4.116316273179322,-2.003165677370932,0.013493635115538805
939,0.0011458160401798811,939,18909582,,4.116316273179322,-2.003165677370932,0.013493635115538805
940,0.001179209871648157,940,18929720,5,4.120772529435424,-2.007556888820199,0.01263410582964708
941,0.0012077967085740715,941,18949858,,4.120772529435424,-2.007556888820199,0.01263410582964708
942,0.0011875355747161809,942,18969996,,4.120772529435424,-2.007556888820199,0.01263410582964708
943,0.0011624388566516264,943,18990134,,4.120772529435424,-2.007556888820199,0.01263410582964708
944,0.0011643265877162023,944,19010272,,4.120772529435424,-2.007556888820199,0.01263410582964708
945,0.0011363138023161579,945,19030410,5,4.134401654711468,-2.0052912675019354,0.011708342248680115
946,0.0011855673357248353,946,19050548,,4.134401654711468,-2.0052912675019354,0.011708342248680115
947,0.0011741303454300134,947,19070686,,4.134401654711468,-2.0052912675019354,0.011708342248680115
948,0.0012105861580642974,948,19090824,,4.134401654711468,-2.0052912675019354,0.011708342248680115
949,0.0012347328682736358,949,19110962,,4.134401654711468,-2.0052912675019354,0.011708342248680115
950,0.0012371910615619486,950,19131100,5,4.149239328813361,-2.002059768069113,0.010834505916387016
951,0.0012122083599195865,951,19151238,,4.149239328813361,-2.002059768069113,0.010834505916387016
952,0.0012414074254872842,952,19171376,,4.149239328813361,-2.002059768069113,0.010834505916387016
953,0.00133502779078698,953,19191514,,4.149239328813361,-2.002059768069113,0.010834505916387016
954,0.0014154501579285994,954,19211652,,4.149239328813361,-2.002059768069113,0.010834505916387016
955,0.0014633352942300393,955,19231790,5,4.166351850208088,-1.9970948549592307,0.009998643982446875
956,0.0015260367118924423,956,19251928,,4.166351850208088,-1.9970948549592307,0.009998643982446875
957,0.0015739560275989106,957,19272066,,4.166351850208088,-1.9970948549592307,0.009998643982446875
958,0.001584461778912305,958,19292204,,4.166351850208088,-1.9970948549592307,0.009998643982446875
959,0.0015510509846565212,959,19312342,,4.166351850208088,-1.9970948549592307,0.009998643982446875
960,0.0015068971390477803,960,19332480,5,4.181820093803993,-1.9931863735793816,0.00924332584078913
961,0.0014490036440842902,961,19352618,,4.181820093803993,-1.9931863735793816,0.00924332584078913
962,0.0013980670933203543,962,19372756,,4.181820093803993,-1.9931863735793816,0.00924332584078913
963,0.001322403641505543,963,19392894,,4.181820093803993,-1.9931863735793816,0.00924332584078913
964,0.001256309891519647,964,19413032,,4.181820093803993,-1.9931863735793816,0.00924332584078913
965,0.0012593683395130673,965,19433170,5,4.187748967094065,-1.9959661449718813,0.008639403098925857
966,0.0012983384677460186,966,19453308,,4.187748967094065,-1.9959661449718813,0.008639403098925857
967,0.0013302277386849082,967,19473446,,4.187748967094065,-1.9959661449718813,0.008639403098925857
968,0.001354961543880373,968,19493584,,4.187748967094065,-1.9959661449718813,0.008639403098925857
969,0.0013568635655756278,969,19513722,,4.187748967094065,-1.9959661449718813,0.008639403098925857
970,0.00131462789290554,970,19533860,5,4.202475158349088,-1.9923902474312467,0.007992182518069324
971,0.0012549599199369044,971,19553998,,4.202475158349088,-1.9923902474312467,0.007992182518069324
972,0.0012558959088934674,972,19574136,,4.202475158349088,-1.9923902474312467,0.007992182518069324
973,0.0012722303125775047,973,19594274,,4.202475158349088,-1.9923902474312467,0.007992182518069324
974,0.0012393058950520563,974,19614412,,4.202475158349088,-1.9923902474312467,0.007992182518069324
975,0.001253558318740966,975,19634550,5,4.211931446759108,-1.9924153266950988,0.007438967588754064
976,0.0012742820202996108,976,19654688,,4.211931446759108,-1.9924153266950988,0.007438967588754064
977,0.0012648541517620848,977,19674826,,4.211931446759108,-1.9924153266950988,0.007438967588754064
978,0.0012312414293156881,978,19694964,,4.211931446759108,-1.9924153266950988,0.007438967588754064
979,0.0011601169130365796,979,19715102,,4.211931446759108,-1.9924153266950988,0.007438967588754064
980,0.0010884281022128794,980,19735240,5,4.2220400037982175,-1.9918573031672082,0.006918491969550189
981,0.0010351375293643494,981,19755378,,4.2220400037982175,-1.9918573031672082,0.006918491969550189
982,0.0010593074057270169,982,19775516,,4.2220400037982175,-1.9918573031672082,0.006918491969550189
983,0.0010520889469234351,983,19795654,,4.2220400037982175,-1.9918573031672082,0.006918491969550189
984,0.0010485174399684771,984,19815792,,4.2220400037982175,-1.9918573031672082,0.006918491969550189
985,0.0010858723315664287,985,19835930,5,4.23100302521247,-1.9919616668058835,0.006443177182454907
986,0.0011324463359502213,986,19856068,,4.23100302521247,-1.9919616668058835,0.006443177182454907
987,0.001220671148534025,987,19876206,,4.23100302521247,-1.9919616668058835,0.006443177182454907
988,0.0013014630090881218,988,19896344,,4.23100302521247,-1.9919616668058835,0.006443177182454907
989,0.0013488387733338048,989,19916482,,4.23100302521247,-1.9919616668058835,0.006443177182454907
990,0.00133150574954638,990,19936620,5,4.250277419502186,-1.9848820044833473,0.005924883598128261
991,0.0013417990530647517,991,19956758,,4.250277419502186,-1.9848820044833473,0.005924883598128261
992,0.0013159601479547645,992,19976896,,4.250277419502186,-1.9848820044833473,0.005924883598128261
993,0.0012889749033361264,993,19997034,,4.250277419502186,-1.9848820044833473,0.005924883598128261
994,0.0013194400405791562,994,20017172,,4.250277419502186,-1.9848820044833473,0.005924883598128261
995,0.0013458521571286242,995,20037310,5,4.261287050721878,-1.9834058740401455,0.00550291880635978
996,0.0013726193951090204,996,20057448,,4.261287050721878,-1.9834058740401455,0.00550291880635978
997,0.0013527921581682478,997,20077586,,4.261287050721878,-1.9834058740401455,0.00550291880635978
998,0.0013655782078539347,998,20097724,,4.261287050721878,-1.9834058740401455,0.00550291880635978
999,0.0013960887406362366,999,20117862,,4.261287050721878,-1.9834058740401455,0.00550291880635978
1000,0.0014017252571681404,1000,20138000,5,4.274429537648122,-1.9803607976972857,0.005097017438055129
