step,KuhnPoker/conv,KuhnPoker/iters,KuhnPoker/nodes_touched,KuhnPoker/tau,KuhnPoker/alpha,KuhnPoker/beta,KuhnPoker/gamma
0,0.45833333333333326,0,0,,,,
1,0.45833333333333326,1,116,1,1.0224879191439482,-0.8825253571253122,4.9972556300742
2,0.2512649837354157,2,232,1,1.0255333535840228,-0.8838958880641179,4.997224649023956
3,0.1332673425268438,3,348,1,1.0023759783150674,-0.888788141677312,4.997385855908725
4,0.1539032819590464,4,464,1,0.9781375760729989,-0.8949406414492791,4.997547917406614
5,0.08610680554584602,5,580,1,0.9872473067629381,-0.8951970970681253,4.997476972529659
6,0.11671491705202708,6,696,1,0.9654827177179479,-0.901764085684589,4.997618487514195
7,0.02996478489496998,7,812,1,0.981343583362325,-0.9004074934838491,4.9975021803679684
8,0.04404979637722259,8,928,1,0.9271593001338081,-0.9166456496752409,4.997852329700777
9,0.013693778146146945,9,1044,1,0.9460344924475248,-0.9134008454434241,4.997724497080133
10,0.03301950144396612,10,1160,1,0.9003617925492611,-0.9307501477552163,4.997998032062338
11,0.038917851962618405,11,1276,1,0.9397724862342671,-0.9199863982111365,4.997750055425409
12,0.039608691738600044,12,1392,1,0.9495167091794865,-0.9194491262275029,4.997678526804284
13,0.020881496740236732,13,1508,1,0.9531499324263959,-0.9207609063456903,4.997646432938217
14,0.024787204705515153,14,1624,1,0.9292606236331071,-0.9308538628054022,4.997793988322509
15,0.020844432236876126,15,1740,1,0.9392971779191561,-0.9300094165669321,4.997721949651178
16,0.01358402027152042,16,1856,1,0.9349161876905796,-0.9340375176514393,4.9977421649537455
17,0.023778193394738245,17,1972,1,0.9198352523293638,-0.9420972029088923,4.997828684901314
18,0.015120238005460862,18,2088,1,0.9462014131075915,-0.9353177695818924,4.997652087858849
19,0.012800026555168292,19,2204,1,0.9300468462866052,-0.9436636724288372,4.997748559895676
20,0.01599330445224123,20,2320,1,0.925906333840768,-0.947914951690509,4.997766271061086
21,0.011346786995864055,21,2436,1,0.9381587499117152,-0.9460299922584523,4.997679477688951
22,0.016456119342940084,22,2552,1,0.9265605528444141,-0.9531384095242652,4.997745082338003
23,0.01079440453403352,23,2668,1,0.9451386558479595,-0.9488379625300833,4.997616008275899
24,0.015337936830553345,24,2784,1,0.9301928015830612,-0.9572753587802743,4.9977045157410585
25,0.006403804552125109,25,2900,1,0.9479518271344247,-0.9532251813157848,4.997579128648576
26,0.009209033839044534,26,3016,1,0.9138834708102739,-0.9694259822512377,4.997788397933237
27,0.010956787737665813,27,3132,1,0.9321008844571601,-0.9649609666493009,4.997665066553061
28,0.008073728239740924,28,3248,1,0.9423618213745224,-0.9637361688229893,4.997588592106354
29,0.010859265217998404,29,3364,1,0.932282373345763,-0.9706091070508058,4.997645161396968
30,0.0038490518514120164,30,3480,1,0.9477827992998331,-0.9672671171913849,4.997533049145295
31,0.007884828931503579,31,3596,1,0.9066535954402237,-0.9872384649350743,4.997786183268605
32,0.006749265695492224,32,3712,1,0.9399428271575152,-0.9761925382502492,4.997565916870439
33,0.005473857953677386,33,3828,1,0.9362087892179121,-0.9806690336750365,4.9975806143987
34,0.007535388115091607,34,3944,1,0.9301713022530465,-0.9861800146818038,4.997609951738618
35,0.0008488496946741086,35,4060,1,0.9467171972027313,-0.9822160525964496,4.997490046694177
36,0.006618969554980619,36,4176,1,0.8576471275558719,-1.0259984288851767,4.998017737348145
37,0.0038153607960375313,37,4292,1,0.9469862354434435,-0.9880652993958252,4.997467249160137
38,0.006948592258839759,38,4408,1,0.9263118989611161,-1.0000467647066373,4.99759369566409
39,0.005554629718149545,39,4524,1,0.9549136160082072,-0.9907319402149164,4.997390926788165
40,0.0072281238534237235,40,4640,1,0.9482073216313736,-0.9966457597255463,4.9974264363946235
41,0.007703421085097861,41,4756,1,0.9624807173608971,-0.9935710670424496,4.997315061927072
42,0.005810536484954304,42,4872,1,0.9681771160356003,-0.9941836395642918,4.997262441735453
43,0.009111516843508666,43,4988,1,0.9589331357494824,-1.0012275134254325,4.997317531064853
44,0.004054407521283665,44,5104,1,0.9813726423715137,-0.9946573623910406,4.997140694770394
45,0.005249234477233244,45,5220,1,0.9492408693756684,-1.011714038411886,4.997362280089934
46,0.007015783031289885,46,5336,1,0.9633614296910156,-1.0086128976337836,4.997250280638843
47,0.005264430697024675,47,5452,1,0.9789243288695035,-1.0049237851310588,4.997122777122968
48,0.006013722689137441,48,5568,1,0.969390524044472,-1.0122225536128724,4.997181659581224
49,0.005592569312011908,49,5684,1,0.9781518567402316,-1.0115041893911707,4.997103521889633
50,0.001806913225696316,50,5800,1,0.9779546503873591,-1.014734304577951,4.997092205840836
51,0.005966332967340643,51,5916,1,0.9317576094500213,-1.0389358176313321,4.99740818964329
52,0.0037169486516827055,52,6032,1,0.9867416675972609,-1.0171645806149714,4.9969983827115865
53,0.004089108058646818,53,6148,1,0.9689938025147251,-1.0282778824521834,4.997120073944991
54,0.005678131092913735,54,6264,1,0.9761389281820585,-1.028267504501603,4.997052992841127
55,0.0018949093554469776,55,6380,1,0.9935439024800976,-1.0236733910037215,4.99690375521056
56,0.003884361880436199,56,6496,1,0.9483712367673305,-1.0475620393870333,4.997228713426814
57,0.004343223708861921,57,6612,1,0.98281303281611,-1.0349287440135602,4.99696003653988
58,0.0036189353474695984,58,6728,1,0.9907247567277466,-1.034582681957611,4.996883500601093
59,0.004093835208516,59,6844,1,0.9856639604908657,-1.0401363433053339,4.99690889752085
60,0.0036991508806784867,60,6960,1,0.9941092286262865,-1.0395466652394085,4.9968269581252525
61,0.001367261208410242,61,7076,1,0.9926224714395526,-1.0434964214154672,4.996823869271941
62,0.004209660977613439,62,7192,1,0.9516717344515695,-1.0661107433476456,4.997120066616478
63,0.0026209344540202018,63,7308,1,1.0043780992127147,-1.0446776059348064,4.996696927473596
64,0.00281249860308988,64,7424,1,0.9863328305528007,-1.0563350578373885,4.996827829316793
65,0.003991740720715953,65,7540,1,0.9924654531123847,-1.0568083845290555,4.996762946315173
66,0.0012286002256633455,66,7656,1,1.0110849620172186,-1.0514953974267158,4.9965922652722465
67,0.0029993891040674403,67,7772,1,0.9616775397565589,-1.0783449277564046,4.996970016877185
68,0.0029379110366992978,68,7888,1,1.0043713913149817,-1.0612898731349107,4.99661583029607
69,0.0026691261507026665,69,8004,1,1.0064690995524004,-1.0636711948228517,4.9965812571637045
70,0.0030841378800221253,70,8120,1,1.0051980202225135,-1.0676498040875897,4.996574851944498
71,0.002463995833281718,71,8236,1,1.0147114832867574,-1.0665502238768347,4.99647601205503
72,0.0013200273151310893,72,8352,1,1.0076653337917252,-1.0732833883202142,4.996518936786259
73,0.0030808412928770013,73,8468,1,0.9826962170311915,-1.088823071789358,4.996707258885724
74,0.0020842329682786154,74,8584,1,1.0238030073682678,-1.0724491663480593,4.99634178258699
75,0.0020606620380729523,75,8700,1,1.0092302628683414,-1.0828436584270373,4.996451179991289
76,0.00293132887393599,76,8816,1,1.0117532264500226,-1.085089504118938,4.996410731478636
77,0.0008881674160295949,77,8932,1,1.0307349092567932,-1.0794315491450732,4.996222304193877
78,0.0025006428545966963,78,9048,1,0.9799075233013204,-1.107948905879158,4.996638968746954
79,0.0022280463127273276,79,9164,1,1.0296645211297868,-1.0868609392624007,4.996192940723404
80,0.002114795914775369,80,9280,1,1.027490441835145,-1.0913982617272142,4.996192883928097
81,0.002525314569606002,81,9396,1,1.028184439486068,-1.0945644408849318,4.996166321455856
82,0.0015724433532860183,82,9512,1,1.0393304830373828,-1.0926538989598846,4.996041863124123
83,0.0013187183994926854,83,9628,1,1.0208268655696096,-1.1052530382234635,4.996192125582228
84,0.002264287995841552,84,9744,1,1.0158691985060702,-1.1112991327769555,4.996215749373065
85,0.0017441784349995215,85,9860,1,1.04360526991877,-1.1011329155678768,4.995937182246184
86,0.001609420744880491,86,9976,1,1.034754532953799,-1.109054370210577,4.995999730080802
87,0.0022067219887768608,87,10092,1,1.0341527280262783,-1.112940524428203,4.995983393848126
88,0.0005440052121362671,88,10208,1,1.0517112055767828,-1.107814654541034,4.995791172219452
89,0.002059284715655696,89,10324,1,0.9908059070111663,-1.1426937022419725,4.996327004864524
90,0.0016505815491289766,90,10440,1,1.0547418559690165,-1.1134812346511103,4.995714703677974
91,0.001649515320817585,91,10556,1,1.0476622114500644,-1.1206295023014397,4.995761568820322
92,0.0021067418309202446,92,10672,1,1.0507330363892378,-1.1227204697209345,4.995707305138159
93,0.0011618626313122382,93,10788,1,1.065137861898045,-1.1191329016113094,4.995536468368759
94,0.001273089329353716,94,10904,1,1.0407641346945877,-1.1351247646304201,4.995757078306111
95,0.001867614560669334,95,11020,1,1.048082281312477,-1.1350715471418082,4.995660302678919
96,0.001489327263698409,96,11136,1,1.0689405546320478,-1.1281511276591139,4.995421127208548
97,0.0014605859242349528,97,11252,1,1.0615689381601543,-1.1355725113070227,4.995472420875082
98,0.0017999177111147346,98,11368,1,1.063787126356492,-1.1381428008776622,4.995423223316406
99,0.0003899518591142792,99,11484,1,1.076633431957272,-1.135292576061344,4.995259824241434
100,0.0017666200816003896,100,11600,1,1.008905072280575,-1.1750044223772818,4.995907638904624
101,0.001115691496721527,101,11716,1,1.08205565818128,-1.1399414633099765,4.995145710433265
102,0.001365494342179835,102,11832,1,1.0637543075223572,-1.1531405896528735,4.99531551322238
103,0.0017961971696605072,103,11948,1,1.076322431055396,-1.1503741552545323,4.995152479841462
104,0.0009516001314079092,104,12064,1,1.0923058431303665,-1.1458811960870594,4.994944993087188
105,0.0010889889071062642,105,12180,1,1.0657115938474235,-1.1635267471811868,4.99520977803198
106,0.0015888276108545762,106,12296,1,1.0751651333717671,-1.1623613992676023,4.995078208806713
107,0.0012735468637074532,107,12412,1,1.0960556245516198,-1.1552390294175225,4.994812221846725
108,0.0012660851889262914,108,12528,1,1.0888239375727125,-1.1628208763941545,4.994864971258
109,0.0015219337508209085,109,12644,1,1.091713199752771,-1.165129407238655,4.994800821491243
110,0.00025324927124131813,110,12760,1,1.1035635713858638,-1.162735120271894,4.994630101842513
111,0.001435277145164171,111,12876,1,1.022596479153943,-1.211244617068588,4.995473470985466
112,0.0009495381011649373,112,12992,1,1.1071675520112918,-1.168510459025938,4.994521886861337
113,0.0012146855080837626,113,13108,1,1.090814067327881,-1.18109141573707,4.9946830772970445
114,0.0014583462880089493,114,13224,1,1.1056474042767217,-1.1770509887977378,4.994473612667175
115,0.0008936521589502366,115,13340,1,1.1175127870997767,-1.1746277791953643,4.994293164549402
116,0.0007742236273649283,116,13456,1,1.0974652205733506,-1.1892833743180478,4.994503774144612
117,0.0013302970331340036,117,13572,1,1.0938352434749274,-1.1952214064474802,4.994512302070057
118,0.0010457294567241537,118,13688,1,1.1227678411972954,-1.1835158966762551,4.994120476749913
119,0.0009515208255446161,119,13804,1,1.1145106006638008,-1.191898716108632,4.994188916298228
120,0.0013682092799084111,120,13920,1,1.1132129305546468,-1.1965717477439628,4.994168594699177
121,0.0005527893072185541,121,14036,1,1.1337677924125762,-1.1894015658134558,4.993865793425028
122,0.0010963065354880341,122,14152,1,1.093690972064512,-1.2154193693272335,4.994334159054944
123,0.0011519484394374169,123,14268,1,1.1296195231517412,-1.1995815288685439,4.993843787136441
124,0.0010462106010872274,124,14384,1,1.1352188778602494,-1.2005213550834049,4.993729963020543
125,0.0010425098167960167,125,14500,1,1.1338309729897342,-1.2052864186343213,4.993708717117203
126,0.0010667972429353467,126,14616,1,1.1368928239426987,-1.2076274284832669,4.993626977332335
127,0.000413678574180093,127,14732,1,1.141236975053894,-1.2092690781963025,4.993526540232296
128,0.0011360280197144634,128,14848,1,1.0989265191970266,-1.2371881624495211,4.994037484011448
129,0.0009690278813560271,129,14964,1,1.150757425206494,-1.212106863202336,4.993309223297372
130,0.000949451768423426,130,15080,1,1.1463368160046876,-1.2186179412360165,4.993328395693624
131,0.001149079278334103,131,15196,1,1.1486006325329292,-1.2214421591809776,4.99325274353648
132,0.0007540588040516327,132,15312,1,1.1610861501055936,-1.2185814646380744,4.993028166533325
133,0.0005699104193558346,133,15428,1,1.14395669964268,-1.232286760626453,4.9932291572912035
134,0.001071163822423643,134,15544,1,1.1336454024970783,-1.2423323735434546,4.993327390307472
135,0.000834079578559993,135,15660,1,1.1674938545112612,-1.2273016848929972,4.992794377943952
136,0.000855336145716451,136,15776,1,1.15861542091129,-1.2364427241330256,4.992879104975065
137,0.001149222333522576,137,15892,1,1.1631068898829653,-1.2380600506692412,4.992764463426588
138,0.0004907565046326501,138,16008,1,1.1807636906894734,-1.2322432798926077,4.992444943772491
139,0.0007479276705341931,139,16124,1,1.142598454792453,-1.2583057732742091,4.9929667640337065
140,0.0009743633957362829,140,16240,1,1.1663928331938112,-1.2487648934510551,4.992566512892594
141,0.0008374724559146451,141,16356,1,1.1825908260621656,-1.2437073371540832,4.992263430985287
142,0.0008833407992861475,142,16472,1,1.1784838394440798,-1.250264152392983,4.9922762206881455
143,0.0010734203953124966,143,16588,1,1.1843876116087468,-1.2511003196043367,4.992129267417276
144,0.0003223859869875556,144,16704,1,1.1972409941085398,-1.2479608091904093,4.99186495322709
145,0.0008108364769866261,145,16820,1,1.1415931666360224,-1.2849623071979606,4.992676098406154
146,0.000848837607017261,146,16936,1,1.1900948617524476,-1.260560501215826,4.991872338889024
147,0.0008030253103371299,147,17052,1,1.1956548218030365,-1.2616102805552232,4.991723640631343
148,0.000738554129587371,148,17168,1,1.196239045888925,-1.2655615022807163,4.991656410366645
149,0.000976512053358386,149,17284,1,1.195432184163717,-1.270348342991547,4.991611750962463
150,0.0003199048979560526,150,17400,1,1.212522165324129,-1.2646702327886008,4.9912581739931685
151,0.0008187396742111719,151,17516,1,1.1608011899484363,-1.2999611557076536,4.9920541096400015
152,0.0007941917817866351,152,17632,1,1.2104848726633068,-1.2745046739396118,4.991171954469149
153,0.0007594697140470008,153,17748,1,1.212312096682505,-1.2777815156730266,4.991077301424999
154,0.0006984734032915996,154,17864,1,1.2134340315629613,-1.281489988562238,4.990994057691973
155,0.0009044603045112176,155,17980,1,1.2126216650449606,-1.2863699187012343,4.990944451807271
156,0.00024832514993494703,156,18096,1,1.2287820113242967,-1.2811476012856193,4.990583433954164
157,0.0008101409991232156,157,18212,1,1.1679860477393107,-1.3227884691525078,4.991574064028704
158,0.0006935086438521199,158,18328,1,1.2300182277864626,-1.2892123454944646,4.990425600049834
159,0.0007239014279448175,159,18444,1,1.2256390694117725,-1.2962847429325917,4.99043930418483
160,0.0007055586974407391,160,18560,1,1.2311281675224703,-1.2974305474775785,4.990266066791095
161,0.0008723443492300309,161,18676,1,1.2332071495178023,-1.3006445207462995,4.990155527211096
162,0.0002572636351761415,162,18792,1,1.2471588996284655,-1.296680523993366,4.989810103696296
163,0.0007726902995621454,163,18908,1,1.1895630753836084,-1.336935384702268,4.990810477937519
164,0.0007003233921567542,164,19024,1,1.247847437340492,-1.3052248358310576,4.989647859343689
165,0.0006938461917128103,165,19140,1,1.2463027767233816,-1.3106853516124595,4.989603189397782
166,0.0007214358214116534,166,19256,1,1.2492136555921913,-1.313435992898087,4.989467526501826
167,0.0008631709550060707,167,19372,1,1.254548722068319,-1.314702232710637,4.989280040882948
168,0.0002458085479162264,168,19488,1,1.266936765995125,-1.311644162718592,4.988939714767877
169,0.0006899661442235083,169,19604,1,1.207252978941802,-1.3538018442228568,4.990049045125919
170,0.0007297513921227794,170,19720,1,1.2624736704249655,-1.3235086279387078,4.988871517317158
171,0.0006482859909505978,171,19836,1,1.2686897972461155,-1.3242411894809032,4.9886543850576635
172,0.0005559203571168791,172,19952,1,1.2661280356945548,-1.3304369517982737,4.98862518758953
173,0.0008454431471735802,173,20068,1,1.2617776109044936,-1.3377982227490373,4.988633389234888
174,0.00033004733198940817,174,20184,1,1.28634059770226,-1.3270800920673707,4.988001064506646
175,0.0005691680754456863,175,20300,1,1.2422403624138856,-1.3596702712875284,4.988871749604761
176,0.0007545804748002594,176,20416,1,1.273168072829973,-1.344601761949857,4.988119096983354
177,0.0005853117919288053,177,20532,1,1.2908484350336589,-1.3381229102022316,4.9876229452883045
178,0.0005787428059491895,178,20648,1,1.281405152005271,-1.3487526981623765,4.98774839426779
179,0.0008016064245356391,179,20764,1,1.2842501691378791,-1.3516452516308473,4.987588303372311
180,0.00047632673843311935,180,20880,1,1.3042244166564851,-1.343706621135047,4.987016813575948
181,0.00040525637968147343,181,20996,1,1.2812056358645336,-1.3630679453009995,4.987466286680387
182,0.0007615022776277514,182,21112,1,1.2764127774890626,-1.3709540406832441,4.9874790670691596
183,0.0005088700528591561,183,21228,1,1.311943569200757,-1.3528877424418695,4.9865236406275795
184,0.0005925134936568821,184,21344,1,1.2948383013700198,-1.3685750203727174,4.986842352957206
185,0.000717629427823635,185,21460,1,1.3060241053662642,-1.3661205645811232,4.986462610322356
186,0.000627720650794833,186,21576,1,1.3192705547349062,-1.3623950335571453,4.986020055846538
187,0.00028824800251006644,187,21692,1,1.315868393752975,-1.369323610256198,4.985998378572136
188,0.0007148870443801081,188,21808,1,1.279558715452825,-1.3980453839142115,4.986789132354113
189,0.000520214426960014,189,21924,1,1.3294711772333925,-1.3701467499964233,4.985419598887546
190,0.0005847674213868836,190,22040,1,1.3166168144032322,-1.3832657817792504,4.9856443114345055
191,0.0005900289214380017,191,22156,1,1.3260734198715654,-1.3819250332590618,4.985279044884624
192,0.000732346269173928,192,22272,1,1.3300022451571194,-1.3841998985928918,4.985055774166037
193,0.00022347381514770115,193,22388,1,1.3446416324030612,-1.3795664512835,4.984533904854666
194,0.0005537473726005271,194,22504,1,1.2870858472248432,-1.4228238414199392,4.9859343054249265
195,0.0006742597376243331,195,22620,1,1.3371556624633663,-1.3940909177848115,4.984494763026181
196,0.0005227529191711988,196,22736,1,1.3508344457214598,-1.390033023222594,4.983982784828976
197,0.0005194067188581397,197,22852,1,1.3411431127537508,-1.4012492659859466,4.9841299452049945
198,0.0007095545558192806,198,22968,1,1.344295542311094,-1.4040765107727085,4.983910693204821
199,0.0004974255996348376,199,23084,1,1.3640030947075075,-1.3960594856828283,4.983203370509478
200,0.00026815476658240134,200,23200,1,1.349034839016231,-1.4107952250975107,4.983508366690822
201,0.0006807086661806405,201,23316,1,1.320613050377141,-1.4351632056246804,4.984184221811146
202,0.0004703697763757675,202,23432,1,1.3723825448888134,-1.405244107559691,4.982533584790272
203,0.0005413214426526758,203,23548,1,1.356620107321367,-1.4206251796116938,4.982869439539463
204,0.000505339593013715,204,23664,1,1.3674402335093576,-1.418361009511617,4.982397133427547
205,0.0006649193388736929,205,23780,1,1.3673641159591512,-1.4233919728600188,4.982253254901055
206,0.00020922912407941863,206,23896,1,1.3852624522587254,-1.4164791804698742,4.981540971620204
207,0.0005098780484824594,207,24012,1,1.3285980777982267,-1.460410254592249,4.983125155824654
208,0.0006266540666053366,208,24128,1,1.37838667346544,-1.4310050747598695,4.98145307883186
209,0.00047169378022057784,209,24244,1,1.3927570956459434,-1.4264084055781,4.980829120352484
210,0.0004912313017687298,210,24360,1,1.3813598237334581,-1.439071357467934,4.98104221049167
211,0.0006363988828991529,211,24476,1,1.3870197168042082,-1.4402880932966287,4.980695142431019
212,0.0005193594904487897,212,24592,1,1.4042180563584825,-1.4337757255850665,4.979952099245703
213,0.00025668001667086826,213,24708,1,1.3970291704816429,-1.4436280642553163,4.980027450233982
214,0.0006138639877092955,214,24824,1,1.3636698301419619,-1.4720157371325067,4.980969221871238
215,0.0004897166655848662,215,24940,1,1.4129842362770686,-1.4429928468255884,4.979129226451064
216,0.0004966666364080718,216,25056,1,1.4045723825782046,-1.4537507108919807,4.979246661784121
217,0.0004531605122868321,217,25172,1,1.4088726511152698,-1.455922051250106,4.978915777624868
218,0.0006518180384837424,218,25288,1,1.4075777074457938,-1.4619369118678174,4.978779614418095
219,0.0003593453958042059,219,25404,1,1.430471687874386,-1.4514867595331602,4.9777616283415895
220,0.0003339760078585885,220,25520,1,1.4024328777287465,-1.4758826850232234,4.978593482773261
221,0.0006274872423004674,221,25636,1,1.402125150161058,-1.4813236425625531,4.978417219492172
222,0.0004060613707359828,222,25752,1,1.439195530339638,-1.4608630133721896,4.976846005280157
223,0.0004875411472214375,223,25868,1,1.4195707658948105,-1.4794963652790973,4.977389032457893
224,0.00047362217085239466,224,25984,1,1.4328748208386035,-1.4754518840929745,4.976683065541525
225,0.0006110387654101324,225,26100,1,1.4349147165541274,-1.4792174345264018,4.9763990778585185
226,0.0002502012390604158,226,26216,1,1.4521584914912715,-1.472560035091986,4.975508773275129
227,0.0004238664235750589,227,26332,1,1.4082735870691656,-1.5085422738656038,4.9770187457444175
228,0.0005959523089986984,228,26448,1,1.4397661400856594,-1.4914274452249037,4.97557625076664
229,0.00039652752718200013,229,26564,1,1.4616466141692672,-1.4815256338544989,4.974464455242435
230,0.0004667678694064148,230,26680,1,1.4434058362210207,-1.499315846549041,4.974994314572409
231,0.0005031007749088934,231,26796,1,1.455740170493465,-1.495927739632646,4.974259904012177
232,0.0005590059868721409,232,26912,1,1.463386586985051,-1.495830433076775,4.97370743973807
233,0.00021468190618953442,233,27028,1,1.4726951956955832,-1.4946074871175548,4.973071950431906
234,0.0004617906744261713,234,27144,1,1.4252569183220611,-1.5334961095175033,4.974857517180734
235,0.0005564680971636704,235,27260,1,1.469659535009632,-1.507080314895819,4.972726265677595
236,0.00040082160759605245,236,27376,1,1.483368331157716,-1.5028155628248034,4.971869461291509
237,0.0004405428184006688,237,27492,1,1.4693127878632124,-1.5177749681206336,4.972254666678771
238,0.0005135038955665638,238,27608,1,1.4780379763422526,-1.5169030724992019,4.971610960895562
239,0.0005218671213192971,239,27724,1,1.4899700839097474,-1.5138450417401388,4.97080427593739
240,0.00018907166151979626,240,27840,1,1.4945045503100285,-1.5159216738914072,4.970329599945915
241,0.00046778102914629693,241,27956,1,1.4437842634070344,-1.5574908577746953,4.972418255872989
242,0.0005314749937758434,242,28072,1,1.4958995069445928,-1.5253814160129109,4.969729752348085
243,0.00039430944243282195,243,28188,1,1.5065008550946657,-1.5232742105489168,4.96893943838686
244,0.00042428365561750225,244,28304,1,1.4939864671233936,-1.537204773608261,4.9692790230724855
245,0.0005043446583259115,245,28420,1,1.5016206439714277,-1.5371096655063532,4.968624300416817
246,0.0005084976983529554,246,28536,1,1.5146911657202617,-1.5332678568839593,4.967679998447718
247,0.00019169116370260086,247,28652,1,1.518826798813634,-1.5356353399909994,4.967176022228589
248,0.0004502234926246351,248,28768,1,1.4699602765754862,-1.5759250800181488,4.969362000977199
249,0.0005255274911200314,249,28884,1,1.5195807758381163,-1.5455809341959488,4.96654281212574
250,0.00037762663865065216,250,29000,1,1.531721004347666,-1.5424167906489759,4.965591038591558
251,0.0004167102632418318,251,29116,1,1.5174123084307936,-1.5576341080125913,4.966052667249988
252,0.0004710435588513029,252,29232,1,1.5264668027779567,-1.556551179750617,4.965254500972376
253,0.00051416760737788,253,29348,1,1.536863922893046,-1.5545663443531577,4.964364685694499
254,0.00018379946390778557,254,29464,1,1.5453789268187497,-1.5539209802751242,4.963561470370794
255,0.00040448324956379733,255,29580,1,1.4933918755915894,-1.5964963485063368,4.966119683812575
256,0.0005281692408880545,256,29696,1,1.53969208300726,-1.5683894373039422,4.9632251496648685
257,0.00034664949611712403,257,29812,1,1.5580411738104063,-1.560904439693933,4.9618182546477225
258,0.00041298622074328883,258,29928,1,1.5387225200667796,-1.5796740486730565,4.962610313205097
259,0.00040690211389685094,259,30044,1,1.5520109476305592,-1.5756065029654767,4.961482244496368
260,0.0005230440736619935,260,30160,1,1.5549342030748314,-1.5788449139166207,4.960954947157179
261,0.00023793756522427767,261,30276,1,1.5724798113842304,-1.5719222792041547,4.959518090283156
262,0.0003269163449787227,262,30392,1,1.5331956696816424,-1.6050898036421315,4.961560488903288
263,0.0005224710138233279,263,30508,1,1.5541881228127916,-1.595313927587728,4.959922102774421
264,0.000305977054342349,264,30624,1,1.5836942585137188,-1.5799373482142607,4.957677681041379
265,0.0004035342483200699,265,30740,1,1.55806551973206,-1.6032365829686168,4.958939490318234
266,0.0003208486131036914,266,30856,1,1.5769794506316832,-1.5951529908982205,4.957339721900076
267,0.0005187497749811198,267,30972,1,1.5681638135881542,-1.6067183755000691,4.957526881047544
268,0.00031793571338162296,268,31088,1,1.598388899368251,-1.5908219477637027,4.955111087224044
269,0.0002147766369443027,269,31204,1,1.575188601256047,-1.6124039590360624,4.956273583417773
270,0.0004934973245086516,270,31320,1,1.5575690533029243,-1.6305758751566204,4.957050397137069
271,0.00038648274943323124,271,31436,1,1.6069790316036197,-1.6006778939905082,4.953256717217502
272,0.00037956582585263465,272,31552,1,1.597247190948512,-1.6127648612082544,4.953516266627114
273,0.0003500970324261943,273,31668,1,1.6000384904808627,-1.616118982996778,4.9528882331430015
274,0.0004824781381688459,274,31784,1,1.599372809486977,-1.6219229657209258,4.952500911598911
275,0.0004100268228335868,275,31900,1,1.620918949403154,-1.6121216817343464,4.950477324137397
276,0.00018715196642951626,276,32016,1,1.6156957982256253,-1.6210598996858396,4.950410148126309
277,0.00042483051271227645,277,32132,1,1.5764709855988464,-1.6547869402883064,4.952841453806112
278,0.0004589088448822831,278,32248,1,1.625279981345087,-1.6249646049660356,4.948754117263649
279,0.00033486365909751736,279,32364,1,1.6333854610045808,-1.6246080166385126,4.947647279509299
280,0.0003727149658893092,280,32480,1,1.6197289214399775,-1.639551021926612,4.94823066619225
281,0.00039404115624977476,281,32596,1,1.6294715498102328,-1.6379852587000145,4.946980536106238
282,0.0004739060003455253,282,32712,1,1.6363823961312756,-1.6384423127936176,4.945931688400162
283,0.00021266457635255032,283,32828,1,1.6504916285832287,-1.6338829522740062,4.944270718322986
284,0.0002976206316708252,284,32944,1,1.6100182284657416,-1.6682199546104244,4.947051941377665
285,0.00048168680725621527,285,33060,1,1.6323206844689477,-1.657406753721059,4.944739878908612
286,0.0003022946790820491,286,33176,1,1.6629299895787824,-1.6411180946871107,4.941631589387429
287,0.0003686763531323134,287,33292,1,1.640848518972148,-1.662053275678625,4.942981123528249
288,0.0003109957086966375,288,33408,1,1.6557061341224675,-1.6568225702546973,4.941164976882101
289,0.00047350568545539984,289,33524,1,1.650103525398715,-1.6661807637162562,4.941103674545303
290,0.0003616533226510621,290,33640,1,1.6773941722754333,-1.6522442936526405,4.9381116304452055
291,0.00018669954003666667,291,33756,1,1.666194481829152,-1.6654395174442067,4.938549690131785
292,0.0004206189248412151,292,33872,1,1.6335032583185767,-1.6946244399306023,4.940901854510251
293,0.0004297789476568059,293,33988,1,1.6823592876830848,-1.6647082449178847,4.935885885347355
294,0.0003222099562741332,294,34104,1,1.6874389483932837,-1.6664667285347283,4.934800127046053
295,0.00035377788539034394,295,34220,1,1.6752202968631176,-1.6804753639387044,4.935350949780032
296,0.00036862934153766846,296,34336,1,1.6843044139704708,-1.6793633615762484,4.933867717996407
297,0.0004545167204899614,297,34452,1,1.6904812036318753,-1.680333535937888,4.93263889055086
298,0.00021524838259676105,298,34568,1,1.7061137057466795,-1.6746582678899662,4.930440616861478
299,0.0002580071255279537,299,34684,1,1.6683250793614395,-1.7071738589212564,4.93354466991974
300,0.0004552930888945539,300,34800,1,1.6822431129428976,-1.7024277317432086,4.931534465254247
301,0.0003232677740683809,301,34916,1,1.7178995413113214,-1.6823545950809657,4.927217214044495
302,0.0003447969861655187,302,35032,1,1.7025840226531532,-1.6985474218218237,4.928134454073561
303,0.00031351472603569075,303,35148,1,1.7100895947844728,-1.6985561784210235,4.926659744047624
304,0.0004283529181110801,304,35264,1,1.7086668462043826,-1.7049536058114323,4.926113861332856
305,0.0003875201028213371,305,35380,1,1.7300955401448181,-1.695080939867804,4.923075039182104
306,0.0001776611383207949,306,35496,1,1.7283696513427798,-1.7016357854318283,4.92253430003467
307,0.00034837344819529936,307,35612,1,1.688734568243799,-1.7358506512296257,4.926141543383504
308,0.00043573216377421065,308,35728,1,1.7302131887196548,-1.711037810343708,4.92083975479202
309,0.00027040492182284215,309,35844,1,1.746744182016189,-1.7046756879771667,4.91817521339001
310,0.0003427478784562843,310,35960,1,1.7238339829389924,-1.7264035640077344,4.920051150613008
311,0.0002674960878907007,311,36076,1,1.7410618592028066,-1.7193927867441958,4.917273313463838
312,0.0004378993229987027,312,36192,1,1.7310616672227566,-1.7319800639013048,4.917663050969886
313,0.0003098914594072688,313,36308,1,1.7627602362592614,-1.7147007362878428,4.91304251048609
314,0.00017401357022273078,314,36424,1,1.7471749724959815,-1.7311338124524172,4.9141244212932085
315,0.0003935663137987211,315,36540,1,1.7187901967177988,-1.7573380838968173,4.916742171280111
316,0.000393632147796974,316,36656,1,1.76854351688313,-1.726604206679181,4.90977737755683
317,0.00029324856384654874,317,36772,1,1.7724988097558436,-1.7291381725685608,4.908399597192143
318,0.00032891335797557986,318,36888,1,1.7598086321403827,-1.7435680301881928,4.909156660606275
319,0.00031638203029832335,319,37004,1,1.7702290648443035,-1.741452118699883,4.906921754557279
320,0.0004243942575879178,320,37120,1,1.771980678700344,-1.745561184155644,4.905790702998055
321,0.00024341534707045254,321,37236,1,1.7925795880465465,-1.7362442590929195,4.902093651867229
322,0.0001977833283443864,322,37352,1,1.76508669675083,-1.761328885634263,4.904887236767531
323,0.0004069931094631829,323,37468,1,1.7573646130796985,-1.7724275741067927,4.905007117528357
324,0.00035130290661183894,324,37584,1,1.8020816420781973,-1.7454800491797196,4.897878230491995
325,0.00030249733923351507,325,37700,1,1.7976821839685577,-1.7539339753855216,4.897517271143872
326,0.0003127525316647395,326,37816,1,1.7931619584689082,-1.7625268553251283,4.8971723233909
327,0.00034509171641888825,327,37932,1,1.7990113405198391,-1.7636780780426007,4.895322883276462
328,0.00040556932242288846,328,38048,1,1.8085592685335516,-1.7621802200543435,4.892892523591467
329,0.00019777510802682086,329,38164,1,1.8217185335930317,-1.7581405008709674,4.889861565054373
330,0.0002219755166283366,330,38280,1,1.7849927469843374,-1.7900757994456296,4.894323028615524
331,0.0004073626981479783,331,38396,1,1.7954525896917528,-1.787786885813968,4.89172220248584
332,0.0003206244566817673,332,38512,1,1.8338824040982642,-1.7654292199124255,4.8846915511511675
333,0.00030302367293053023,333,38628,1,1.8242068747274136,-1.7776446286965406,4.8851064597619445
334,0.0002996477065424219,334,38744,1,1.824963213562396,-1.7824384883830142,4.88386202741536
335,0.0003519754722019208,335,38860,1,1.8282926422200507,-1.7853785127570045,4.882186214045037
336,0.0003901610539460698,336,38976,1,1.8414271042759225,-1.781271653863755,4.87886589738998
337,0.0001752775234199755,337,39092,1,1.8512816660078641,-1.7795479085242936,4.876017973966356
338,0.0002316198879689091,338,39208,1,1.8098253614080444,-1.8150748433352504,4.881742467380501
339,0.00040032605458972803,339,39324,1,1.8295360926532818,-1.8059046521106454,4.87728630024861
340,0.00030563210476769465,340,39440,1,1.864678387750137,-1.7858776135448557,4.86997890401173
341,0.00029765294435174505,341,39556,1,1.8532304589949888,-1.7993661235797123,4.870731948588086
342,0.00029163788144653813,342,39672,1,1.8556931858409187,-1.802907283488306,4.869020540295848
343,0.0003432991215925052,343,39788,1,1.8585002289301649,-1.8061975416751292,4.867223598845776
344,0.0003807242169471259,344,39904,1,1.8717845805630162,-1.8019332685901255,4.863472664914582
345,0.00018129481620188237,345,40020,1,1.881684916913739,-1.8001337451101755,4.860266439933905
346,0.0002203105871511346,346,40136,1,1.8434077156282254,-1.8333529736314649,4.866042939788221
347,0.0003886638798216435,347,40252,1,1.858418802624497,-1.8276125886731163,4.861918906236728
348,0.0003056693586586112,348,40368,1,1.894802203456627,-1.8065660055611212,4.8535179547925935
349,0.0002874928000596022,349,40484,1,1.8850181301369426,-1.8188581340642112,4.854005229548545
350,0.0002883442882339604,350,40600,1,1.8854885716070222,-1.823812861441611,4.85246605960285
351,0.0003217592062792207,351,40716,1,1.8896311183681158,-1.8261047179213494,4.850170116120013
352,0.00037641764936841016,352,40832,1,1.8998790323702908,-1.823976512164877,4.846585836139523
353,0.00019235574503748132,353,40948,1,1.9128572809807243,-1.8199164934807353,4.842348330645188
354,0.00019115737085867446,354,41064,1,1.8784857217148332,-1.8502676316305209,4.847966692661277
355,0.0003721170698193499,355,41180,1,1.8820985756589859,-1.8529369517634704,4.84570447563015
356,0.00031731752899002985,356,41296,1,1.9241340029406242,-1.8275588211395561,4.835143193515205
357,0.0002723443507028078,357,41412,1,1.9189642611028572,-1.836519975644383,4.8346449434788585
358,0.00029000283881303046,358,41528,1,1.9141860884380393,-1.8452556425102462,4.834058899975715
359,0.00028724174631050703,359,41644,1,1.9217572408825718,-1.845015523602687,4.830705955900422
360,0.0003737760609086316,360,41760,1,1.9251846153117125,-1.8477864296558957,4.828236744389232
361,0.00022485461727991818,361,41876,1,1.944286294706085,-1.839231538259407,4.822077155591469
362,0.00015385505327056292,362,41992,1,1.9191310048363122,-1.8627818993482204,4.8261954929736675
363,0.0003482572987622279,363,42108,1,1.901519495035585,-1.881258578192257,4.828536926849411
364,0.00033518697968390465,364,42224,1,1.9521517719947676,-1.8492138656203232,4.814781405405702
365,0.00025108747230118134,365,42340,1,1.9539286785159011,-1.8531450245380254,4.812491016575134
366,0.0002871194246775177,366,42456,1,1.9413280247003377,-1.867557997199386,4.813733823619204
367,0.00023774161081455136,367,42572,1,1.9529875199426985,-1.8642744784395493,4.808954315836079
368,0.0003664893574421846,368,42688,1,1.9461463252124724,-1.8745344631170502,4.808769429293177
369,0.0002665244179920756,369,42804,1,1.9749807443417868,-1.8587616242526517,4.799405694082637
370,0.0001603224609095233,370,42920,1,1.9606359559193156,-1.8743790902987263,4.8011600781481345
371,0.0003099161135415307,371,43036,1,1.93557501386403,-1.8982783102968055,4.8056786119281245
372,0.0003514366905527644,372,43152,1,1.9772459659457011,-1.8726838363228486,4.79269112323829
373,0.00022332453362081117,373,43268,1,1.9884626346903849,-1.8697399783743314,4.787528457738805
374,0.00028208398080964425,374,43384,1,1.9663786515169714,-1.8910903967022512,4.791478094575993
375,0.0002358461697072045,375,43500,1,1.9837455596162727,-1.8835274739920682,4.78455494786568
376,0.00034601888130927905,376,43616,1,1.977435660310221,-1.893372265943988,4.784163010310474
377,0.00030859068616215235,377,43732,1,2.0034524600366383,-1.879537864948607,4.774507303762432
378,0.00015554100630219003,378,43848,1,2.0008190474735645,-1.8866042757629558,4.773006780404226
379,0.00025152891290564083,379,43964,1,1.9655399839707295,-1.9180160433565454,4.780983226559614
380,0.00035521814447700417,380,44080,1,1.9969876354840341,-1.8997607485332892,4.769543958503791
381,0.00024194074066119509,381,44196,1,2.0208399330903477,-1.8875011919095566,4.759955667379115
382,0.00026799475182456844,382,44312,1,2.0026798528691003,-1.9059302108900964,4.76312617369834
383,0.0002565720181094966,383,44428,1,2.0125192895633206,-1.903849110459194,4.7576797326714395
384,0.0003011548827785149,384,44544,1,2.0139743499444345,-1.9079385411554806,4.754769021325189
385,0.0003389314263972376,385,44660,1,2.027160423243549,-1.9034047242840337,4.748065398821061
386,0.000176306920910696,386,44776,1,2.037943453367525,-1.9006625316410484,4.7419883149635
387,0.00017469269442188518,387,44892,1,2.004335712141943,-1.9306804955715646,4.750347307464287
388,0.0003337995046607256,388,45008,1,2.007762579260115,-1.9333067608712593,4.746699188189625
389,0.0003029426080699005,389,45124,1,2.048936775373435,-1.9079516599153985,4.7303222330102495
390,0.00023963513002950299,390,45240,1,2.047289135521975,-1.9142464890862938,4.7281547039129315
391,0.00026798968471120066,391,45356,1,2.037737215585646,-1.926400115418232,4.728704807614389
392,0.0002297485357496687,392,45472,1,2.048124956801824,-1.9238375164436632,4.72231141348832
393,0.00034208709914806956,393,45588,1,2.043215969484707,-1.932591181313984,4.7212289360176305
394,0.0002585805559723875,394,45704,1,2.070123037866255,-1.9178754884076452,4.708662454569687
395,0.00015497343510884054,395,45820,1,2.057916649799224,-1.9319018646269774,4.710191761183683
396,0.0002755509313689397,396,45936,1,2.0325132610358763,-1.9560785182541645,4.716515068770299
397,0.00033531852033116816,397,46052,1,2.069479412066818,-1.9335100845753295,4.699932539382205
398,0.00020609745038113747,398,46168,1,2.0847685874661916,-1.9273331171105694,4.691018742644939
399,0.00026184445866545003,399,46284,1,2.060673402629487,-1.9502001216541482,4.697172538571603
400,0.00023616856996788727,400,46400,1,2.0783867576834356,-1.9420749785389897,4.68721348692571
401,0.0003016590042470013,401,46516,1,2.0763945776356216,-1.9485941621022347,4.684820734346001
402,0.0003149568591364338,402,46632,1,2.094450309025184,-1.9402652456314127,4.674358541548786
403,0.00015256939449348472,403,46748,1,2.1008915487312674,-1.940524392466767,4.6684051845775345
404,0.00017523758138626722,404,46864,1,2.063205929462215,-1.9737291525660703,4.680435797174854
405,0.00032186251172927616,405,46980,1,2.0750693939594376,-1.9697883403834553,4.672347264662962
406,0.0002821482856568136,406,47096,1,2.1139889059334283,-1.9457950325132563,4.652608424141688
407,0.0002310747955252268,407,47212,1,2.1103292126247433,-1.953420278695674,4.650664235821588
408,0.00025659762600085956,408,47328,1,2.102774959209735,-1.963971484731358,4.650399887563973
409,0.000213195019515805,409,47444,1,2.1127501264062416,-1.961482103462589,4.642465837441115
410,0.0003239961083326415,410,47560,1,2.106040782574652,-1.971412889544625,4.641816903008237
411,0.00025069716567494016,411,47676,1,2.134100664271377,-1.9554879020054519,4.625466686726611
412,0.00014661407409499727,412,47792,1,2.12324674665368,-1.9683638404568995,4.626672520571371
413,0.0002521462605911129,413,47908,1,2.0964564674105928,-1.993489214019262,4.635146128521326
414,0.00032028836290179385,414,48024,1,2.131466929025246,-1.9719525171473014,4.615199718318736
415,0.0002021260554010973,415,48140,1,2.149209095470626,-1.9636365541399985,4.602788284323449
416,0.0002469475756329831,416,48256,1,2.1266501162587352,-1.9852302102525845,4.609666978156171
417,0.0002348709149078143,417,48372,1,2.1420965254540203,-1.9784650827500352,4.598196377207051
418,0.00026813025645350264,418,48488,1,2.1431549140763257,-1.9824558376254875,4.593602943718407
419,0.0003082083018083881,419,48604,1,2.154717034354214,-1.978594573866118,4.58367944892647
420,0.00017413756491435617,420,48720,1,2.1666912427934832,-1.9744460478640575,4.5733304273740085
421,0.00013356701246886038,421,48836,1,2.137830431439338,-2.0007965513607417,4.583839240809137
422,0.0002903724521216289,422,48952,1,2.126650356165679,-2.014145668262651,4.585318558107383
423,0.0002895919384827972,423,49068,1,2.175065496502258,-1.9822782916204975,4.555806541512089
424,0.00020372533684631655,424,49184,1,2.178846997274371,-1.984120289622758,4.549279515304698
425,0.000246864726881596,425,49300,1,2.162571124726572,-2.000951582526366,4.553556615408902
426,0.00020525512558414172,426,49416,1,2.1775298483437657,-1.994362391157914,4.540863851697868
427,0.00029412157277527995,427,49532,1,2.1708753018106557,-2.003995818649511,4.539920740939945
428,0.00027329802118719604,428,49648,1,2.195480754102338,-1.9901811709825048,4.521403292413293
429,0.0001316791369499748,429,49764,1,2.1951844890918686,-1.994959445578718,4.516755107527341
430,0.00018825227197430405,430,49880,1,2.1573725454249817,-2.028264363746408,4.533487374833818
431,0.00030134229000855495,431,49996,1,2.181672468107238,-2.0142577634135064,4.5148521652492875
432,0.0002464584299515793,432,50112,1,2.212603943284394,-1.9955721514290083,4.491638604810204
433,0.0002196299286718606,433,50228,1,2.2049702917265996,-2.0057568576302236,4.491145316168085
434,0.0002375892927336254,434,50344,1,2.202292503616388,-2.012270524426379,4.487659967107616
435,0.00019630988084065604,435,50460,1,2.210727616574844,-2.0104032874074345,4.477334145194009
436,0.00029809921529325156,436,50576,1,2.203732694818942,-2.0201631145206482,4.476430054134466
437,0.00023328502687530728,437,50692,1,2.231616922077806,-2.0036494755494614,4.4535657974522085
438,0.00013541198792368925,438,50808,1,2.2214642016440305,-2.0156531444394816,4.454619201046748
439,0.00022465952555006385,439,50924,1,2.1943849856116575,-2.0407898922015186,4.466438690837407
440,0.00029633820210053785,440,51040,1,2.22715925081482,-2.0201603108564794,4.4399324289488105
441,0.00020304540172111363,441,51156,1,2.246967493612154,-2.009656030764108,4.421146337160411
442,0.00022610817073215328,442,51272,1,2.229226986377367,-2.0273451554520303,4.427306173655193
443,0.00022473427997310447,443,51388,1,2.239298765104281,-2.024060539649982,4.41477642794673
444,0.00022585841099462267,444,51504,1,2.242872102934415,-2.0256785893481486,4.406491183577549
445,0.0002906466464917268,445,51620,1,2.247078140019953,-2.0267982875227135,4.397659002972956
446,0.0001969645992937752,446,51736,1,2.265443909377953,-2.017251050003471,4.378671410095233
447,0.00013183605574135226,447,51852,1,2.247099565291605,-2.0353548237821366,4.385597026964652
448,0.00024396068372903312,448,51968,1,2.2281979122742106,-2.054240304076931,4.392862349432333
449,0.0002843117079908142,449,52084,1,2.267152346782591,-2.028622249907395,4.358749369102118
450,0.00018236858704587244,450,52200,1,2.279830342017771,-2.023266612287426,4.342978435764747
451,0.00022666888679864772,451,52316,1,2.2583711562133493,-2.043741228086711,4.352488205211729
452,0.0002121221961660924,452,52432,1,2.2746814537994964,-2.0354822939863038,4.333821328640926
453,0.00024021224390380347,453,52548,1,2.2748049126333267,-2.0395549918527163,4.327136514272815
454,0.00027917832636933926,454,52664,1,2.285812849795864,-2.0353269815770902,4.311984385640535
455,0.00016898717320393275,455,52780,1,2.298317965917238,-2.029979224965104,4.295366992427265
456,0.00012752720966544007,456,52896,1,2.273592745274134,-2.0529667398115814,4.3079252381730715
457,0.00025134676674154477,457,53012,1,2.261555789292922,-2.0665240593324055,4.3105046978520285
458,0.00027125887828916007,458,53128,1,2.3040189307403134,-2.0378622739611254,4.2697420189153314
459,0.00017348806267072914,459,53244,1,2.3122782859778583,-2.0356401890085944,4.255778959935061
460,0.00022398755477229249,460,53360,1,2.290712472873138,-2.0561939402212928,4.2662723340424655
461,0.00020192787918166255,461,53476,1,2.3091515105529057,-2.0460772297715732,4.243761027222122
462,0.00024389571924127162,462,53592,1,2.307153789422303,-2.0516501949542096,4.23804974514855
463,0.0002680879908248113,463,53708,1,2.32182900723801,-2.044492440759659,4.21811800813134
464,0.00015119055529297376,464,53824,1,2.331147089978526,-2.04145734229485,4.202462377690346
465,0.00012774132455278808,465,53940,1,2.302467910150235,-2.067458690883499,4.219551088331509
466,0.00025068869414651695,466,54056,1,2.2968557566036965,-2.075919164454234,4.2167757104987516
467,0.00026045853777639794,467,54172,1,2.3390692448388832,-2.047475635457068,4.172072461568412
468,0.0001738134184700868,468,54288,1,2.3451785428053507,-2.0468600512779096,4.158613342435354
469,0.00021970573718896325,469,54404,1,2.3260679214639652,-2.065421023168031,4.167788310926195
470,0.00019508551716362899,470,54520,1,2.343324736694721,-2.0562478743864108,4.144113856904411
471,0.00024006246681068655,471,54636,1,2.3404916477739013,-2.0624111449145888,4.138532791217147
472,0.00025937265995742975,472,54752,1,2.356242519065893,-2.054444706315384,4.11566316817395
473,0.0001436760026896633,473,54868,1,2.364578953145341,-2.05211561710471,4.099395120484224
474,0.00012092756986190056,474,54984,1,2.3349566863398548,-2.0787319019060364,4.118812749928841
475,0.00024419630698743755,475,55100,1,2.3291579822740553,-2.0872572666505427,4.11585533317735
476,0.00025304867791281493,476,55216,1,2.3729436504482972,-2.0576841887357995,4.065540144433688
477,0.00016937813812101243,477,55332,1,2.378896147444727,-2.0571295760568002,4.050933231660483
478,0.0002145195438946479,478,55448,1,2.360075910430635,-2.0754607229449586,4.060539746921861
479,0.00019166229148981362,479,55564,1,2.3774075585764933,-2.0661922820532403,4.034595646110552
480,0.00023025247217065004,480,55680,1,2.374974879202516,-2.0720262321822274,4.028024781936324
481,0.0002532780643396959,481,55796,1,2.389288545263363,-2.0650516584274747,4.004511426124456
482,0.00014549894269047514,482,55912,1,2.398606844104093,-2.061894719077883,3.9857459951566114
483,0.00011206732814214582,483,56028,1,2.371259866252559,-2.086804258717307,4.004430158457247
484,0.00023265694588331387,484,56144,1,2.360488481376245,-2.0990780241092937,4.006150803112703
485,0.00024857489607277294,485,56260,1,2.4056249754603973,-2.068361783329996,3.950152593637492
486,0.00016069134207857827,486,56376,1,2.413285212475875,-2.066436633913203,3.9324316045236167
487,0.00020835861816304035,487,56492,1,2.3926945212454696,-2.0861853585177923,3.9446126917489117
488,0.0001910892861545499,488,56608,1,2.411246292624924,-2.0758714992937173,3.9151435151039413
489,0.00021465931486053247,489,56724,1,2.410335509303879,-2.0805078821876104,3.9062966142433773
490,0.00024875890418207813,490,56840,1,2.420805233682996,-2.07639082241399,3.8849816037333906
491,0.0001549965557300359,491,56956,1,2.4330033968124627,-2.0709399369572363,3.8614722013100455
492,0.00010997310351701373,492,57072,1,2.410463146795169,-2.0922140672445533,3.8762642115444548
493,0.00021574932940632285,493,57188,1,2.3952138346044354,-2.1079376287788687,3.8829361272203586
494,0.0002454058058135866,494,57304,1,2.4368625431572433,-2.079706897074701,3.826389498866634
495,0.00014904047088185046,495,57420,1,2.447991636768999,-2.0750416100956475,3.8032918389133252
496,0.00020057760407005132,496,57536,1,2.4241199644151035,-2.0973664052686347,3.8200191819757485
497,0.00019256310128981657,497,57652,1,2.4446333262525397,-2.0854268218547816,3.7860267211083034
498,0.00019249210378166626,498,57768,1,2.4463120360713035,-2.088028196882939,3.773422420365504
499,0.0002437550519975018,499,57884,1,2.4502420604141975,-2.0888857536770193,3.758095007704446
500,0.00016987600036813544,500,58000,1,2.4673059516651388,-2.0795912060583364,3.727099204898575
501,0.00010686584668956334,501,58116,1,2.4512055701109365,-2.0959211984322663,3.7352358735857627
502,0.00019237605950891967,502,58232,1,2.4294394910233685,-2.116709487736631,3.749967702378309
503,0.0002410330422402962,503,58348,1,2.4660127867331134,-2.092217316822204,3.69547310063739
504,0.00016520410930706553,504,58464,5,2.4824414163784465,-2.0833705573655497,3.66431241206986
505,0.0001901478789733957,505,58580,,2.4824414163784465,-2.0833705573655497,3.66431241206986
506,0.00019537040853750964,506,58696,,2.4824414163784465,-2.0833705573655497,3.66431241206986
507,0.00016244790362551775,507,58812,,2.4824414163784465,-2.0833705573655497,3.66431241206986
508,0.0002353782393182957,508,58928,,2.4824414163784465,-2.0833705573655497,3.66431241206986
509,0.00018716781773026048,509,59044,5,2.5008428335197284,-2.088373593894989,3.583820730663584
510,0.00010039778683101908,510,59160,,2.5008428335197284,-2.088373593894989,3.583820730663584
511,0.00016202049151584075,511,59276,,2.5008428335197284,-2.088373593894989,3.583820730663584
512,0.00023237104063514313,512,59392,,2.5008428335197284,-2.088373593894989,3.583820730663584
513,0.0001857644033904926,513,59508,,2.5008428335197284,-2.088373593894989,3.583820730663584
514,0.0001759151456983965,514,59624,5,2.5075718799273545,-2.102299756450533,3.5155830050482466
515,0.00019350098296089246,515,59740,,2.5075718799273545,-2.102299756450533,3.5155830050482466
516,0.00015347682738620083,516,59856,,2.5075718799273545,-2.102299756450533,3.5155830050482466
517,0.00022020481600978914,517,59972,,2.5075718799273545,-2.102299756450533,3.5155830050482466
518,0.00020313568509353064,518,60088,,2.5075718799273545,-2.102299756450533,3.5155830050482466
519,0.00010039905979347674,519,60204,5,2.53224598115689,-2.1021623601799475,3.4216688536733733
520,0.00012062958422134895,520,60320,,2.53224598115689,-2.1021623601799475,3.4216688536733733
521,0.00021588898476726515,521,60436,,2.53224598115689,-2.1021623601799475,3.4216688536733733
522,0.00020321213339480337,522,60552,,2.53224598115689,-2.1021623601799475,3.4216688536733733
523,0.00015684646784838718,523,60668,,2.53224598115689,-2.1021623601799475,3.4216688536733733
524,0.00018944791232150537,524,60784,5,2.537946333090714,-2.1166636135575447,3.350491743368575
525,0.00016752400446393145,525,60900,,2.537946333090714,-2.1166636135575447,3.350491743368575
526,0.00019462768906253203,526,61016,,2.537946333090714,-2.1166636135575447,3.350491743368575
527,0.00021304744688133148,527,61132,,2.537946333090714,-2.1166636135575447,3.350491743368575
528,0.00012604965847506922,528,61248,,2.537946333090714,-2.1166636135575447,3.350491743368575
529,8.831883010473884e-05,529,61364,5,2.5459658008085957,-2.1292863867661485,3.2744402719231602
530,0.00018889940272651118,530,61480,,2.5459658008085957,-2.1292863867661485,3.2744402719231602
531,0.00021248373502752438,531,61596,,2.5459658008085957,-2.1292863867661485,3.2744402719231602
532,0.0001483024705929148,532,61712,,2.5459658008085957,-2.1292863867661485,3.2744402719231602
533,0.00017942309980345517,533,61828,,2.5459658008085957,-2.1292863867661485,3.2744402719231602
534,0.00017614673539143033,534,61944,5,2.5849160466483516,-2.1175491074012864,3.15328098673016
535,0.00015563925930092704,535,62060,,2.5849160466483516,-2.1175491074012864,3.15328098673016
536,0.0002116663773804317,536,62176,,2.5849160466483516,-2.1175491074012864,3.15328098673016
537,0.00016259561814704893,537,62292,,2.5849160466483516,-2.1175491074012864,3.15328098673016
538,8.617365740185012e-05,538,62408,,2.5849160466483516,-2.1175491074012864,3.15328098673016
539,0.0001464410960975715,539,62524,5,2.565420291291622,-2.15155674651557,3.1124628136913435
540,0.00020820181829034334,540,62640,,2.565420291291622,-2.15155674651557,3.1124628136913435
541,0.00016694218156484975,541,62756,,2.565420291291622,-2.15155674651557,3.1124628136913435
542,0.00016172878119158351,542,62872,,2.565420291291622,-2.15155674651557,3.1124628136913435
543,0.000179333718740321,543,62988,,2.565420291291622,-2.15155674651557,3.1124628136913435
544,0.0001463388371018004,544,63104,5,2.6245953923657996,-2.123599830530798,2.9580117770942422
545,0.00019389724660726082,545,63220,,2.6245953923657996,-2.123599830530798,2.9580117770942422
546,0.00018838014369046419,546,63336,,2.6245953923657996,-2.123599830530798,2.9580117770942422
547,9.184684198559889e-05,547,63452,,2.6245953923657996,-2.123599830530798,2.9580117770942422
548,8.984624853553003e-05,548,63568,,2.6245953923657996,-2.123599830530798,2.9580117770942422
549,0.00018580070357321343,549,63684,5,2.607651757202332,-2.155287976198099,2.9113394710502747
550,0.00019075038318147608,550,63800,,2.607651757202332,-2.155287976198099,2.9113394710502747
551,0.00013568350899220705,551,63916,,2.607651757202332,-2.155287976198099,2.9113394710502747
552,0.0001730068677325558,552,64032,,2.607651757202332,-2.155287976198099,2.9113394710502747
553,0.00016300136981178825,553,64148,,2.607651757202332,-2.155287976198099,2.9113394710502747
554,0.00015561474060057923,554,64264,5,2.659256004904534,-2.1330236769480084,2.764308883576057
555,0.00019626871476055574,555,64380,,2.659256004904534,-2.1330236769480084,2.764308883576057
556,0.00014182925061689833,556,64496,,2.659256004904534,-2.1330236769480084,2.764308883576057
557,7.718331555911506e-05,557,64612,,2.659256004904534,-2.1330236769480084,2.764308883576057
558,0.0001425968395314392,558,64728,,2.659256004904534,-2.1330236769480084,2.764308883576057
559,0.0001933273430448912,559,64844,5,2.6720734323028115,-2.1410543401855007,2.672639830387221
560,0.00014965224097571173,560,64960,,2.6720734323028115,-2.1410543401855007,2.672639830387221
561,0.0001552208852518555,561,65076,,2.6720734323028115,-2.1410543401855007,2.672639830387221
562,0.00016966922536512663,562,65192,,2.6720734323028115,-2.1410543401855007,2.672639830387221
563,0.00013814115463706145,563,65308,,2.6720734323028115,-2.1410543401855007,2.672639830387221
564,0.00017977047045919514,564,65424,5,2.690345302649616,-2.1447033969118126,2.572566513460631
565,0.000174580676954611,565,65540,,2.690345302649616,-2.1447033969118126,2.572566513460631
566,8.651083597346898e-05,566,65656,,2.690345302649616,-2.1447033969118126,2.572566513460631
567,8.224120469130236e-05,567,65772,,2.690345302649616,-2.1447033969118126,2.572566513460631
568,0.00016967689295233068,568,65888,,2.690345302649616,-2.1447033969118126,2.572566513460631
569,0.00017810904399417904,569,66004,5,2.721135140894701,-2.138497111533169,2.454362907948129
570,0.00012594869631113448,570,66120,,2.721135140894701,-2.138497111533169,2.454362907948129
571,0.00016276796336442412,571,66236,,2.721135140894701,-2.138497111533169,2.454362907948129
572,0.00015688472981384427,572,66352,,2.721135140894701,-2.138497111533169,2.454362907948129
573,0.00013510432401828143,573,66468,,2.721135140894701,-2.138497111533169,2.454362907948129
574,0.00018129916022385784,574,66584,5,2.7291030735001263,-2.149829310664986,2.3691710311379377
575,0.00014031524009197605,575,66700,,2.7291030735001263,-2.149829310664986,2.3691710311379377
576,6.590411725201917e-05,576,66816,,2.7291030735001263,-2.149829310664986,2.3691710311379377
577,0.00011857738711715249,577,66932,,2.7291030735001263,-2.149829310664986,2.3691710311379377
578,0.0001764770523595971,578,67048,,2.7291030735001263,-2.149829310664986,2.3691710311379377
579,0.00014963085603514337,579,67164,5,2.763046470920802,-2.1409450968469836,2.2475708601266127
580,0.00014076618540140307,580,67280,,2.763046470920802,-2.1409450968469836,2.2475708601266127
581,0.00016129973446205037,581,67396,,2.763046470920802,-2.1409450968469836,2.2475708601266127
582,0.00013956038998361175,582,67512,,2.763046470920802,-2.1409450968469836,2.2475708601266127
583,0.00015531328011744727,583,67628,,2.763046470920802,-2.1409450968469836,2.2475708601266127
584,0.000168457518555154,584,67744,5,2.7763046684685366,-2.1478642361031426,2.156156195440253
585,0.00010225499824895179,585,67860,,2.7763046684685366,-2.1478642361031426,2.156156195440253
586,6.0440122743060654e-05,586,67976,,2.7763046684685366,-2.1478642361031426,2.156156195440253
587,0.0001411266205980921,587,68092,,2.7763046684685366,-2.1478642361031426,2.156156195440253
588,0.00016944914423153157,588,68208,,2.7763046684685366,-2.1478642361031426,2.156156195440253
589,0.00011590244133721783,589,68324,5,2.800778951412306,-2.146030126100306,2.0503882972280665
590,0.00014792436116420338,590,68440,,2.800778951412306,-2.146030126100306,2.0503882972280665
591,0.00015418105979775332,591,68556,,2.800778951412306,-2.146030126100306,2.0503882972280665
592,0.00012140207823863047,592,68672,,2.800778951412306,-2.146030126100306,2.0503882972280665
593,0.00016120386511661589,593,68788,,2.800778951412306,-2.146030126100306,2.0503882972280665
594,0.00014832786917823304,594,68904,5,2.818129510863279,-2.1495131378384564,1.9559284456136834
595,6.615098131818042e-05,595,69020,,2.818129510863279,-2.1495131378384564,1.9559284456136834
596,7.508479380582966e-05,596,69136,,2.818129510863279,-2.1495131378384564,1.9559284456136834
597,0.00015074469149489733,597,69252,,2.818129510863279,-2.1495131378384564,1.9559284456136834
598,0.0001546036413257179,598,69368,,2.818129510863279,-2.1495131378384564,1.9559284456136834
599,0.00011738683102283098,599,69484,5,2.8359189976138817,-2.152515021254022,1.8625720262349241
600,0.0001494417834570494,600,69600,,2.8359189976138817,-2.152515021254022,1.8625720262349241
601,0.00014436802717934794,601,69716,,2.8359189976138817,-2.152515021254022,1.8625720262349241
602,0.00011941654912600574,602,69832,,2.8359189976138817,-2.152515021254022,1.8625720262349241
603,0.0001579366943553484,603,69948,,2.8359189976138817,-2.152515021254022,1.8625720262349241
604,0.00012614263381910407,604,70064,5,2.8569641824580225,-2.1528949252577,1.7669981522418814
605,4.8305455553177e-05,605,70180,,2.8569641824580225,-2.1528949252577,1.7669981522418814
606,9.465460737384523e-05,606,70296,,2.8569641824580225,-2.1528949252577,1.7669981522418814
607,0.00015154062209191133,607,70412,,2.8569641824580225,-2.1528949252577,1.7669981522418814
608,0.00013670407421217945,608,70528,,2.8569641824580225,-2.1528949252577,1.7669981522418814
609,0.00012427150061974923,609,70644,5,2.8695438760445398,-2.159575528626711,1.6843175227797202
610,0.00014734478792960415,610,70760,,2.8695438760445398,-2.159575528626711,1.6843175227797202
611,0.0001340375278608974,611,70876,,2.8695438760445398,-2.159575528626711,1.6843175227797202
612,0.00012387068641678267,612,70992,,2.8695438760445398,-2.159575528626711,1.6843175227797202
613,0.00014975623250787495,613,71108,,2.8695438760445398,-2.159575528626711,1.6843175227797202
614,0.00010530888746262956,614,71224,5,2.8941485850353703,-2.1569736459487725,1.5891017734825192
615,4.4707586626446805e-05,615,71340,,2.8941485850353703,-2.1569736459487725,1.5891017734825192
616,0.00010545696347746825,616,71456,,2.8941485850353703,-2.1569736459487725,1.5891017734825192
617,0.00014706314920218122,617,71572,,2.8941485850353703,-2.1569736459487725,1.5891017734825192
618,0.00011908923884448863,618,71688,,2.8941485850353703,-2.1569736459487725,1.5891017734825192
619,0.00012735707887742698,619,71804,5,2.9025332778517714,-2.1665476455767054,1.5158619331095102
620,0.00014332097020861023,620,71920,,2.9025332778517714,-2.1665476455767054,1.5158619331095102
621,0.000124582809242324,621,72036,,2.9025332778517714,-2.1665476455767054,1.5158619331095102
622,0.00012665435802225455,622,72152,,2.9025332778517714,-2.1665476455767054,1.5158619331095102
623,0.00013974600281319027,623,72268,,2.9025332778517714,-2.1665476455767054,1.5158619331095102
624,8.776408084873455e-05,624,72384,5,2.930566198834671,-2.1610782221323523,1.4223515938471862
625,3.8817792811951524e-05,625,72500,,2.930566198834671,-2.1610782221323523,1.4223515938471862
626,0.00010982928092331812,626,72616,,2.930566198834671,-2.1610782221323523,1.4223515938471862
627,0.00014002109908789473,627,72732,,2.930566198834671,-2.1610782221323523,1.4223515938471862
628,0.00010381512611606913,628,72848,,2.930566198834671,-2.1610782221323523,1.4223515938471862
629,0.00012773125031714794,629,72964,5,2.9356885715741017,-2.172830944671697,1.3573664939875705
630,0.00013859650084785402,630,73080,,2.9356885715741017,-2.172830944671697,1.3573664939875705
631,0.00011676408865238241,631,73196,,2.9356885715741017,-2.172830944671697,1.3573664939875705
632,0.0001251987186310366,632,73312,,2.9356885715741017,-2.172830944671697,1.3573664939875705
633,0.00012990531519102566,633,73428,,2.9356885715741017,-2.172830944671697,1.3573664939875705
634,7.439352050980785e-05,634,73544,5,2.966842356021444,-2.164741275978407,1.2669505642644545
635,3.4722400776482365e-05,635,73660,,2.966842356021444,-2.164741275978407,1.2669505642644545
636,0.00010969303459190671,636,73776,,2.966842356021444,-2.164741275978407,1.2669505642644545
637,0.00013225473609254634,637,73892,,2.966842356021444,-2.164741275978407,1.2669505642644545
638,9.480881290233056e-05,638,74008,,2.966842356021444,-2.164741275978407,1.2669505642644545
639,0.00012626146307292974,639,74124,5,2.9712549357832616,-2.176759427451192,1.2073900277427962
640,0.00013398888896470895,640,74240,,2.9712549357832616,-2.176759427451192,1.2073900277427962
641,0.00011089229180236138,641,74356,,2.9712549357832616,-2.176759427451192,1.2073900277427962
642,0.00012117133532890678,642,74472,,2.9712549357832616,-2.176759427451192,1.2073900277427962
643,0.00012134820989620487,643,74588,,2.9712549357832616,-2.176759427451192,1.2073900277427962
644,6.539073781605675e-05,644,74704,5,3.003401523575493,-2.167671956009256,1.1230797573927198
645,3.703359308410148e-05,645,74820,,3.003401523575493,-2.167671956009256,1.1230797573927198
646,0.00010644033213763615,646,74936,,3.003401523575493,-2.167671956009256,1.1230797573927198
647,0.00012483350184275266,647,75052,,3.003401523575493,-2.167671956009256,1.1230797573927198
648,9.160806747318673e-05,648,75168,,3.003401523575493,-2.167671956009256,1.1230797573927198
649,0.00012354633040514984,649,75284,5,3.009585988694575,-2.1781164195533136,1.0666532196840792
650,0.00012993270586456052,650,75400,,3.009585988694575,-2.1781164195533136,1.0666532196840792
651,0.00010698530596228717,651,75516,,3.009585988694575,-2.1781164195533136,1.0666532196840792
652,0.00011558787030249706,652,75632,,3.009585988694575,-2.1781164195533136,1.0666532196840792
653,0.00011452168925565887,653,75748,,3.009585988694575,-2.1781164195533136,1.0666532196840792
654,6.05255934977289e-05,654,75864,5,3.0404431831959515,-2.1697703717498764,0.990861591025908
655,3.525105861237887e-05,655,75980,,3.0404431831959515,-2.1697703717498764,0.990861591025908
656,0.00010094495778226187,656,76096,,3.0404431831959515,-2.1697703717498764,0.990861591025908
657,0.00011820518598618102,657,76212,,3.0404431831959515,-2.1697703717498764,0.990861591025908
658,8.997896726190002e-05,658,76328,,3.0404431831959515,-2.1697703717498764,0.990861591025908
659,0.00011992686275544284,659,76444,5,3.0486532490042597,-2.178446449335806,0.9377346738134498
660,0.0001262042537658603,660,76560,,3.0486532490042597,-2.178446449335806,0.9377346738134498
661,0.0001048774524262941,661,76676,,3.0486532490042597,-2.178446449335806,0.9377346738134498
662,0.00010891858739886517,662,76792,,3.0486532490042597,-2.178446449335806,0.9377346738134498
663,0.00010938717518452212,663,76908,,3.0486532490042597,-2.178446449335806,0.9377346738134498
664,5.931529888300591e-05,664,77024,5,3.0780218142711457,-2.1709989424696947,0.8703457249054105
665,2.9715746996228365e-05,665,77140,,3.0780218142711457,-2.1709989424696947,0.8703457249054105
666,9.363415853214097e-05,666,77256,,3.0780218142711457,-2.1709989424696947,0.8703457249054105
667,0.00011234166905324527,667,77372,,3.0780218142711457,-2.1709989424696947,0.8703457249054105
668,8.968496556746586e-05,668,77488,,3.0780218142711457,-2.1709989424696947,0.8703457249054105
669,0.00011552746769832867,669,77604,5,3.0883449185715994,-2.177842672418844,0.8207527370563574
670,0.0001230943884511504,670,77720,,3.0883449185715994,-2.177842672418844,0.8207527370563574
671,0.00010428405611928593,671,77836,,3.0883449185715994,-2.177842672418844,0.8207527370563574
672,0.0001012053998949991,672,77952,,3.0883449185715994,-2.177842672418844,0.8207527370563574
673,0.0001055491225158689,673,78068,,3.0883449185715994,-2.177842672418844,0.8207527370563574
674,6.11141705753604e-05,674,78184,5,3.1160243916719064,-2.17144944009295,0.7614468220157882
675,2.0907458204155738e-05,675,78300,,3.1160243916719064,-2.17144944009295,0.7614468220157882
676,8.458153089896392e-05,676,78416,,3.1160243916719064,-2.17144944009295,0.7614468220157882
677,0.00010685678508698393,677,78532,,3.1160243916719064,-2.17144944009295,0.7614468220157882
678,9.005608252132813e-05,678,78648,,3.1160243916719064,-2.17144944009295,0.7614468220157882
679,0.00011030980132645252,679,78764,5,3.128243214927102,-2.176571734974117,0.7157102244249436
680,0.00012019947959029942,680,78880,,3.128243214927102,-2.176571734974117,0.7157102244249436
681,0.00010483075355302574,681,78996,,3.128243214927102,-2.176571734974117,0.7157102244249436
682,9.218037857647299e-05,682,79112,,3.128243214927102,-2.176571734974117,0.7157102244249436
683,0.00010234427177252536,683,79228,,3.128243214927102,-2.176571734974117,0.7157102244249436
684,6.514760972348155e-05,684,79344,5,3.154126590331342,-2.171303350617691,0.6639436484410761
685,1.9355617756289245e-05,685,79460,,3.154126590331342,-2.171303350617691,0.6639436484410761
686,7.36144060156374e-05,686,79576,,3.154126590331342,-2.171303350617691,0.6639436484410761
687,0.00010110596889831291,687,79692,,3.154126590331342,-2.171303350617691,0.6639436484410761
688,9.001392919927298e-05,688,79808,,3.154126590331342,-2.171303350617691,0.6639436484410761
689,0.0001041334925077908,689,79924,5,3.1677109635125262,-2.1750475658247583,0.6223942726558711
690,0.00011712247547740473,690,80040,,3.1677109635125262,-2.1750475658247583,0.6223942726558711
691,0.00010606056750564474,691,80156,,3.1677109635125262,-2.1750475658247583,0.6223942726558711
692,8.488898201125528e-05,692,80272,,3.1677109635125262,-2.1750475658247583,0.6223942726558711
693,9.890498081133181e-05,693,80388,,3.1677109635125262,-2.1750475658247583,0.6223942726558711
694,7.050822083420893e-05,694,80504,5,3.191858907226703,-2.170818165458641,0.5774372493392548
695,2.002445571128164e-05,695,80620,,3.191858907226703,-2.170818165458641,0.5774372493392548
696,6.042705335404519e-05,696,80736,,3.191858907226703,-2.170818165458641,0.5774372493392548
697,9.427333850578479e-05,697,80852,,3.191858907226703,-2.170818165458641,0.5774372493392548
698,8.821311322357306e-05,698,80968,,3.191858907226703,-2.170818165458641,0.5774372493392548
699,9.682150344508811e-05,699,81084,5,3.206023809887771,-2.1737891054782557,0.5403247676600007
700,0.00011339558497550084,700,81200,,3.206023809887771,-2.1737891054782557,0.5403247676600007
701,0.00010743088451667382,701,81316,,3.206023809887771,-2.1737891054782557,0.5403247676600007
702,8.155843159690646e-05,702,81432,,3.206023809887771,-2.1737891054782557,0.5403247676600007
703,9.421986136820548e-05,703,81548,,3.206023809887771,-2.1737891054782557,0.5403247676600007
704,7.613301991082899e-05,704,81664,5,3.2287083450400758,-2.170380298112139,0.5013342682895783
705,2.227633301110643e-05,705,81780,,3.2287083450400758,-2.170380298112139,0.5013342682895783
706,4.470015041008191e-05,706,81896,,3.2287083450400758,-2.170380298112139,0.5013342682895783
707,8.546113899890462e-05,707,82012,,3.2287083450400758,-2.170380298112139,0.5013342682895783
708,8.550481809274646e-05,708,82128,,3.2287083450400758,-2.170380298112139,0.5013342682895783
709,8.822670965893953e-05,709,82244,5,3.2436477561276407,-2.1725012802765487,0.46828545442325975
710,0.00010852411754125324,710,82360,,3.2436477561276407,-2.1725012802765487,0.46828545442325975
711,0.00010831227943847166,711,82476,,3.2436477561276407,-2.1725012802765487,0.46828545442325975
712,8.76338033967139e-05,712,82592,,3.2436477561276407,-2.1725012802765487,0.46828545442325975
713,8.721207194034575e-05,713,82708,,3.2436477561276407,-2.1725012802765487,0.46828545442325975
714,8.078486910334526e-05,714,82824,5,3.264056026288267,-2.170499300085432,0.4349533700718502
715,3.691306492956126e-05,715,82940,,3.264056026288267,-2.170499300085432,0.4349533700718502
716,2.6226651056976413e-05,716,83056,,3.264056026288267,-2.170499300085432,0.4349533700718502
717,7.379533590401444e-05,717,83172,,3.264056026288267,-2.170499300085432,0.4349533700718502
718,8.540761269087982e-05,718,83288,,3.264056026288267,-2.170499300085432,0.4349533700718502
719,7.829384549212781e-05,719,83404,5,3.2825074581802034,-2.1697923778764903,0.4045511411892715
720,0.0001020565156771569,720,83520,,3.2825074581802034,-2.1697923778764903,0.4045511411892715
721,0.00010800488294068766,721,83636,,3.2825074581802034,-2.1697923778764903,0.4045511411892715
722,9.347225100747591e-05,722,83752,,3.2825074581802034,-2.1697923778764903,0.4045511411892715
723,7.68846820866087e-05,723,83868,,3.2825074581802034,-2.1697923778764903,0.4045511411892715
724,8.307374198426865e-05,724,83984,5,3.2970006437347483,-2.171819543367749,0.37755061765343445
725,5.100931456589186e-05,725,84100,,3.2970006437347483,-2.171819543367749,0.37755061765343445
726,1.6148292284773325e-05,726,84216,,3.2970006437347483,-2.171819543367749,0.37755061765343445
727,5.855525607828538e-05,727,84332,,3.2970006437347483,-2.171819543367749,0.37755061765343445
728,8.192121083325232e-05,728,84448,,3.2970006437347483,-2.171819543367749,0.37755061765343445
729,7.748934170895283e-05,729,84564,5,3.3192712580425914,-2.168075435200138,0.3495705088964791
730,9.36680839108972e-05,730,84680,,3.3192712580425914,-2.168075435200138,0.3495705088964791
731,0.00010579335607477369,731,84796,,3.3192712580425914,-2.168075435200138,0.3495705088964791
732,9.829223787047314e-05,732,84912,,3.3192712580425914,-2.168075435200138,0.3495705088964791
733,7.430759995180614e-05,733,85028,,3.3192712580425914,-2.168075435200138,0.3495705088964791
734,8.15492663223949e-05,734,85144,5,3.3340525150650295,-2.1696127595225048,0.32590541600320133
735,6.30636247608285e-05,735,85260,,3.3340525150650295,-2.1696127595225048,0.32590541600320133
736,2.0114493008094314e-05,736,85376,,3.3340525150650295,-2.1696127595225048,0.32590541600320133
737,3.932400947265213e-05,737,85492,,3.3340525150650295,-2.1696127595225048,0.32590541600320133
738,7.384906912125122e-05,738,85608,,3.3340525150650295,-2.1696127595225048,0.32590541600320133
739,7.295003431598279e-05,739,85724,5,3.3529925644846004,-2.1680090342447373,0.3025040095941156
740,8.32378977393966e-05,740,85840,,3.3529925644846004,-2.1680090342447373,0.3025040095941156
741,0.00010105029909041052,741,85956,,3.3529925644846004,-2.1680090342447373,0.3025040095941156
742,0.00010118582247273245,742,86072,,3.3529925644846004,-2.1680090342447373,0.3025040095941156
743,8.348241923314403e-05,743,86188,,3.3529925644846004,-2.1680090342447373,0.3025040095941156
744,7.484989778655526e-05,744,86304,5,3.377722721684065,-2.162115518545071,0.2790829216132811
745,7.132455155278716e-05,745,86420,,3.377722721684065,-2.162115518545071,0.2790829216132811
746,3.480857326876308e-05,746,86536,,3.377722721684065,-2.162115518545071,0.2790829216132811
747,1.746711735264861e-05,747,86652,,3.377722721684065,-2.162115518545071,0.2790829216132811
748,6.0304112870890325e-05,748,86768,,3.377722721684065,-2.162115518545071,0.2790829216132811
749,7.43195809336239e-05,749,86884,5,3.382095828038057,-2.1707025162050777,0.2626556797259507
750,7.092075484929627e-05,750,87000,,3.382095828038057,-2.1707025162050777,0.2626556797259507
751,9.337036397027987e-05,751,87116,,3.382095828038057,-2.1707025162050777,0.2626556797259507
752,0.00010121931909726212,752,87232,,3.382095828038057,-2.1707025162050777,0.2626556797259507
753,9.112415047574096e-05,753,87348,,3.382095828038057,-2.1707025162050777,0.2626556797259507
754,6.942512620586316e-05,754,87464,5,3.419713295690261,-2.1553338408740386,0.2390567110347055
755,7.395818049946157e-05,755,87580,,3.419713295690261,-2.1553338408740386,0.2390567110347055
756,5.195782553349404e-05,756,87696,,3.419713295690261,-2.1553338408740386,0.2390567110347055
757,1.5695080041677745e-05,757,87812,,3.419713295690261,-2.1553338408740386,0.2390567110347055
758,4.09274767713963e-05,758,87928,,3.419713295690261,-2.1553338408740386,0.2390567110347055
759,6.891513432819019e-05,759,88044,5,3.4029011534509666,-2.178769873039231,0.2297815078128682
760,6.5069906363735e-05,760,88160,,3.4029011534509666,-2.178769873039231,0.2297815078128682
761,8.26912656691492e-05,761,88276,,3.4029011534509666,-2.178769873039231,0.2297815078128682
762,9.761680516381932e-05,762,88392,,3.4029011534509666,-2.178769873039231,0.2297815078128682
763,9.602891172341699e-05,763,88508,,3.4029011534509666,-2.178769873039231,0.2297815078128682
764,7.849913848537171e-05,764,88624,5,3.459771448578457,-2.1494276675129944,0.20492260532695195
765,6.930054866297053e-05,765,88740,,3.459771448578457,-2.1494276675129944,0.20492260532695195
766,6.371488618370225e-05,766,88856,,3.459771448578457,-2.1494276675129944,0.20492260532695195
767,3.0528977149474334e-05,767,88972,,3.459771448578457,-2.1494276675129944,0.20492260532695195
768,1.611155498310035e-05,768,89088,,3.459771448578457,-2.1494276675129944,0.20492260532695195
769,5.585411913053284e-05,769,89204,5,3.399968490347816,-2.203317934691154,0.20605652258866236
770,6.759434791273056e-05,770,89320,,3.399968490347816,-2.203317934691154,0.20605652258866236
771,6.93994095819217e-05,771,89436,,3.399968490347816,-2.203317934691154,0.20605652258866236
772,8.996953271353525e-05,772,89552,,3.399968490347816,-2.203317934691154,0.20605652258866236
773,9.700904289711154e-05,773,89668,,3.399968490347816,-2.203317934691154,0.20605652258866236
774,8.761507130611301e-05,774,89784,5,3.4976252510687553,-2.144567153103658,0.175871682884301
775,6.646795508430392e-05,775,89900,,3.4976252510687553,-2.144567153103658,0.175871682884301
776,6.779027473952093e-05,776,90016,,3.4976252510687553,-2.144567153103658,0.175871682884301
777,4.813967594091695e-05,777,90132,,3.4976252510687553,-2.144567153103658,0.175871682884301
778,1.6430436394154757e-05,778,90248,,3.4976252510687553,-2.144567153103658,0.175871682884301
779,3.510831984118723e-05,779,90364,5,3.4390303632616175,-2.196965801895106,0.17664682356645933
780,6.226584155605286e-05,780,90480,,3.4390303632616175,-2.196965801895106,0.17664682356645933
781,5.9317747287152e-05,781,90596,,3.4390303632616175,-2.196965801895106,0.17664682356645933
782,7.841592803689568e-05,782,90712,,3.4390303632616175,-2.196965801895106,0.17664682356645933
783,9.318278549164116e-05,783,90828,,3.4390303632616175,-2.196965801895106,0.17664682356645933
784,9.297928470958228e-05,784,90944,5,3.532976788779944,-2.1409371753648743,0.1511898357901731
785,7.784313587713698e-05,785,91060,,3.532976788779944,-2.1409371753648743,0.1511898357901731
786,6.45119987587317e-05,786,91176,,3.532976788779944,-2.1409371753648743,0.1511898357901731
787,6.0338143318072746e-05,787,91292,,3.532976788779944,-2.1409371753648743,0.1511898357901731
788,3.142884694545822e-05,788,91408,,3.532976788779944,-2.1409371753648743,0.1511898357901731
789,9.476271192743191e-06,789,91524,5,3.504693348536841,-2.1712232087283585,0.14702805106970596
790,4.720996472168393e-05,790,91640,,3.504693348536841,-2.1712232087283585,0.14702805106970596
791,6.212015015685801e-05,791,91756,,3.504693348536841,-2.1712232087283585,0.14702805106970596
792,6.379782271601075e-05,792,91872,,3.504693348536841,-2.1712232087283585,0.14702805106970596
793,8.429082392155673e-05,793,91988,,3.504693348536841,-2.1712232087283585,0.14702805106970596
794,9.318122634188741e-05,794,92104,5,3.5653639830611397,-2.138871013719438,0.13026518694990497
795,8.695327079799586e-05,795,92220,,3.5653639830611397,-2.138871013719438,0.13026518694990497
796,6.807742499537195e-05,796,92336,,3.5653639830611397,-2.138871013719438,0.13026518694990497
797,6.242378815737859e-05,797,92452,,3.5653639830611397,-2.138871013719438,0.13026518694990497
798,4.958688283662749e-05,798,92568,,3.5653639830611397,-2.138871013719438,0.13026518694990497
799,2.0718622537080345e-05,799,92684,5,3.561040248968414,-2.151940284037311,0.12350749446147491
800,2.3157147011731993e-05,800,92800,,3.561040248968414,-2.151940284037311,0.12350749446147491
801,5.355365903303433e-05,801,92916,,3.561040248968414,-2.151940284037311,0.12350749446147491
802,5.7488976436786965e-05,802,93032,,3.561040248968414,-2.151940284037311,0.12350749446147491
803,7.095416333158244e-05,803,93148,,3.561040248968414,-2.151940284037311,0.12350749446147491
804,8.743251205692304e-05,804,93264,5,3.594285656041613,-2.1387195694005787,0.11256475807933697
805,9.095041483833666e-05,805,93380,,3.594285656041613,-2.1387195694005787,0.11256475807933697
806,8.01118205470408e-05,806,93496,,3.594285656041613,-2.1387195694005787,0.11256475807933697
807,6.287407113592103e-05,807,93612,,3.594285656041613,-2.1387195694005787,0.11256475807933697
808,5.8668772178832596e-05,808,93728,,3.594285656041613,-2.1387195694005787,0.11256475807933697
809,3.759853336368635e-05,809,93844,5,3.6042740248464327,-2.1415426246702927,0.10511123000177491
810,1.177522847706225e-05,810,93960,,3.6042740248464327,-2.1415426246702927,0.10511123000177491
811,3.377986122832244e-05,811,94076,,3.6042740248464327,-2.1415426246702927,0.10511123000177491
812,5.552482310783313e-05,812,94192,,3.6042740248464327,-2.1415426246702927,0.10511123000177491
813,5.478153642651806e-05,813,94308,,3.6042740248464327,-2.1415426246702927,0.10511123000177491
814,7.597986995111494e-05,814,94424,5,3.619277545410375,-2.140764635769484,0.09762238184884664
815,8.843824776541553e-05,815,94540,,3.619277545410375,-2.140764635769484,0.09762238184884664
816,8.740770015744359e-05,816,94656,,3.619277545410375,-2.140764635769484,0.09762238184884664
817,7.330629450053028e-05,817,94772,,3.619277545410375,-2.140764635769484,0.09762238184884664
818,6.0736035624370244e-05,818,94888,,3.619277545410375,-2.140764635769484,0.09762238184884664
819,5.2714134647191546e-05,819,95004,5,3.641241528459904,-2.135090791315297,0.08998318589850385
820,2.801726016024575e-05,820,95120,,3.641241528459904,-2.135090791315297,0.08998318589850385
821,1.1507832961665798e-05,821,95236,,3.641241528459904,-2.135090791315297,0.08998318589850385
822,4.046561965528883e-05,822,95352,,3.641241528459904,-2.135090791315297,0.08998318589850385
823,5.448714590614023e-05,823,95468,,3.641241528459904,-2.135090791315297,0.08998318589850385
824,6.0333750312724366e-05,824,95584,5,3.654358318964248,-2.1353732297154444,0.08371525457364903
825,7.916342812722132e-05,825,95700,,3.654358318964248,-2.1353732297154444,0.08371525457364903
826,8.793987849714524e-05,826,95816,,3.654358318964248,-2.1353732297154444,0.08371525457364903
827,8.32979119480548e-05,827,95932,,3.654358318964248,-2.1353732297154444,0.08371525457364903
828,6.707755932516823e-05,828,96048,,3.654358318964248,-2.1353732297154444,0.08371525457364903
829,5.782185081118496e-05,829,96164,5,3.680214320862204,-2.1268721332217684,0.07681626330348346
830,4.588247353273789e-05,830,96280,,3.680214320862204,-2.1268721332217684,0.07681626330348346
831,2.1329611198717124e-05,831,96396,,3.680214320862204,-2.1268721332217684,0.07681626330348346
832,1.4052130669683915e-05,832,96512,,3.680214320862204,-2.1268721332217684,0.07681626330348346
833,4.410994015996428e-05,833,96628,,3.680214320862204,-2.1268721332217684,0.07681626330348346
834,5.162982796141913e-05,834,96744,5,3.6806069842469946,-2.135538771078313,0.07243633075936406
835,6.442297011749476e-05,835,96860,,3.6806069842469946,-2.135538771078313,0.07243633075936406
836,8.087639220977216e-05,836,96976,,3.6806069842469946,-2.135538771078313,0.07243633075936406
837,8.650795423553737e-05,837,97092,,3.6806069842469946,-2.135538771078313,0.07243633075936406
838,7.916583291944779e-05,838,97208,,3.6806069842469946,-2.135538771078313,0.07243633075936406
839,6.172094136761008e-05,839,97324,5,3.7211392516226485,-2.116984008616703,0.06539648438523127
840,5.463023241034093e-05,840,97440,,3.7211392516226485,-2.116984008616703,0.06539648438523127
841,3.9114809194329414e-05,841,97556,,3.7211392516226485,-2.116984008616703,0.06539648438523127
842,1.594993792805588e-05,842,97672,,3.7211392516226485,-2.116984008616703,0.06539648438523127
843,2.036416392064977e-05,843,97788,,3.7211392516226485,-2.116984008616703,0.06539648438523127
844,4.556024010926585e-05,844,97904,5,3.684943319678883,-2.150915470953728,0.06426205111610894
845,4.905344853362026e-05,845,98020,,3.684943319678883,-2.150915470953728,0.06426205111610894
846,6.721078310578665e-05,846,98136,,3.684943319678883,-2.150915470953728,0.06426205111610894
847,8.14948828689599e-05,847,98252,,3.684943319678883,-2.150915470953728,0.06426205111610894
848,8.460543000599063e-05,848,98368,,3.684943319678883,-2.150915470953728,0.06426205111610894
849,7.537372956317734e-05,849,98484,5,3.7573841171566342,-2.109896886944688,0.05592099734317424
850,5.848445928149926e-05,850,98600,,3.7573841171566342,-2.109896886944688,0.05592099734317424
851,5.154245125887913e-05,851,98716,,3.7573841171566342,-2.109896886944688,0.05592099734317424
852,3.3608663553563733e-05,852,98832,,3.7573841171566342,-2.109896886944688,0.05592099734317424
853,1.3613840764564733e-05,853,98948,,3.7573841171566342,-2.109896886944688,0.05592099734317424
854,2.4369127406609348e-05,854,99064,5,3.704231511501665,-2.1560754238319433,0.05610504266219429
855,4.553852983688045e-05,855,99180,,3.704231511501665,-2.1560754238319433,0.05610504266219429
856,4.98056824359272e-05,856,99296,,3.704231511501665,-2.1560754238319433,0.05610504266219429
857,6.889689825559375e-05,857,99412,,3.704231511501665,-2.1560754238319433,0.05610504266219429
858,8.13506966556854e-05,858,99528,,3.704231511501665,-2.1560754238319433,0.05610504266219429
859,8.257497462907382e-05,859,99644,5,3.7888816728305486,-2.105578240690756,0.0480394023496995
860,7.213666726374468e-05,860,99760,,3.7888816728305486,-2.105578240690756,0.0480394023496995
861,5.7348742412949294e-05,861,99876,,3.7888816728305486,-2.105578240690756,0.0480394023496995
862,4.882786892321245e-05,862,99992,,3.7888816728305486,-2.105578240690756,0.0480394023496995
863,3.0133590281866685e-05,863,100108,,3.7888816728305486,-2.105578240690756,0.0480394023496995
864,1.4145895762401883e-05,864,100224,5,3.767669529597689,-2.1284373296345733,0.04642666598963485
865,2.6544455308086246e-05,865,100340,,3.767669529597689,-2.1284373296345733,0.04642666598963485
866,4.460806595896205e-05,866,100456,,3.767669529597689,-2.1284373296345733,0.04642666598963485
867,5.162235601127718e-05,867,100572,,3.767669529597689,-2.1284373296345733,0.04642666598963485
868,6.967683886738296e-05,868,100688,,3.767669529597689,-2.1284373296345733,0.04642666598963485
869,8.070701684939618e-05,869,100804,5,3.8154884118722947,-2.104111790480122,0.04147551581161402
870,8.064717831440804e-05,870,100920,,3.8154884118722947,-2.104111790480122,0.04147551581161402
871,6.956143419115102e-05,871,101036,,3.8154884118722947,-2.104111790480122,0.04147551581161402
872,5.6182653569436525e-05,872,101152,,3.8154884118722947,-2.104111790480122,0.04147551581161402
873,4.6661099366185343e-05,873,101268,,3.8154884118722947,-2.104111790480122,0.04147551581161402
874,2.762315777751767e-05,874,101384,5,3.816686199198959,-2.1114719412094987,0.03907397454993422
875,1.4794622050368078e-05,875,101500,,3.816686199198959,-2.1114719412094987,0.03907397454993422
876,2.7283178010456544e-05,876,101616,,3.816686199198959,-2.1114719412094987,0.03907397454993422
877,4.3416771207477334e-05,877,101732,,3.816686199198959,-2.1114719412094987,0.03907397454993422
878,5.25404174581412e-05,878,101848,,3.816686199198959,-2.1114719412094987,0.03907397454993422
879,6.971816131945419e-05,879,101964,5,3.8371403739686682,-2.105736915748193,0.03600840864604926
880,7.975346969502084e-05,880,102080,,3.8371403739686682,-2.105736915748193,0.03600840864604926
881,7.895964448084714e-05,881,102196,,3.8371403739686682,-2.105736915748193,0.03600840864604926
882,6.768154181013841e-05,882,102312,,3.8371403739686682,-2.105736915748193,0.03600840864604926
883,5.512701651799734e-05,883,102428,,3.8371403739686682,-2.105736915748193,0.03600840864604926
884,4.514273963654447e-05,884,102544,5,3.854811365718872,-2.1018246033949963,0.03328583119976036
885,2.6067095036469423e-05,885,102660,,3.854811365718872,-2.1018246033949963,0.03328583119976036
886,1.5444941506903564e-05,886,102776,,3.854811365718872,-2.1018246033949963,0.03328583119976036
887,2.7350625655536698e-05,887,102892,,3.854811365718872,-2.1018246033949963,0.03328583119976036
888,4.347491126829861e-05,888,103008,,3.854811365718872,-2.1018246033949963,0.03328583119976036
889,5.2650813685467535e-05,889,103124,5,3.862080277161396,-2.104938638447801,0.03114541737226517
890,6.914796841681059e-05,890,103240,,3.862080277161396,-2.104938638447801,0.03114541737226517
891,7.860775287726884e-05,891,103356,,3.862080277161396,-2.104938638447801,0.03114541737226517
892,7.757405176622711e-05,892,103472,,3.862080277161396,-2.104938638447801,0.03114541737226517
893,6.648116223603728e-05,893,103588,,3.862080277161396,-2.104938638447801,0.03114541737226517
894,5.424915874183145e-05,894,103704,5,3.892887420175557,-2.091939680699804,0.028340262330647015
895,4.43141064207786e-05,895,103820,,3.892887420175557,-2.091939680699804,0.028340262330647015
896,2.5432642998951538e-05,896,103936,,3.892887420175557,-2.091939680699804,0.028340262330647015
897,1.6045016964449932e-05,897,104052,,3.892887420175557,-2.091939680699804,0.028340262330647015
898,2.7155791029964682e-05,898,104168,,3.892887420175557,-2.091939680699804,0.028340262330647015
899,4.311182905680777e-05,899,104284,5,3.8769438939039014,-2.111090122788756,0.0272768460857038
900,5.2035434585151474e-05,900,104400,,3.8769438939039014,-2.111090122788756,0.0272768460857038
901,6.804981787866815e-05,901,104516,,3.8769438939039014,-2.111090122788756,0.0272768460857038
902,7.732327784668036e-05,902,104632,,3.8769438939039014,-2.111090122788756,0.0272768460857038
903,7.649175218418791e-05,903,104748,,3.8769438939039014,-2.111090122788756,0.0272768460857038
904,6.591125996946445e-05,904,104864,5,3.92850472152511,-2.083436947306069,0.024185214794959276
905,5.3545106718871915e-05,905,104980,,3.92850472152511,-2.083436947306069,0.024185214794959276
906,4.416822409236687e-05,906,105096,,3.92850472152511,-2.083436947306069,0.024185214794959276
907,2.5682341027344346e-05,907,105212,,3.92850472152511,-2.083436947306069,0.024185214794959276
908,1.6594884039766722e-05,908,105328,,3.92850472152511,-2.083436947306069,0.024185214794959276
909,2.606418183651038e-05,909,105444,5,3.8911767211659525,-2.1177470486602528,0.02393502976459594
910,4.236825749318052e-05,910,105560,,3.8911767211659525,-2.1177470486602528,0.02393502976459594
911,5.076380820168147e-05,911,105676,,3.8911767211659525,-2.1177470486602528,0.02393502976459594
912,6.646722966688334e-05,912,105792,,3.8911767211659525,-2.1177470486602528,0.02393502976459594
913,7.589876156730013e-05,913,105908,,3.8911767211659525,-2.1177470486602528,0.02393502976459594
914,7.566544553558319e-05,914,106024,5,3.9582749569846145,-2.078500967003221,0.02077269839362339
915,6.589807346799037e-05,915,106140,,3.9582749569846145,-2.078500967003221,0.02077269839362339
916,5.2938505471111785e-05,916,106256,,3.9582749569846145,-2.078500967003221,0.02077269839362339
917,4.465179746959702e-05,917,106372,,3.9582749569846145,-2.078500967003221,0.02077269839362339
918,2.6782529005398015e-05,918,106488,,3.9582749569846145,-2.078500967003221,0.02077269839362339
919,1.713717195364617e-05,919,106604,5,3.9378999980535005,-2.1001151103056284,0.02012418395484339
920,2.4032775634175163e-05,920,106720,,3.9378999980535005,-2.1001151103056284,0.02012418395484339
921,4.1194171137570734e-05,921,106836,,3.9378999980535005,-2.1001151103056284,0.02012418395484339
922,4.88960812149164e-05,922,106952,,3.9378999980535005,-2.1001151103056284,0.02012418395484339
923,6.441130798448547e-05,923,107068,,3.9378999980535005,-2.1001151103056284,0.02012418395484339
924,7.428796264530302e-05,924,107184,5,3.982226417556694,-2.0770309873868875,0.01796451344743666
925,7.50067015745648e-05,925,107300,,3.982226417556694,-2.0770309873868875,0.01796451344743666
926,6.634533196914205e-05,926,107416,,3.982226417556694,-2.0770309873868875,0.01796451344743666
927,5.2277759804375545e-05,927,107532,,3.982226417556694,-2.0770309873868875,0.01796451344743666
928,4.565596174554987e-05,928,107648,,3.982226417556694,-2.0770309873868875,0.01796451344743666
929,2.8701177361201147e-05,929,107764,5,3.985358548683383,-2.0821444141729186,0.01689564884091599
930,1.7748874213324717e-05,930,107880,,3.985358548683383,-2.0821444141729186,0.01689564884091599
931,2.0985129468742425e-05,931,107996,,3.985358548683383,-2.0821444141729186,0.01689564884091599
932,3.9438223725041244e-05,932,108112,,3.985358548683383,-2.0821444141729186,0.01689564884091599
933,4.649088430649928e-05,933,108228,,3.985358548683383,-2.0821444141729186,0.01689564884091599
934,6.187231507487345e-05,934,108344,5,4.000483565726276,-2.0790649918025164,0.015650746225711387
935,7.241084128481456e-05,935,108460,,4.000483565726276,-2.0790649918025164,0.015650746225711387
936,7.439195101618945e-05,936,108576,,4.000483565726276,-2.0790649918025164,0.015650746225711387
937,6.713266623945002e-05,937,108692,,4.000483565726276,-2.0790649918025164,0.015650746225711387
938,5.3304998534647874e-05,938,108808,,4.000483565726276,-2.0790649918025164,0.015650746225711387
939,4.6995307423497445e-05,939,108924,5,4.019316993792966,-2.073392184913214,0.014426008423161552
940,3.139161384890787e-05,940,109040,,4.019316993792966,-2.073392184913214,0.014426008423161552
941,1.853357827394375e-05,941,109156,,4.019316993792966,-2.073392184913214,0.014426008423161552
942,2.0201871166275476e-05,942,109272,,4.019316993792966,-2.073392184913214,0.014426008423161552
943,3.6846413248359244e-05,943,109388,,4.019316993792966,-2.073392184913214,0.014426008423161552
944,4.3816971585647346e-05,944,109504,5,4.0216063591099145,-2.0788798081229363,0.013589329624369206
945,5.883401282838485e-05,945,109620,,4.0216063591099145,-2.0788798081229363,0.013589329624369206
946,7.016544153190529e-05,946,109736,,4.0216063591099145,-2.0788798081229363,0.013589329624369206
947,7.366741946077116e-05,947,109852,,4.0216063591099145,-2.0788798081229363,0.013589329624369206
948,6.811110407345389e-05,948,109968,,4.0216063591099145,-2.0788798081229363,0.013589329624369206
949,5.554380883215915e-05,949,110084,5,4.055401866218811,-2.0629696227796326,0.012275826857743866
950,4.837668112903093e-05,950,110200,,4.055401866218811,-2.0629696227796326,0.012275826857743866
951,3.4754741126713506e-05,951,110316,,4.055401866218811,-2.0629696227796326,0.012275826857743866
952,1.9613650304756147e-05,952,110432,,4.055401866218811,-2.0629696227796326,0.012275826857743866
953,1.9699628470287722e-05,953,110548,,4.055401866218811,-2.0629696227796326,0.012275826857743866
954,3.3086815994287644e-05,954,110664,5,4.030117094968899,-2.0874807148772283,0.012015142344882879
955,4.3376899672292746e-05,955,110780,,4.030117094968899,-2.0874807148772283,0.012015142344882879
956,5.5290690750858795e-05,956,110896,,4.030117094968899,-2.0874807148772283,0.012015142344882879
957,6.744222542448552e-05,957,111012,,4.030117094968899,-2.0874807148772283,0.012015142344882879
958,7.265581317453251e-05,958,111128,,4.030117094968899,-2.0874807148772283,0.012015142344882879
959,6.909839873744938e-05,959,111244,5,4.084924861531775,-2.056546148593627,0.010530159888495927
960,5.8086643076854516e-05,960,111360,,4.084924861531775,-2.056546148593627,0.010530159888495927
961,4.937521605466455e-05,961,111476,,4.084924861531775,-2.056546148593627,0.010530159888495927
962,3.857419523650707e-05,962,111592,,4.084924861531775,-2.056546148593627,0.010530159888495927
963,2.1120368697891134e-05,963,111708,,4.084924861531775,-2.056546148593627,0.010530159888495927
964,1.943282149455272e-05,964,111824,5,4.060216676355864,-2.0802586052522405,0.010305569999073505
965,2.7828005492586128e-05,965,111940,,4.060216676355864,-2.0802586052522405,0.010305569999073505
966,4.192161575630737e-05,966,112056,,4.060216676355864,-2.0802586052522405,0.010305569999073505
967,5.1266490408291565e-05,967,112172,,4.060216676355864,-2.0802586052522405,0.010305569999073505
968,6.41424307885885e-05,968,112288,,4.060216676355864,-2.0802586052522405,0.010305569999073505
969,7.11670078986093e-05,969,112404,5,4.107961981381457,-2.054047759753987,0.009108357862392502
970,6.987778641101561e-05,970,112520,,4.107961981381457,-2.054047759753987,0.009108357862392502
971,6.077185210823233e-05,971,112636,,4.107961981381457,-2.054047759753987,0.009108357862392502
972,4.94569423770963e-05,972,112752,,4.107961981381457,-2.054047759753987,0.009108357862392502
973,4.2428601172178615e-05,973,112868,,4.107961981381457,-2.054047759753987,0.009108357862392502
974,2.5858271794271248e-05,974,112984,5,4.108651072033721,-2.0599242650656038,0.008600934103873747
975,1.9581940647134255e-05,975,113100,,4.108651072033721,-2.0599242650656038,0.008600934103873747
976,2.3266694337609195e-05,976,113216,,4.108651072033721,-2.0599242650656038,0.008600934103873747
977,3.8713839808829364e-05,977,113332,,4.108651072033721,-2.0599242650656038,0.008600934103873747
978,4.6834204248835665e-05,978,113448,,4.108651072033721,-2.0599242650656038,0.008600934103873747
979,6.02018882594757e-05,979,113564,5,4.1248687693137605,-2.055330513808163,0.007946435547148134
980,6.901430712830114e-05,980,113680,,4.1248687693137605,-2.055330513808163,0.007946435547148134
981,7.020398470913847e-05,981,113796,,4.1248687693137605,-2.055330513808163,0.007946435547148134
982,6.338360023128153e-05,982,113912,,4.1248687693137605,-2.055330513808163,0.007946435547148134
983,5.09687351123167e-05,983,114028,,4.1248687693137605,-2.055330513808163,0.007946435547148134
984,4.5624512797604044e-05,984,114144,5,4.140455954078722,-2.051065083532454,0.007347076966650157
985,3.187357909698041e-05,985,114260,,4.140455954078722,-2.051065083532454,0.007347076966650157
986,2.032976598029257e-05,986,114376,,4.140455954078722,-2.051065083532454,0.007347076966650157
987,2.1740380465790077e-05,987,114492,,4.140455954078722,-2.051065083532454,0.007347076966650157
988,3.308680353769633e-05,988,114608,,4.140455954078722,-2.051065083532454,0.007347076966650157
989,4.27885545814799e-05,989,114724,5,4.140634277102261,-2.057130259568759,0.006947613331960145
990,5.562002080727879e-05,990,114840,,4.140634277102261,-2.057130259568759,0.006947613331960145
991,6.603807825542041e-05,991,114956,,4.140634277102261,-2.057130259568759,0.006947613331960145
992,6.981810022349544e-05,992,115072,,4.140634277102261,-2.057130259568759,0.006947613331960145
993,6.564902897285285e-05,993,115188,,4.140634277102261,-2.057130259568759,0.006947613331960145
994,5.5016338682684074e-05,994,115304,5,4.1734813243318545,-2.0410061073482155,0.006260332916547817
995,4.726892474740674e-05,995,115420,,4.1734813243318545,-2.0410061073482155,0.006260332916547817
996,3.784962902605993e-05,996,115536,,4.1734813243318545,-2.0410061073482155,0.006260332916547817
997,2.1847326606400097e-05,997,115652,,4.1734813243318545,-2.0410061073482155,0.006260332916547817
998,2.0828137224260246e-05,998,115768,,4.1734813243318545,-2.0410061073482155,0.006260332916547817
999,2.649275549551633e-05,999,115884,5,4.1530187620548835,-2.061425960621332,0.006112610732826429
1000,4.020942806842731e-05,1000,116000,,4.1530187620548835,-2.061425960621332,0.006112610732826429
