step,BigLeduc/tau,BigLeduc/alpha,BigLeduc/beta,BigLeduc/gamma,BigLeduc/conv,BigLeduc/iters
0,1,1.0224879191439482,-0.8825253571253122,4.9972556300742,4.157665252685547,0
1,,,,,4.157665252685547,1
2,1,1.0255333535840228,-0.8838958880641179,4.997224649023956,6.243745565414429,2
3,1,1.045191389941824,-0.8835207128602651,4.9970663138519935,6.317889213562012,3
4,1,1.0487680684849905,-0.8848367275118179,4.997029477405537,5.746143102645874,4
5,1,1.0479595544929368,-0.8865846638188735,4.997026755093494,2.5281805992126465,5
6,1,1.0175684662614302,-0.8920808752690976,4.9972499792190455,2.2331918478012085,6
7,1,1.0155924936906136,-0.894242332873121,4.997256028380757,1.0945109128952026,7
8,1,0.9900689430949396,-0.9006896235150039,4.9974327741995275,0.9767884314060211,8
9,1,0.9885281799984273,-0.9030568136607369,4.997435410199149,0.5954336225986481,9
10,1,0.9719564617915242,-0.9088875364026023,4.997542960880696,0.47574950754642487,10
11,1,0.9660964089260802,-0.9125653466741168,4.997575038690829,0.5129319280385971,11
12,1,0.9719766830963117,-0.9133135111783863,4.997526472894898,0.44116896390914917,12
13,1,0.9689985585162939,-0.9163441103385321,4.997538778005553,0.5222843289375305,13
14,1,0.9785759667208573,-0.9161400458823841,4.997463577145484,0.5620472580194473,14
15,1,0.9844321070959499,-0.9169215433816846,4.997413361207803,0.5190698206424713,15
16,1,0.9842449924312011,-0.9192237231409808,4.9974059021904855,0.5240654498338699,16
17,1,0.9875902085916419,-0.9206442161414508,4.997372906576722,0.31205782294273376,17
18,1,0.970077823000751,-0.9277712929145361,4.9974887270668695,0.19997932016849518,18
19,1,0.9556024562615146,-0.9347308270899302,4.997580283624867,0.16513586044311523,19
20,1,0.9510511004822573,-0.9388118488730546,4.997602638625125,0.13406699523329735,20
21,1,0.9458238635862899,-0.9432482200522607,4.997629033338679,0.12762419134378433,21
22,1,0.9467958334568154,-0.9455514900061863,4.997613807950746,0.107142373919487,22
23,1,0.9428545488532403,-0.9496869783285631,4.997631163122868,0.10068555176258087,23
24,1,0.9433147633244745,-0.9522402136176742,4.997619173746955,0.07755354046821594,24
25,1,0.9359883254139567,-0.9578114139626344,4.997658227493906,0.07427290827035904,25
26,1,0.9371807080008274,-0.9601405387540232,4.997641345237451,0.06156301125884056,26
27,1,0.932713959051221,-0.9647175429725072,4.997661114615217,0.05628611147403717,27
28,1,0.9320837516975236,-0.967817996426175,4.997655868551618,0.07257069647312164,28
29,1,0.9449499057773241,-0.9655463740213468,4.997561796089889,0.09191135317087173,29
30,1,0.9571675441731649,-0.9635743795251352,4.9974686729128415,0.1704060584306717,30
31,1,0.984515675556602,-0.9561551686771792,4.997260751688534,0.22193028777837753,31
32,1,0.998026444655078,-0.9542134357922996,4.997147594600934,0.17471890151500702,32
33,1,0.9914505292327656,-0.9590941845007217,4.997187369296546,0.1306949146091938,33
34,1,0.9828666980547447,-0.964928397914639,4.997241884305584,0.11376948282122612,34
35,1,0.9803153043163846,-0.9686925073127859,4.997250418640522,0.09579997882246971,35
36,1,0.9764324042705228,-0.9730551098178777,4.997268610656709,0.08306589722633362,36
37,1,0.9737059228395195,-0.9770382676375737,4.9972779202354625,0.07594882696866989,37
38,1,0.9730888250342271,-0.9802068913611603,4.997271514139685,0.07180468738079071,38
39,1,0.9738043857353054,-0.9828543838568544,4.997255153922845,0.064565759152174,39
40,1,0.9725171383246625,-0.986348354860846,4.997253426000592,0.058060016483068466,40
41,1,0.9712289729447041,-0.9898751976001474,4.997251556774318,0.05511806346476078,41
42,1,0.9721048808592943,-0.9925192231193742,4.997233618696612,0.05631600506603718,42
43,1,0.975924255943754,-0.9939308602893571,4.997193602762541,0.05404162406921387,43
44,1,0.9772359122229242,-0.9964135052591538,4.9971719478606484,0.04954845458269119,44
45,1,0.9767195411876748,-0.999695366664298,4.997163845468624,0.04941837675869465,45
46,1,0.9795823941468798,-1.0015410876385888,4.997130095453317,0.04928537830710411,46
47,1,0.98244770001953,-1.003393318182157,4.997095932468364,0.052189525216817856,47
48,1,0.9877342048862716,-1.0042019778583064,4.99704258457727,0.04545215703547001,48
49,1,0.9851437804991334,-1.0084417590107118,4.997049978462701,0.0395946241915226,49
50,1,0.9825557823754028,-1.0127073485403253,4.997057071947875,0.03755776770412922,50
51,1,0.9834015261297973,-1.015482302161999,4.997037525472223,0.03266270458698273,51
52,1,0.9807327561640533,-1.0198275371720267,4.997044844692767,0.03233503457158804,52
53,1,0.98330369030124,-1.0218615302983811,4.997011667187568,0.03733794018626213,53
54,1,0.9921271317738711,-1.0211189669817617,4.996928899475028,0.041808901354670525,54
55,1,0.9997256601418105,-1.0209280155976135,4.996853958016471,0.04646723344922066,55
56,1,1.007041129218624,-1.0208681922004361,4.996779670156802,0.041675569489598274,56
57,1,1.0056198642608372,-1.0246840969444668,4.996777080879648,0.0409532506018877,57
58,1,1.0079250028459776,-1.0268568958570479,4.996743312848981,0.07944875210523605,58
59,1,1.038113003696211,-1.016723251602004,4.996464792277433,0.06575959920883179,59
60,1,1.0334050580391172,-1.021952992144678,4.996492080019097,0.059782374650239944,60
61,1,1.0325488173850452,-1.02552139060403,4.9964843142318704,0.06370189599692822,61
62,1,1.0382238651247442,-1.0262084344511548,4.996417047217502,0.05961393192410469,62
63,1,1.038559073018547,-1.0292677688344356,4.99639799978762,0.05588662810623646,63
64,1,1.0389648066346635,-1.0323085704824075,4.996378070246374,0.060032568871974945,64
65,1,1.0449941828706433,-1.032847137609617,4.996305590506761,0.05529610998928547,65
66,1,1.0446734044520147,-1.0362289029840017,4.996291876724333,0.05336394160985947,66
67,1,1.0462804125256406,-1.0387587245676453,4.996259795246836,0.047904111444950104,67
68,1,1.044886469742364,-1.0426530139600863,4.996255731718577,0.04304893873631954,68
69,1,1.0435310591072953,-1.0465506271593707,4.996251050566199,0.04226450435817242,69
70,1,1.0458475416516784,-1.0487926308022324,4.99621155481975,0.04039805009961128,70
71,1,1.0470522190324707,-1.051550342333054,4.9961821975536225,0.038538217544555664,71
72,1,1.0481749760172434,-1.05435609888672,4.996153305005532,0.035188473761081696,72
73,1,1.0474699898945175,-1.0580154342695405,4.996141590235016,0.03583195433020592,73
74,1,1.0513160481540098,-1.0595859155206344,4.99608592838349,0.03360889758914709,74
75,1,1.0517315381690602,-1.0627506968268339,4.99606290015981,0.035320959985256195,75
76,1,1.056908859913869,-1.0637142256230414,4.995993015986238,0.03158052824437618,76
77,1,1.0553178081416648,-1.0678328078780304,4.9959890623154255,0.028118637390434742,77
78,1,1.0535454717539416,-1.072059534732368,4.995986593837639,0.025051197968423367,78
79,1,1.0517917731387856,-1.0763017258383734,4.995983642829124,0.023316548205912113,79
80,1,1.0518718144414714,-1.0796971044916057,4.9959625197899875,0.022426963783800602,80
81,1,1.0533329311821538,-1.082449509976025,4.995927571886038,0.021523430943489075,81
82,1,1.0547009646901557,-1.0852565472452809,4.995893157470558,0.020759331062436104,82
83,1,1.0562794278172927,-1.0879731409982574,4.995856270339156,0.019748697988688946,83
84,1,1.0572771483748677,-1.0909791045543569,4.995824777413604,0.018979900516569614,84
85,1,1.0587060370583525,-1.093788619894395,4.9957886020906415,0.017801973968744278,85
86,1,1.0591033055531718,-1.0971088909006386,4.99576243099382,0.01841096393764019,86
87,1,1.0636431585011221,-1.098428377560051,4.9956938465877645,0.018575972877442837,87
88,1,1.0671418483349757,-1.1002581544260015,4.995634986575621,0.018033776432275772,88
89,1,1.0690067579068883,-1.102889840510067,4.9955923816018215,0.022065462544560432,89
90,1,1.0807309633441107,-1.100725438915458,4.995444523832589,0.0271125677973032,90
91,1,1.0926675245738715,-1.098476741411025,4.995289430237697,0.026426272466778755,91
92,1,1.0947315616767805,-1.101009397159575,4.995241599306958,0.025971602648496628,92
93,1,1.0971520795709182,-1.1033774332163038,4.995189179433359,0.02399233542382717,93
94,1,1.0969223033332787,-1.1070450516080454,4.995166316049831,0.02160467393696308,94
95,1,1.0955930850553735,-1.1112692772812094,4.9951555844718865,0.019377995282411575,95
96,1,1.0940888529627701,-1.1156029792586455,4.99514648220932,0.01976124197244644,96
97,1,1.0980957896277543,-1.1172304467651477,4.995074413238786,0.019828726537525654,97
98,1,1.101413276235062,-1.119203858768635,4.995009292129765,0.018375311978161335,98
99,1,1.1013083113120181,-1.1228838520952824,4.994983168110558,0.01774892769753933,99
100,1,1.1029880416936795,-1.1256892348915097,4.994935904926035,0.016365010756999254,100
101,1,1.1026606421937981,-1.1295110085293492,4.994911608406587,0.016962232533842325,101
102,1,1.1073895936366447,-1.1308066408718829,4.994827404945195,0.015945625491440296,102
103,1,1.1078993200834288,-1.1342303845837454,4.99479235066793,0.01581156998872757,103
104,1,1.1107201728468483,-1.1364992666860476,4.994729194740678,0.014714471064507961,104
105,1,1.1107906090999369,-1.1401704729866298,4.994698479849878,0.014692776836454868,105
106,1,1.1139181423431856,-1.1423004192575836,4.994630312632663,0.013742061331868172,106
107,1,1.1142047698253779,-1.1458874781149186,4.994596053754709,0.012788246385753155,107
108,1,1.1142698491765288,-1.1496042736015015,4.99456407193941,0.012515067588537931,108
109,1,1.116526448380983,-1.1522080733072506,4.994504716996746,0.011703428812325,109
110,1,1.1168017447308467,-1.155844996409322,4.994469215655928,0.01118663465604186,110
111,1,1.1180310505223434,-1.1590023800301572,4.994421412423043,0.010949048679322004,111
112,1,1.120296510369716,-1.1616319204064838,4.994360073266051,0.010578222572803497,112
113,1,1.1219956181617925,-1.1645661054990941,4.994305143322562,0.00980318058282137,113
114,1,1.121870882879581,-1.1684681882592962,4.994272695718615,0.009468547534197569,114
115,1,1.1235577979126856,-1.1714331811538266,4.994216772738235,0.008921166881918907,115
116,1,1.1241556025169714,-1.174985156671835,4.994174134762568,0.008873110637068748,116
117,1,1.1271329502834915,-1.1772884565414898,4.9941003259121075,0.008242011070251465,117
118,1,1.1271039383013588,-1.1811995484960236,4.994064639411672,0.008878893218934536,118
119,1,1.1336043005697507,-1.1816403179399733,4.993942972054878,0.008948111906647682,119
120,1,1.137175064849051,-1.1836467658207692,4.993858223096968,0.009961145929992199,120
121,1,1.1451472753928376,-1.1833092359450783,4.993712415592579,0.010887772776186466,121
122,1,1.1523260033474771,-1.183399164213602,4.993574368181745,0.013105647638440132,122
123,1,1.1637928305300946,-1.1812163212180349,4.99337181266738,0.01111040823161602,123
124,1,1.1597316759651168,-1.1872937325432076,4.9933899578693275,0.010771058965474367,124
125,1,1.1616157062602626,-1.1902229945099887,4.993322088463209,0.0113281961530447,125
126,1,1.167121851096553,-1.1912175554711555,4.993200486206929,0.009192698635160923,126
127,1,1.1610974032099546,-1.1984286113912133,4.993246294531864,0.009458542801439762,127
128,1,1.165632151166109,-1.1999581132316728,4.993137580638848,0.008931053802371025,128
129,1,1.1663437402910253,-1.2035691985801298,4.993083858410054,0.009236141107976437,129
130,1,1.1711152381718501,-1.2049800377307132,4.992968978472035,0.008327900897711515,130
131,1,1.1697671245771408,-1.2097399904999322,4.992944562869594,0.008380015846341848,131
132,1,1.1733232147682713,-1.211828525900613,4.9928457748059945,0.007934841560199857,132
133,1,1.1741601312506986,-1.2154203697338506,4.992787114337304,0.008122927509248257,133
134,1,1.1784935361494342,-1.2170938673818255,4.992674025178346,0.007516845827922225,134
135,1,1.1783017692696784,-1.2212779829301448,4.9926295797408144,0.007383800810202956,135
136,1,1.180788316799065,-1.223990308601509,4.992542850425119,0.007555550197139382,136
137,1,1.185114663024927,-1.2256852813807426,4.992425961233524,0.006955842254683375,137
138,1,1.1846887179202756,-1.2300412949719772,4.992383051768093,0.006920969113707542,138
139,1,1.1877598144066561,-1.232452866597534,4.992283724782807,0.006698018638417125,139
140,1,1.1895840455077096,-1.2355734573480444,4.992203203116782,0.0064578482415527105,140
141,1,1.1912389789742561,-1.238800771468887,4.992124430999418,0.0062849922105669975,141
142,1,1.193318831642742,-1.2417987655289595,4.992037722900118,0.006019354797899723,142
143,1,1.1946737528474136,-1.245219495327998,4.991961882126933,0.005845037754625082,143
144,1,1.1966537757870808,-1.2482961452179047,4.991874720525132,0.00593038066290319,144
145,1,1.2006251373386136,-1.2502431038892916,4.991753010442343,0.005684764357283711,145
146,1,1.2020237046974802,-1.2536713562758668,4.991673224658159,0.005846263375133276,146
147,1,1.2066175248384412,-1.2552732489197131,4.991537716484433,0.005594200221821666,147
148,1,1.2079388351592522,-1.258767266837558,4.991456914109385,0.005659777671098709,148
149,1,1.2117976425530788,-1.260805568938215,4.991330764207716,0.005199015140533447,149
150,1,1.2112596840014058,-1.265405005156761,4.991280377513018,0.0054091347847133875,150
151,1,1.216400161333596,-1.266712429630029,4.991128618460136,0.005386719247326255,151
152,1,1.2195490145533152,-1.2691862641215517,4.9910102970712735,0.005282570607960224,152
153,1,1.221998677490723,-1.2720776159904426,4.990903072754929,0.0049777955282479525,153
154,1,1.2226243873066185,-1.2760529904074465,4.990827882654757,0.004902031971141696,154
155,1,1.2252683504124606,-1.278853311352109,4.990714538777032,0.0046801024582237005,155
156,1,1.2264936982995387,-1.2825047576379713,4.990626093709557,0.00506117707118392,156
157,1,1.2334383643744111,-1.282770167547419,4.990428777416185,0.004742605844512582,157
158,1,1.233810390589816,-1.286947142547742,4.99035368978395,0.005173912039026618,158
159,1,1.2411734879677108,-1.2869666824651018,4.990142665149641,0.005058089969679713,159
160,1,1.2434990017571268,-1.2899948453294028,4.990026743485608,0.005106052150949836,160
161,1,1.2473044401968472,-1.2921464231852728,4.98987989251305,0.00445043807849288,161
162,1,1.2443409596413069,-1.2983804583993244,4.989866147366559,0.004695119569078088,162
163,1,1.250184408177644,-1.299320106273007,4.989675601510972,0.004428330110386014,163
164,1,1.2508598635283983,-1.3033934263727252,4.989587013766759,0.004562790971249342,164
165,1,1.2556233619583237,-1.3049960296560137,4.989413549970454,0.004222289542667568,165
166,1,1.2554178807304868,-1.3096339928129543,4.989340442567643,0.00448506441898644,166
167,1,1.2616010865445044,-1.3103789145976295,4.989132981025095,0.004157972522079945,167
168,1,1.2614807767960108,-1.3149890307239773,4.989055639308945,0.004482121439650655,168
169,1,1.2683580793153375,-1.3153114912395116,4.9888277971308295,0.0041529102018103,169
170,1,1.2682127773596306,-1.3199584647776768,4.988748389490607,0.004309527343139052,170
171,1,1.2733342766491764,-1.3213667869010812,4.988552968273807,0.00389143789652735,171
172,1,1.2719891450476626,-1.3267861283880495,4.988497389663966,0.0040342481806874275,172
173,1,1.2770728945563268,-1.3282263711156475,4.98829839619105,0.003964757663197815,173
174,1,1.2796724494484684,-1.3312173270980738,4.988152185009316,0.0038908091373741627,174
175,1,1.2822064790153245,-1.334257664345472,4.988005483570129,0.0037583878729492426,175
176,1,1.2840045848393906,-1.337768586721258,4.9878737062172185,0.0035639244597405195,176
177,1,1.284938530045763,-1.341835880379633,4.987760193273786,0.003607708145864308,177
178,1,1.2889293043747665,-1.3439857414918712,4.987573962882546,0.003397575346753001,178
179,1,1.289542202587137,-1.3482804421773502,4.987464650754369,0.0033894666703417897,179
180,1,1.2928549414191557,-1.3508739193686525,4.987289877241695,0.0033066357718780637,180
181,1,1.295122446720165,-1.354140124679038,4.987137711758776,0.003232488874346018,181
182,1,1.2974884257396544,-1.3573530890979961,4.986981120144767,0.003151788259856403,182
183,1,1.2997338447308642,-1.3606528734102898,4.986825365742276,0.0031576708424836397,183
184,1,1.3032578167216204,-1.363139520196687,4.986635894239379,0.0030907352920621634,184
185,1,1.3056890762655267,-1.3663366176116554,4.986470988843606,0.0030696510802954435,185
186,1,1.308809597983878,-1.3690972555198384,4.986286431670756,0.0030020385747775435,186
187,1,1.3112052903039715,-1.3723345312779465,4.986117743799992,0.003008312312886119,187
188,1,1.3147537428191913,-1.374832447729122,4.985917045008103,0.0028442341135814786,188
189,1,1.31555524859119,-1.3791252054530798,4.98578491725332,0.0028919908218085766,189
190,1,1.3197981067994144,-1.3811843057136954,4.985560818727379,0.0028003775514662266,190
191,1,1.321732223669865,-1.3847586666208045,4.985394632762879,0.003009780775755644,191
192,1,1.3286183820154678,-1.3851014968821178,4.985093139403188,0.0027755125192925334,192
193,1,1.3282364652930152,-1.390205803354481,4.984984221707052,0.0028518654871731997,193
194,1,1.3329972560999575,-1.3919476622551044,4.984733130673566,0.002703089965507388,194
195,1,1.333920797286553,-1.3962212268524952,4.984584537050795,0.0027943345485255122,195
196,1,1.3389798671141018,-1.3977762219337075,4.9843183310812655,0.0027120194863528013,196
197,1,1.341034416842271,-1.4013211996510944,4.984133023895768,0.0026900351513177156,197
198,1,1.3441298378688398,-1.4041863807763177,4.983915437185965,0.0024354682536795735,198
199,1,1.342866115595661,-1.4099653465137778,4.983820440770375,0.00253452081233263,199
200,1,1.3482583567964623,-1.4113135588831376,4.983531020066199,0.002568528987467289,200
201,1,1.3523892697804318,-1.4135105578026126,4.983273976302831,0.002439714386127889,201
202,1,1.3534185271134993,-1.4177913973362222,4.983105415256322,0.0023155866656452417,202
203,1,1.3544115390010716,-1.422114022388247,4.982935750570327,0.0022922063944861293,203
204,1,1.3574229260608452,-1.4250861387400862,4.9827028159557045,0.002321442821994424,204
205,1,1.3615338390117924,-1.4273206891954648,4.982432815527297,0.0022356959525495768,205
206,1,1.3632297537577949,-1.4311995484813216,4.982233467278655,0.0021156695438548923,206
207,1,1.3640826228274123,-1.4356675607110803,4.982057734876102,0.002115925424732268,207
208,1,1.367597074901473,-1.4383284737182038,4.981795940070331,0.002117551281116903,208
209,1,1.3711466733098676,-1.4409715792816469,4.981529095059791,0.0021284513641148806,209
210,1,1.374911077133529,-1.4434734851607092,4.981251300578998,0.0020981160923838615,210
211,1,1.3777379695203131,-1.4466256120707646,4.980999859361028,0.002059762366116047,211
212,1,1.380369151197388,-1.4499207716994136,4.980751240392785,0.0020208958303555846,212
213,1,1.3829732412092668,-1.4532434508199492,4.980499973273705,0.001989964977838099,213
214,1,1.385754928390306,-1.4564518563913613,4.980239146429131,0.001998212421312928,214
215,1,1.3894876192112577,-1.4590078512938807,4.979942208046832,0.0019492912106215954,215
216,1,1.3918199418618957,-1.462543906199187,4.9796888971018,0.0020422847010195255,216
217,1,1.3976250324204684,-1.463670136899005,4.9793111792481834,0.001946194446645677,217
218,1,1.3988231579708317,-1.4680098969219018,4.979089384749459,0.00211468618363142,218
219,1,1.406419058465925,-1.467897566188351,4.978636732200574,0.0018904897151514888,219
220,1,1.4045023984688554,-1.474428720153374,4.978519196937452,0.0021357261575758457,220
221,1,1.4140167177410736,-1.472978037706145,4.977984387083465,0.0021460489369928837,221
222,1,1.4178166332393083,-1.4755230187587245,4.977650758391251,0.0020447984570637345,222
223,1,1.4190159632584023,-1.4798838402278525,4.977409845586417,0.0018181947525590658,223
224,1,1.416835149656976,-1.4866285930377372,4.977293910904791,0.0018416360253468156,224
225,1,1.4210326521347658,-1.4889000276260664,4.9769342234586045,0.0018268009880557656,225
226,1,1.424212122579282,-1.4918904342938024,4.976608428335486,0.001785200904123485,226
227,1,1.4266628634430158,-1.4953974132373657,4.976306574755991,0.0018972354009747505,227
228,1,1.433235806331038,-1.4960007444728567,4.975837102422313,0.0017271462129428983,228
229,1,1.432212600874177,-1.5019635531437934,4.975664877323024,0.0019831181853078306,229
230,1,1.4426051339833126,-1.4998775157507418,4.975027098101194,0.0019599199295043945,230
231,1,1.4456280158123522,-1.502985858200883,4.974681256802482,0.0018255429458804429,231
232,1,1.44573204613866,-1.5081538672130506,4.974452764294683,0.0016213834751397371,232
233,1,1.443499345857391,-1.5149980209843272,4.974320291790798,0.001655589323490858,233
234,1,1.4481357285945815,-1.5169714353057857,4.973895283812878,0.0017030381713993847,234
235,1,1.453143379526172,-1.5186833223207097,4.973447441723863,0.001589594583492726,235
236,1,1.4533623073836597,-1.523804635379333,4.973201768564064,0.001523871615063399,236
237,1,1.454901682010133,-1.527994245089959,4.97289537201533,0.0015851668431423604,237
238,1,1.460472746598525,-1.5293031548585452,4.972405237977979,0.0015577845624648035,238
239,1,1.463242719391657,-1.5326163556895016,4.972033791137015,0.0015008827904239297,239
240,1,1.4650384480529826,-1.5366307512950295,4.9717018952335765,0.0014485959545709193,240
241,1,1.4669238835360086,-1.5405863400387743,4.971361715649024,0.0015173013671301305,241
242,1,1.4728578308772164,-1.541635507140653,4.9708274072822025,0.0015715063200332224,242
243,1,1.4782455950992754,-1.5430832175629603,4.970309785060841,0.0015902681625448167,243
244,1,1.4824885929318348,-1.5453542039091286,4.969838823586353,0.0015363382990472019,244
245,1,1.4844339174970171,-1.5492713098607667,4.969473062952302,0.0016314570675604045,245
246,1,1.4910830181336887,-1.5498276281518457,4.9688695100991875,0.0015031766379252076,246
247,1,1.4906776084748257,-1.5554308085904942,4.968609825938858,0.0015624270308762789,247
248,1,1.4962718105486807,-1.5567429272054998,4.968043422309437,0.0015062702586874366,248
249,1,1.4981248355603318,-1.560737202534572,4.967660159584467,0.001458692247979343,249
250,1,1.5002054286870168,-1.5645734931179716,4.9672602462031685,0.001401808054652065,250
251,1,1.5019067587885404,-1.5686878803654383,4.966875134722371,0.0014207824133336544,251
252,1,1.5062620644280877,-1.5708939009429228,4.9663440087228,0.0014179968275129795,252
253,1,1.509854547797082,-1.5736516653678656,4.965845773272987,0.0013734272797591984,253
254,1,1.5119558525106112,-1.577486676456638,4.965421687400965,0.0013119287905283272,254
255,1,1.513368429073343,-1.5818247743632363,4.965030142197916,0.0013250716147013009,255
256,1,1.517566480673455,-1.5841510372051948,4.964478344621031,0.0013694677036255598,256
257,1,1.5229186625241247,-1.5856459472082358,4.963852532709252,0.0012923024478368461,257
258,1,1.5237304065565538,-1.5904257567584386,4.963477116274804,0.001332596002612263,258
259,1,1.5289792990821809,-1.5919973231469005,4.962839954875305,0.0012940974556840956,259
260,1,1.5312308648200355,-1.595740652910889,4.962368808004477,0.0013942877412773669,260
261,1,1.5386902625080903,-1.5957203196180276,4.961580577832259,0.00132861384190619,261
262,1,1.5399989555759008,-1.6001455562624283,4.961150489948613,0.0013282072031870484,262
263,1,1.5437154441878458,-1.6028340374856351,4.960567872130213,0.0012317023356445134,263
264,1,1.5436672486143532,-1.6082545642344541,4.960209870490463,0.001266888459213078,264
265,1,1.5488182960392498,-1.6099045420760518,4.959522871931272,0.0012260497314855456,265
266,1,1.5509161902503696,-1.613774322781849,4.959018556396317,0.0011485128779895604,266
267,1,1.5513837817488918,-1.6188385067911693,4.958612254803649,0.0010589112062007189,267
268,1,1.5510598636854336,-1.6244967212036643,4.958252677421694,0.001084045390598476,268
269,1,1.555985538411282,-1.6263078518602403,4.957546374002163,0.0010750828078016639,269
270,1,1.5593237254938135,-1.6292861060292736,4.95693400044782,0.0010365304769948125,270
271,1,1.561249813455885,-1.6333044374702852,4.956407643828139,0.0009722388349473476,271
272,1,1.5617998330151945,-1.6383442250334879,4.955967915571653,0.0010728778433986008,272
273,1,1.5705096104436795,-1.6373702756751496,4.954962264534883,0.0010762677411548793,273
274,1,1.5744397936753187,-1.639919862730074,4.954271143260112,0.00111502903746441,274
275,1,1.5799976094309676,-1.641277347989977,4.953453920117464,0.0010806171922013164,275
276,1,1.5821988237361242,-1.6450974617113752,4.952864494083849,0.0011496254010125995,276
277,1,1.5891064278630416,-1.6454701240460725,4.95192411424738,0.0011496066581457853,277
278,1,1.5928961747099186,-1.648127782142534,4.9511975439360505,0.0010280429269187152,278
279,1,1.5910482027085224,-1.654924120930373,4.95088200577322,0.0010174982016906142,279
280,1,1.5943233595805384,-1.6579636322045272,4.950177943085237,0.0010054908925667405,280
281,1,1.5975233759873904,-1.6610600111464007,4.949469461324279,0.0010262655559927225,281
282,1,1.6023589997809466,-1.662951088821225,4.948623940290923,0.0009974866406992078,282
283,1,1.604729445376731,-1.6666615801323426,4.947958547060965,0.0009937855647876859,283
284,1,1.6083524025205886,-1.6694492000884422,4.947184643714275,0.0009905588813126087,284
285,1,1.6120027625940114,-1.6722175367473857,4.946397023077631,0.0009467945201322436,285
286,1,1.6135365939742323,-1.676553640917509,4.945770397018716,0.000990316562820226,286
287,1,1.6196320139261555,-1.677514007616643,4.944759183926381,0.0009523856570012867,287
288,1,1.6214815195306103,-1.6816180089872903,4.944086420309008,0.0009688269346952438,288
289,1,1.6261779485867591,-1.6836148864031881,4.943163571158505,0.0009716289350762963,289
290,1,1.630158083374841,-1.6861428553682363,4.942287501307518,0.0010507529368624091,290
291,1,1.6379712762500145,-1.6858417512800452,4.941062803751147,0.0010685767629183829,291
292,1,1.6426708809288182,-1.6878415461331453,4.940091197367878,0.0010633549536578357,292
293,1,1.6462696410483844,-1.6906516982163386,4.939203103585942,0.0009677518391981721,293
294,1,1.645326363918938,-1.69681481094731,4.938715083687926,0.0009583848877809942,294
295,1,1.6486831418821308,-1.6998054650912353,4.937827999540035,0.0009779821848496795,295
296,1,1.6535687185095609,-1.7016644862498582,4.9367854823850035,0.000908811402041465,296
297,1,1.6536911101246288,-1.707052094664368,4.936175572157767,0.0008814653847366571,297
298,1,1.6559947374164694,-1.7108260630293597,4.935351580518761,0.0008642271859571338,298
299,1,1.6588504520881622,-1.7141902878968307,4.934463347810495,0.0008723707578610629,299
300,1,1.6631930044238052,-1.7164475351052078,4.9334173353580155,0.0008575227402616292,300
301,1,1.6661855645769361,-1.7197093893852728,4.932488668047198,0.0008662062464281917,301
302,1,1.6705707559151892,-1.7219340839479802,4.9314070325239925,0.0008169118955265731,302
303,1,1.6714539748474064,-1.7267682644064823,4.930664418397738,0.0008133257215376943,303
304,1,1.6751051575960418,-1.72953870430997,4.929628880120514,0.000881182961165905,304
305,1,1.6830817019802171,-1.7290861722873694,4.928125964938324,0.0008952055941335857,305
306,1,1.6877754615555507,-1.731080617012832,4.926942471938355,0.0008959509432315826,306
307,1,1.6917071126762315,-1.7336405224195306,4.92582194981007,0.0009331380715593696,307
308,1,1.697686147278973,-1.7346820742512266,4.924460566603047,0.0008870049496181309,308
309,1,1.6989797928049823,-1.7391965531614821,4.923594600203064,0.0008747494721319526,309
310,1,1.7021637053320682,-1.7423094758143125,4.922506589698914,0.0008134618983604014,310
311,1,1.70233535290952,-1.7476655736183768,4.921744083546361,0.0007744521135464311,311
312,1,1.7037150908332488,-1.7521275104256975,4.920835325122867,0.0007713940867688507,312
313,1,1.7074152060200087,-1.7548548847633925,4.919646894522281,0.0007757320709060878,313
314,1,1.711609444888193,-1.7572115656512444,4.918382565213248,0.0007448720862157643,314
315,1,1.7134332771336922,-1.7613420349424433,4.9173805293194635,0.0007269532070495188,315
316,1,1.7160934294452477,-1.7648467149862712,4.916265077816994,0.0006951989489607513,316
317,1,1.7177121287503145,-1.7691347763345049,4.91526096147871,0.0007381795148830861,317
318,1,1.7247121003159476,-1.7693780292027306,4.913580345556845,0.000745965662645176,318
319,1,1.7291725957890223,-1.7715288133871026,4.912187237938843,0.0007746104092802852,319
320,1,1.7350383452187836,-1.7726270074749384,4.910592968396889,0.0007933974848128855,320
321,1,1.7402027876220463,-1.7742505785130211,4.909061567548665,0.0008178720891010016,321
322,1,1.7457034289516016,-1.7756231870940473,4.907460382066249,0.000857566948980093,322
323,1,1.7520891437583508,-1.7763377460869025,4.905713635344203,0.0008187815546989441,323
324,1,1.7536326322482843,-1.780654756888108,4.904590870185027,0.0008005643612705171,324
325,1,1.7564079648737387,-1.7840546681765668,4.903285692802864,0.0007744469039607793,325
326,1,1.758633090167779,-1.787865053999799,4.902038416365553,0.0007586609572172165,326
327,1,1.7615102787668775,-1.7911875770950134,4.900683144155904,0.0007247176545206457,327
328,1,1.7630859704772601,-1.7954848752280896,4.899493304205167,0.0007166048162616789,328
329,1,1.7664474841496371,-1.7984413718159833,4.898032288100795,0.0006702079263050109,329
330,1,1.766929860251496,-1.8035629604104255,4.896968040373908,0.0006739911914337426,330
331,1,1.7711652732861891,-1.8058566349728196,4.895340811861697,0.0006563779897987843,331
332,1,1.7737407395348834,-1.8093995884310716,4.893935446908647,0.0006403071456588805,332
333,1,1.7764041402484363,-1.8128746873028159,4.892497445453964,0.0006999806500971317,333
334,1,1.7849650674733661,-1.8118962217755734,4.890136359056376,0.0007169208256527781,334
335,1,1.7901545750645256,-1.813460429707759,4.888253443093489,0.0006979854078963399,335
336,1,1.7927166320210481,-1.8169973937303072,4.886754323959719,0.0007575240451842546,336
337,1,1.8009185976237907,-1.8162936633095184,4.884330487095026,0.0007710452773608267,337
338,1,1.8057923094947281,-1.8180878345701603,4.882401881414651,0.0008112221548799425,338
339,1,1.812391122162819,-1.8185898204262867,4.880155755298105,0.0007312714587897062,339
340,1,1.8109479395623507,-1.8251077822667847,4.879219036779327,0.0006573782884515822,340
341,1,1.8093672924327937,-1.831750662627047,4.878297180429778,0.0006975587166380137,341
342,1,1.816404648603798,-1.831893970800053,4.875896222986756,0.0006699829245917499,342
343,1,1.8182634586170032,-1.835940126448803,4.874350853871469,0.0006486613128799945,343
344,1,1.820538265620621,-1.8396718181488994,4.872712445324913,0.0006224435055628419,344
345,1,1.8223502380136645,-1.8437533764116407,4.871134241696577,0.0006179972551763058,345
346,1,1.8259337931775264,-1.8464897916063,4.869217067769797,0.0006536053551826626,346
347,1,1.8328039740177704,-1.8467316373926872,4.866670621606439,0.0006547249504365027,347
348,1,1.8368514353149243,-1.849108289136549,4.864601542935655,0.0006408199551515281,348
349,1,1.839692869455988,-1.8523941536747976,4.8627273487049365,0.0006798435642849654,349
350,1,1.8467317871829199,-1.8524998399252355,4.860025917639901,0.0006597581959795207,350
351,1,1.8491293991117919,-1.8561116976187217,4.858174285988989,0.0006572690908797085,351
352,1,1.852893259236609,-1.8586868426838377,4.856029658148948,0.0006483860488515347,352
353,1,1.8561451692627329,-1.8616457226167604,4.853954398994006,0.000663705519400537,353
354,1,1.8613248342127746,-1.8631404229140753,4.851460337754763,0.000691480643581599,354
355,1,1.8674275017744328,-1.8639341404060956,4.848735486357212,0.000645587919279933,355
356,1,1.8678058334349141,-1.86905452269471,4.8471516411486775,0.0006087529181968421,356
357,1,1.8687041127385497,-1.8737861438613928,4.845441221729066,0.000604775472311303,357
358,1,1.8723246949173924,-1.8764461341157088,4.8431337190397175,0.0006287388387136161,358
359,1,1.878315093574844,-1.877298691309614,4.840281443463095,0.0005927509919274598,359
360,1,1.87920284012389,-1.8820300384394142,4.838493896267913,0.0005422116664703935,360
361,1,1.8785192181370518,-1.8879679863455356,4.8370308736939895,0.0005691819824278355,361
362,1,1.8850113401383868,-1.8884130249946804,4.833955277289128,0.0005898722447454929,362
363,1,1.890836705646833,-1.8893659693861284,4.830975417224282,0.0005729974072892219,363
364,1,1.8932835797648584,-1.8928939964669356,4.8287215330247015,0.0005639867449644953,364
365,1,1.8964176667419586,-1.8958928525996894,4.82627692240272,0.0005749734409619123,365
366,1,1.9013863129010649,-1.8974831942543686,4.823364032868628,0.0005985061288811266,366
367,1,1.9074439336242461,-1.8982372575089608,4.820142065469521,0.0005726692033931613,367
368,1,1.9090984363336627,-1.902349326845661,4.817934847762072,0.0005947205645497888,368
369,1,1.915034587657634,-1.9031841824248255,4.814645720402492,0.0006107287481427193,369
370,1,1.9203852617721482,-1.9044622534748437,4.811445895444264,0.0006138501630630344,370
371,1,1.9246128463824776,-1.906591683743142,4.80847768387072,0.0005686711519956589,371
372,1,1.924571648767265,-1.911977527884358,4.8065601214167675,0.0005465206631924957,372
373,1,1.926452395133183,-1.9158945447628568,4.8041237058383235,0.000550079857930541,373
374,1,1.9307497855749787,-1.9179526483671059,4.801020621871348,0.0005363475938793272,374
375,1,1.9333848690652884,-1.9212816398870878,4.798312142759627,0.0005398261127993464,375
376,1,1.9376797287898344,-1.9233296649690428,4.795118243784895,0.0005285452643875033,376
377,1,1.9405310865862337,-1.926481891592928,4.792269611618467,0.0005511912750080228,377
378,1,1.946682343299505,-1.9270903563313928,4.788465315161839,0.0005529728077817708,378
379,1,1.9508067122000652,-1.9292511252820665,4.7851659440886785,0.0005420605011750013,379
380,1,1.9537176394845213,-1.932338508893201,4.782162275602007,0.0005560671561397612,380
381,1,1.9590080778997079,-1.9335903704248172,4.778427701583293,0.0005922342243138701,381
382,1,1.9662658427206008,-1.933328251569881,4.774051882987799,0.0005318041949067265,382
383,1,1.9645767949580992,-1.9399303271802375,4.772263979912696,0.0006105716165620834,383
384,1,1.9757729958262007,-1.9366288482463214,4.7665766516052965,0.0005733216530643404,384
385,1,1.9764209803744175,-1.9414162854115724,4.764009906864475,0.0005719391629099846,385
386,1,1.9802452471491765,-1.9437627854704522,4.760428243428651,0.0005252923292573541,386
387,1,1.9797335238728209,-1.9494427398904037,4.758155276154241,0.0005119568668305874,387
388,1,1.9823345197986622,-1.9527228576143258,4.754872421132994,0.0005990091885905713,388
389,1,1.9945217923595715,-1.9486091262774492,4.748449384645028,0.000525627430761233,389
390,1,1.9916101353569462,-1.956115341582374,4.746843288434622,0.00048736523604020476,390
391,1,1.991595607676246,-1.9614020055858747,4.744271417224995,0.0005078617541585118,391
392,1,1.9977001037773663,-1.961940024283923,4.739628157664581,0.000539587315870449,392
393,1,2.004824426725229,-1.9616837325452154,4.734557656476582,0.0005470896139740944,393
394,1,2.0094960010858043,-1.9633146168345574,4.73024367620317,0.0005237827135715634,394
395,1,2.01115882845138,-1.9672592751420832,4.726916062328527,0.0005186434427741915,395
396,1,2.014588831522635,-1.9698297184002136,4.72292178813324,0.0005084247095510364,396
397,1,2.017492599836726,-1.9727980913196288,4.719059470499104,0.0005409628211054951,397
398,1,2.0246942798275183,-1.972430557284841,4.713579130208491,0.0005654363194480538,398
399,1,2.0309652760446193,-1.9727770647720453,4.708344248788375,0.0005205992783885449,399
400,1,2.0305761127950257,-1.9782567055716838,4.705520079881357,0.0004676950629800558,400
401,1,2.0289070253283334,-1.9847373408836293,4.703151388007013,0.0004969947040081024,401
402,1,2.0360381893837287,-1.9843717123276994,4.697400548290507,0.0005169368814677,402
403,1,2.0420488706986872,-1.9848702517694927,4.691982851173914,0.00048650847747921944,403
404,1,2.0428158761655295,-1.9894274576111555,4.688544215234674,0.00045267149107530713,404
405,1,2.0429882028717388,-1.9944448487282855,4.6853038283671316,0.0004517601046245545,405
406,1,2.0468303818908713,-1.9965865842045991,4.680552602657754,0.00050580661627464,406
407,1,2.0566978464155965,-1.9940189989909871,4.673263513860299,0.0004807898367289454,407
408,1,2.0579867680803146,-1.9981094070713121,4.669402458018409,0.0004573767364490777,408
409,1,2.0593201217015737,-2.002153433474514,4.665477545829045,0.00046307925367727876,409
410,1,2.0639163263819422,-2.0036354332216937,4.660118815893512,0.0004907682887278497,410
411,1,2.07090538022094,-2.0032353262910876,4.653643820949647,0.00048711468116380274,411
412,1,2.0744611020943693,-2.0054922144189726,4.648563185550939,0.0004541567468550056,412
413,1,2.0747403869373797,-2.0102880858326806,4.644864842108896,0.0005048422899562865,413
414,1,2.0842282686953175,-2.0078847710298873,4.636989831268671,0.0004648026078939438,414
415,1,2.0838471423314298,-2.01315583283814,4.6334732237671,0.0004854597500525415,415
416,1,2.090070390033709,-2.013259844129677,4.626876882247885,0.00047564151464030147,416
417,1,2.0929470466422804,-2.015956362091209,4.621740101308445,0.0005209556838963181,417
418,1,2.1016602517187755,-2.01408748447925,4.613761042080272,0.0004890562850050628,418
419,1,2.1022953676523426,-2.0184900823142646,4.609533854113625,0.0004433661815710366,419
420,1,2.101110022731234,-2.0243090290996606,4.606145829302927,0.000431665510404855,420
421,1,2.1036584304279,-2.0271949179930324,4.600896701129739,0.00046481378376483917,421
422,1,2.1114711322102884,-2.025935898269976,4.592956241541481,0.00046818991540931165,422
423,1,2.1157945529979743,-2.027392602649249,4.586642465922878,0.00043248312431387603,423
424,1,2.1155935139929403,-2.0323767171231553,4.582554606345555,0.0004164943238720298,424
425,1,2.117571931294654,-2.0356392535742005,4.577301094658663,0.0004497845657169819,425
426,1,2.1255311229684533,-2.0341826428768033,4.568848173684362,0.0004685086605604738,426
427,1,2.131605933462456,-2.034191527039669,4.561249275173708,0.0004763411416206509,427
428,1,2.1364154419657773,-2.0351735227741434,4.554212681279304,0.0004533508908934891,428
429,1,2.137773179243752,-2.0388407881668402,4.548962070589381,0.0004788154910784215,429
430,1,2.144570290421879,-2.0382264741173053,4.54063825379249,0.0004412622074596584,430
431,1,2.144246420273281,-2.0431770917122374,4.536179081596815,0.00045351177686825395,431
432,1,2.1496168273076286,-2.043640350977823,4.5284487637191315,0.00044666737085208297,432
433,1,2.1527639355495345,-2.045831176452329,4.521881008790754,0.00043720126268453896,433
434,1,2.155586953096974,-2.048258654947454,4.515416301161069,0.0004219642432872206,434
435,1,2.157677323304232,-2.051246502358949,4.509300211752903,0.00040344434091821313,435
436,1,2.1592776336503356,-2.0546071796365863,4.503400762241549,0.000416691938880831,436
437,1,2.1648977496372597,-2.054772729000592,4.49501268848616,0.00043446291238069534,437
438,1,2.171010036550266,-2.054532037269818,4.486194747016533,0.0003934635315090418,438
439,1,2.1697813306132034,-2.060075187307632,4.481777722618241,0.00045462281559593976,439
440,1,2.1812424793118934,-2.0555677461219815,4.469393125744568,0.00043522167834453285,440
441,1,2.182900220300413,-2.0587848309006467,4.46300444449149,0.0004592816694639623,441
442,1,2.1896358640509797,-2.0579763871295293,4.453277844776995,0.0004218645626679063,442
443,1,2.1891351662693124,-2.0628619925311322,4.448109595812192,0.0004466136160772294,443
444,1,2.1960333951860482,-2.0618830847119574,4.438030179196412,0.0004198858514428139,444
445,1,2.1967435920888114,-2.0657764671204393,4.431916007988726,0.00043268909212201834,445
446,1,2.2022326915137347,-2.0658712454080224,4.4225208598948225,0.00041285972110927105,446
447,1,2.203712307035755,-2.0691202554784995,4.415721898022573,0.00042311285506002605,447
448,1,2.2089120191522995,-2.0694048764875594,4.406283847866104,0.00040076414006762207,448
449,1,2.2100090082989596,-2.0729230783667187,4.399572869939881,0.0003839661367237568,449
450,1,2.21170324351381,-2.075953164634376,4.39236915323274,0.0003720424429047853,450
451,1,2.2139844020717527,-2.0785007350421885,4.384666752193308,0.00037122360663488507,451
452,1,2.2177902968906986,-2.0798163920432904,4.375777255316677,0.00036810128949582577,452
453,1,2.221271186818438,-2.0813722429905055,4.367008354159939,0.0003822025319095701,453
454,1,2.2271429577981277,-2.0810038245414213,4.356365899191466,0.0004050685092806816,454
455,1,2.234080568376198,-2.079769591425883,4.344769638139505,0.0003990053082816303,455
456,1,2.2372131792582564,-2.0815434961440142,4.335876832241269,0.0003962772898375988,456
457,1,2.2407724896003365,-2.082959211625819,4.326548494653664,0.0003877457929775119,457
458,1,2.2435570382656476,-2.0849734335144516,4.317702339835115,0.0004178981180302799,458
459,1,2.25136159790935,-2.082970266369222,4.304818600703033,0.00040743654244579375,459
460,1,2.25395706807056,-2.0850946944902975,4.2958696345304626,0.00041953648906201124,460
461,1,2.259389231774904,-2.084941685981662,4.284540616738508,0.00037862465251237154,461
462,1,2.257973744943653,-2.090228418546059,4.278609543564771,0.00038954277988523245,462
463,1,2.2633593160072754,-2.0900711106717464,4.267073219777536,0.00039290127460844815,463
464,1,2.267716873418116,-2.090726416865175,4.2562374415057596,0.0003783119609579444,464
465,1,2.269668723491411,-2.093296852562553,4.2472848799203575,0.000361202604835853,465
466,1,2.271186791027825,-2.096209707170898,4.238608303325677,0.00037467683432623744,466
467,1,2.2770066191474356,-2.095688738907982,4.226186843574707,0.00036659088800661266,467
468,1,2.2797988858491975,-2.097577596422997,4.216215612026312,0.00040539432666264474,468
469,1,2.2889464768479275,-2.0944170930719412,4.200608196854599,0.0003848888154607266,469
470,1,2.2901816989925408,-2.097532899616366,4.191747469487214,0.00039734935853630304,470
471,1,2.295767973245756,-2.097198749645606,4.178941456788816,0.0003663519164547324,471
472,1,2.2954889863909127,-2.101504718752351,4.171243309296202,0.00041307820356450975,472
473,1,2.305657843898802,-2.097545752048599,4.154027397726383,0.0004086801200173795,473
474,1,2.3090430552764545,-2.098946182027774,4.1427848946014985,0.00039649888640269637,474
475,1,2.3114157645350555,-2.1011402621712323,4.13236233053501,0.00035912779276259243,475
476,1,2.3102265314021224,-2.1061397755735602,4.12515730130348,0.000357080833055079,476
477,1,2.3138799353297914,-2.1073151284875307,4.113359516391869,0.0003659064823295921,477
478,1,2.319098549455541,-2.107253965529766,4.099955059472102,0.00035324436612427235,478
479,1,2.321228070728072,-2.109623679212379,4.08935699032568,0.0003444651956669986,479
480,1,2.323882125188814,-2.111576265002353,4.0781551401198675,0.0003671691520139575,480
481,1,2.3311521725457864,-2.109895805945328,4.06234971229525,0.00037008593790233135,481
482,1,2.335526550896948,-2.110491637661752,4.049203845004218,0.00036360620288178325,482
483,1,2.3385773227533324,-2.112121998800501,4.037236540991713,0.000370395602658391,483
484,1,2.3435063742299436,-2.112278546158241,4.023273096494332,0.00033573294058442116,484
485,1,2.34238639451053,-2.117167355585552,4.015274407679987,0.000346283835824579,485
486,1,2.3479646822487346,-2.1168061805700766,4.000412553463111,0.00034002825850620866,486
487,1,2.3509984286612178,-2.1184345884735647,3.9880051193941153,0.00036236969754099846,487
488,1,2.3582770121670595,-2.1167457114931714,3.9710842217365636,0.00035210049827583134,488
489,1,2.3607706245278006,-2.1187885902434282,3.958978544711361,0.00038605096051469445,489
490,1,2.3695301236992172,-2.115954814008731,3.940153002459898,0.00035574674257077277,490
491,1,2.369280218042294,-2.1201204303707524,3.9307081487739133,0.00037399670691229403,491
492,1,2.375865453581983,-2.118974809714279,3.9138684726001216,0.0003450002695899457,492
493,1,2.3756778929383446,-2.1230819817349387,3.9041807858258624,0.00034878283622674644,493
494,1,2.3802392101479053,-2.1234985815712375,3.8892578987361626,0.00033574915141798556,494
495,1,2.382266696200795,-2.1258777858483957,3.876976841475047,0.00034718544338829815,495
496,1,2.387996056400694,-2.1253743648060306,3.8605023635959017,0.0003337911912240088,496
497,1,2.389963206306447,-2.127789973457031,3.8480648269562043,0.00032931973692029715,497
498,1,2.393267737112297,-2.1291603762677562,3.834028497358509,0.00031290933839045465,498
499,1,2.3946352665905,-2.132034043352314,3.8220655368836,0.0003137949388474226,499
500,1,2.398784537988752,-2.1327359202675464,3.8068476408848886,0.00032775578438304365,500
501,1,2.405026712329129,-2.13180008277457,3.789092851411269,0.00033156201243400574,501
502,5,2.4096218669093834,-2.132141302815384,3.7730764400480075,0.00034223421243950725,502
503,,2.4096218669093834,-2.132141302815384,3.7730764400480075,0.00031985959503799677,503
504,,2.4096218669093834,-2.132141302815384,3.7730764400480075,0.00032744713826105,504
505,,2.4096218669093834,-2.132141302815384,3.7730764400480075,0.000309720984660089,505
506,,2.4096218669093834,-2.132141302815384,3.7730764400480075,0.00034684830461628735,506
507,5,2.4319374039946813,-2.1342672672907423,3.6917209808579643,0.00032154598738998175,507
508,,2.4319374039946813,-2.1342672672907423,3.6917209808579643,0.0003349561302457005,508
509,,2.4319374039946813,-2.1342672672907423,3.6917209808579643,0.0003020988078787923,509
510,,2.4319374039946813,-2.1342672672907423,3.6917209808579643,0.0003168822731822729,510
511,,2.4319374039946813,-2.1342672672907423,3.6917209808579643,0.00032581755658611655,511
512,5,2.4487637330145082,-2.1405342932242712,3.6138775279572357,0.0003365878073964268,512
513,,2.4487637330145082,-2.1405342932242712,3.6138775279572357,0.0002879486419260502,513
514,,2.4487637330145082,-2.1405342932242712,3.6138775279572357,0.00031396435224451125,514
515,,2.4487637330145082,-2.1405342932242712,3.6138775279572357,0.0003113482380285859,515
516,,2.4487637330145082,-2.1405342932242712,3.6138775279572357,0.00030360481468960643,516
517,5,2.465220303168183,-2.146954481428447,3.5337343851462064,0.0002878184604924172,517
518,,2.465220303168183,-2.146954481428447,3.5337343851462064,0.0002775087486952543,518
519,,2.465220303168183,-2.146954481428447,3.5337343851462064,0.00029126330628059804,519
520,,2.465220303168183,-2.146954481428447,3.5337343851462064,0.00029019577777944505,520
521,,2.465220303168183,-2.146954481428447,3.5337343851462064,0.0003002469311468303,521
522,5,2.484714462380441,-2.1508474940087514,3.4469635231077804,0.0002965262101497501,522
523,,2.484714462380441,-2.1508474940087514,3.4469635231077804,0.00030314031755551696,523
524,,2.484714462380441,-2.1508474940087514,3.4469635231077804,0.0002937061944976449,524
525,,2.484714462380441,-2.1508474940087514,3.4469635231077804,0.00030397079535759985,525
526,,2.484714462380441,-2.1508474940087514,3.4469635231077804,0.00028860941529273987,526
527,5,2.502797255286803,-2.155707465633992,3.3593966133514197,0.0003207672561984509,527
528,,2.502797255286803,-2.155707465633992,3.3593966133514197,0.0002753279695753008,528
529,,2.502797255286803,-2.155707465633992,3.3593966133514197,0.00029327557422220707,529
530,,2.502797255286803,-2.155707465633992,3.3593966133514197,0.0002813331666402519,530
531,,2.502797255286803,-2.155707465633992,3.3593966133514197,0.0002861637040041387,531
532,5,2.5224516101647514,-2.159183347937188,3.267235371154328,0.0002617988211568445,532
533,,2.5224516101647514,-2.159183347937188,3.267235371154328,0.00026312744012102485,533
534,,2.5224516101647514,-2.159183347937188,3.267235371154328,0.0002676945587154478,534
535,,2.5224516101647514,-2.159183347937188,3.267235371154328,0.0002651934919413179,535
536,,2.5224516101647514,-2.159183347937188,3.267235371154328,0.00025839381851255894,536
537,5,2.537478784595577,-2.16618092837476,3.1792565532775896,0.00027345551643520594,537
538,,2.537478784595577,-2.16618092837476,3.1792565532775896,0.000268435338512063,538
539,,2.537478784595577,-2.16618092837476,3.1792565532775896,0.0002809121797326952,539
540,,2.537478784595577,-2.16618092837476,3.1792565532775896,0.00027490733191370964,540
541,,2.537478784595577,-2.16618092837476,3.1792565532775896,0.0002901243860833347,541
542,5,2.563303785105889,-2.164470750872362,3.0740110447957867,0.00027240579947829247,542
543,,2.563303785105889,-2.164470750872362,3.0740110447957867,0.0002956424141302705,543
544,,2.563303785105889,-2.164470750872362,3.0740110447957867,0.00026294621056877077,544
545,,2.563303785105889,-2.164470750872362,3.0740110447957867,0.00028959650080651045,545
546,,2.563303785105889,-2.164470750872362,3.0740110447957867,0.0002645084750838578,546
547,5,2.578863553845818,-2.1707651921441187,2.9815508909874593,0.0002816257474478334,547
548,,2.578863553845818,-2.1707651921441187,2.9815508909874593,0.00025815918343141675,548
549,,2.578863553845818,-2.1707651921441187,2.9815508909874593,0.0002635965356603265,549
550,,2.578863553845818,-2.1707651921441187,2.9815508909874593,0.00024953013053163886,550
551,,2.578863553845818,-2.1707651921441187,2.9815508909874593,0.00024177459999918938,551
552,5,2.5945991358250513,-2.1767737285753177,2.887484526026853,0.000245313422055915,552
553,,2.5945991358250513,-2.1767737285753177,2.887484526026853,0.0002615253906697035,553
554,,2.5945991358250513,-2.1767737285753177,2.887484526026853,0.000258430780377239,554
555,,2.5945991358250513,-2.1767737285753177,2.887484526026853,0.0002472615451551974,555
556,,2.5945991358250513,-2.1767737285753177,2.887484526026853,0.00024063390446826816,556
557,5,2.6145077735952005,-2.1792950680853034,2.7862122871985933,0.0002497705863788724,557
558,,2.6145077735952005,-2.1792950680853034,2.7862122871985933,0.0002496522502042353,558
559,,2.6145077735952005,-2.1792950680853034,2.7862122871985933,0.0002563837915658951,559
560,,2.6145077735952005,-2.1792950680853034,2.7862122871985933,0.00023928185692057014,560
561,,2.6145077735952005,-2.1792950680853034,2.7862122871985933,0.0002483110874891281,561
562,5,2.6361587393925476,-2.1802641013548048,2.681498901254481,0.00024872776702977717,562
563,,2.6361587393925476,-2.1802641013548048,2.681498901254481,0.000265509937889874,563
564,,2.6361587393925476,-2.1802641013548048,2.681498901254481,0.00024907244369387627,564
565,,2.6361587393925476,-2.1802641013548048,2.681498901254481,0.00026529395836405456,565
566,,2.6361587393925476,-2.1802641013548048,2.681498901254481,0.00023150324705056846,566
567,5,2.6529246656784315,-2.1849668320736857,2.5835381860704607,0.00024285586550831795,567
568,,2.6529246656784315,-2.1849668320736857,2.5835381860704607,0.00023406342370435596,568
569,,2.6529246656784315,-2.1849668320736857,2.5835381860704607,0.00022443203488364816,569
570,,2.6529246656784315,-2.1849668320736857,2.5835381860704607,0.00022169249132275581,570
571,,2.6529246656784315,-2.1849668320736857,2.5835381860704607,0.00022318435367196798,571
572,5,2.671322702534763,-2.1882105203728255,2.482979899112143,0.00022892627748660743,572
573,,2.671322702534763,-2.1882105203728255,2.482979899112143,0.0002546788891777396,573
574,,2.671322702534763,-2.1882105203728255,2.482979899112143,0.00023318282910622656,574
575,,2.671322702534763,-2.1882105203728255,2.482979899112143,0.0002306807436980307,575
576,,2.671322702534763,-2.1882105203728255,2.482979899112143,0.0002070622576866299,576
577,5,2.687920610622202,-2.192737309072427,2.3852507154654345,0.00021619282779283822,577
578,,2.687920610622202,-2.192737309072427,2.3852507154654345,0.0002143731398973614,578
579,,2.687920610622202,-2.192737309072427,2.3852507154654345,0.00021394083159975708,579
580,,2.687920610622202,-2.192737309072427,2.3852507154654345,0.00021979969460517168,580
581,,2.687920610622202,-2.192737309072427,2.3852507154654345,0.00021512573584914207,581
582,5,2.7099052900079665,-2.1928294154153596,2.2800469507840444,0.00020335792214609683,582
583,,2.7099052900079665,-2.1928294154153596,2.2800469507840444,0.0002134823880624026,583
584,,2.7099052900079665,-2.1928294154153596,2.2800469507840444,0.00020875237532891333,584
585,,2.7099052900079665,-2.1928294154153596,2.2800469507840444,0.0002206058707088232,585
586,,2.7099052900079665,-2.1928294154153596,2.2800469507840444,0.00021582175395451486,586
587,5,2.730235876942337,-2.194099526341488,2.1781616909180546,0.0002120342687703669,587
588,,2.730235876942337,-2.194099526341488,2.1781616909180546,0.00021210976410657167,588
589,,2.730235876942337,-2.194099526341488,2.1781616909180546,0.00021413728245534003,589
590,,2.730235876942337,-2.194099526341488,2.1781616909180546,0.00020811503054574132,590
591,,2.730235876942337,-2.194099526341488,2.1781616909180546,0.00019448756938800216,591
592,5,2.7455429214591693,-2.1992046667774194,2.0846296121508456,0.00019940940546803176,592
593,,2.7455429214591693,-2.1992046667774194,2.0846296121508456,0.00021462072618305683,593
594,,2.7455429214591693,-2.1992046667774194,2.0846296121508456,0.00020703961490653455,594
595,,2.7455429214591693,-2.1992046667774194,2.0846296121508456,0.0001972258323803544,595
596,,2.7455429214591693,-2.1992046667774194,2.0846296121508456,0.00020100083202123642,596
597,5,2.7672888279134447,-2.199071638503908,1.9833193941326162,0.00021081356680952013,597
598,,2.7672888279134447,-2.199071638503908,1.9833193941326162,0.00022301686112768948,598
599,,2.7672888279134447,-2.199071638503908,1.9833193941326162,0.0002100506389979273,599
600,,2.7672888279134447,-2.199071638503908,1.9833193941326162,0.00020507731824181974,600
601,,2.7672888279134447,-2.199071638503908,1.9833193941326162,0.0001953757309820503,601
602,5,2.78617929861037,-2.201057810135768,1.8877796798085922,0.00019844973576255143,602
603,,2.78617929861037,-2.201057810135768,1.8877796798085922,0.00019996330956928432,603
604,,2.78617929861037,-2.201057810135768,1.8877796798085922,0.0002043528074864298,604
605,,2.78617929861037,-2.201057810135768,1.8877796798085922,0.00018702162196859717,605
606,,2.78617929861037,-2.201057810135768,1.8877796798085922,0.00020094271167181432,606
607,5,2.8076955704369246,-2.2008410549994952,1.7906902517540593,0.0001910713326651603,607
608,,2.8076955704369246,-2.2008410549994952,1.7906902517540593,0.00019825316849164665,608
609,,2.8076955704369246,-2.2008410549994952,1.7906902517540593,0.0001855814189184457,609
610,,2.8076955704369246,-2.2008410549994952,1.7906902517540593,0.00017843532259576023,610
611,,2.8076955704369246,-2.2008410549994952,1.7906902517540593,0.0001824372448027134,611
612,5,2.823468976982983,-2.2049997496011535,1.7034216614996933,0.00018150886171497405,612
613,,2.823468976982983,-2.2049997496011535,1.7034216614996933,0.00017839681822806597,613
614,,2.823468976982983,-2.2049997496011535,1.7034216614996933,0.0001862402423284948,614
615,,2.823468976982983,-2.2049997496011535,1.7034216614996933,0.00017558562103658915,615
616,,2.823468976982983,-2.2049997496011535,1.7034216614996933,0.0001738582504913211,616
617,5,2.8415044766497872,-2.207261499021436,1.6154476110367244,0.00018397622625343502,617
618,,2.8415044766497872,-2.207261499021436,1.6154476110367244,0.0001898801710922271,618
619,,2.8415044766497872,-2.207261499021436,1.6154476110367244,0.0001805128704290837,619
620,,2.8415044766497872,-2.207261499021436,1.6154476110367244,0.00018129360978491604,620
621,,2.8415044766497872,-2.207261499021436,1.6154476110367244,0.00018110868404619396,621
622,5,2.863606037709305,-2.206210371500908,1.5250080580012961,0.0001874308509286493,622
623,,2.863606037709305,-2.206210371500908,1.5250080580012961,0.00018280625226907432,623
624,,2.863606037709305,-2.206210371500908,1.5250080580012961,0.00018507937784306705,624
625,,2.863606037709305,-2.206210371500908,1.5250080580012961,0.0001780291204340756,625
626,,2.863606037709305,-2.206210371500908,1.5250080580012961,0.00017920866957865655,626
627,5,2.8833492258985927,-2.2068930452734516,1.4403134461948062,0.0001767880457919091,627
628,,2.8833492258985927,-2.2068930452734516,1.4403134461948062,0.00018115906277671456,628
629,,2.8833492258985927,-2.2068930452734516,1.4403134461948062,0.00017590352217666805,629
630,,2.8833492258985927,-2.2068930452734516,1.4403134461948062,0.0001716177212074399,630
631,,2.8833492258985927,-2.2068930452734516,1.4403134461948062,0.00017281007603742182,631
632,5,2.901916253042224,-2.2083785876205106,1.3598465916136278,0.00017600826686248183,632
633,,2.901916253042224,-2.2083785876205106,1.3598465916136278,0.00016984573449008167,633
634,,2.901916253042224,-2.2083785876205106,1.3598465916136278,0.00017609470523893833,634
635,,2.901916253042224,-2.2083785876205106,1.3598465916136278,0.00016441583284176886,635
636,,2.901916253042224,-2.2083785876205106,1.3598465916136278,0.00016480014892295003,636
637,5,2.919983124956614,-2.2101377307489587,1.2828211364488735,0.00016530475113540888,637
638,,2.919983124956614,-2.2101377307489587,1.2828211364488735,0.00017016020137816668,638
639,,2.919983124956614,-2.2101377307489587,1.2828211364488735,0.00016601939569227397,639
640,,2.919983124956614,-2.2101377307489587,1.2828211364488735,0.00016336070257239044,640
641,,2.919983124956614,-2.2101377307489587,1.2828211364488735,0.000161197705892846,641
642,5,2.939187641758843,-2.2108852021911933,1.2075610804244623,0.00016287012840621173,642
643,,2.939187641758843,-2.2108852021911933,1.2075610804244623,0.00015592039562761784,643
644,,2.939187641758843,-2.2108852021911933,1.2075610804244623,0.00016201494145207107,644
645,,2.939187641758843,-2.2108852021911933,1.2075610804244623,0.0001577873481437564,645
646,,2.939187641758843,-2.2108852021911933,1.2075610804244623,0.00015895944670774043,646
647,5,2.9587303372154694,-2.211229575411749,1.1350624675173968,0.00015964117483235896,647
648,,2.9587303372154694,-2.211229575411749,1.1350624675173968,0.00015684205573052168,648
649,,2.9587303372154694,-2.211229575411749,1.1350624675173968,0.0001558350631967187,649
650,,2.9587303372154694,-2.211229575411749,1.1350624675173968,0.00015265250112861395,650
651,,2.9587303372154694,-2.211229575411749,1.1350624675173968,0.00015072431415319443,651
652,5,2.9764800558139743,-2.212810902681434,1.0673840333913895,0.00015614382573403418,652
653,,2.9764800558139743,-2.212810902681434,1.0673840333913895,0.00015961076132953167,653
654,,2.9764800558139743,-2.212810902681434,1.0673840333913895,0.00016121883527375758,654
655,,2.9764800558139743,-2.212810902681434,1.0673840333913895,0.00015438380069099367,655
656,,2.9764800558139743,-2.212810902681434,1.0673840333913895,0.00015369136235676706,656
657,5,2.997436703944235,-2.2117519529066367,0.9998688595448135,0.0001517903001513332,657
658,,2.997436703944235,-2.2117519529066367,0.9998688595448135,0.00015113301924429834,658
659,,2.997436703944235,-2.2117519529066367,0.9998688595448135,0.00015205692034214735,659
660,,2.997436703944235,-2.2117519529066367,0.9998688595448135,0.00014659002772532403,660
661,,2.997436703944235,-2.2117519529066367,0.9998688595448135,0.0001507602573838085,661
662,5,3.01661973958051,-2.2119140440809257,0.9371189190698337,0.00014510221080854535,662
663,,3.01661973958051,-2.2119140440809257,0.9371189190698337,0.00014487048611044884,663
664,,3.01661973958051,-2.2119140440809257,0.9371189190698337,0.000151199841639027,664
665,,3.01661973958051,-2.2119140440809257,0.9371189190698337,0.00014444795669987798,665
666,,3.01661973958051,-2.2119140440809257,0.9371189190698337,0.0001487818080931902,666
667,5,3.0360353747083537,-2.2117545684949977,0.8772836536411053,0.00014888873556628823,667
668,,3.0360353747083537,-2.2117545684949977,0.8772836536411053,0.00014675178681500256,668
669,,3.0360353747083537,-2.2117545684949977,0.8772836536411053,0.00014610891230404377,669
670,,3.0360353747083537,-2.2117545684949977,0.8772836536411053,0.00014966086018830538,670
671,,3.0360353747083537,-2.2117545684949977,0.8772836536411053,0.0001503953244537115,671
672,5,3.0564868867126114,-2.210679926621848,0.8197620405652768,0.00015037052799016237,672
673,,3.0564868867126114,-2.210679926621848,0.8197620405652768,0.00014234459376893938,673
674,,3.0564868867126114,-2.210679926621848,0.8197620405652768,0.00014419658691622317,674
675,,3.0564868867126114,-2.210679926621848,0.8197620405652768,0.00014410933363251388,675
676,,3.0564868867126114,-2.210679926621848,0.8197620405652768,0.0001377723820041865,676
677,5,3.0725574351846934,-2.2128093954201877,0.7684542706011812,0.00014149484923109412,677
678,,3.0725574351846934,-2.2128093954201877,0.7684542706011812,0.0001425497466698289,678
679,,3.0725574351846934,-2.2128093954201877,0.7684542706011812,0.0001408959797117859,679
680,,3.0725574351846934,-2.2128093954201877,0.7684542706011812,0.00014075727085582912,680
681,,3.0725574351846934,-2.2128093954201877,0.7684542706011812,0.00013881479389965534,681
682,5,3.0928077712928355,-2.211632575792831,0.717027915958218,0.0001462685759179294,682
683,,3.0928077712928355,-2.211632575792831,0.717027915958218,0.00013954375754110515,683
684,,3.0928077712928355,-2.211632575792831,0.717027915958218,0.00013939093332737684,684
685,,3.0928077712928355,-2.211632575792831,0.717027915958218,0.00013506156392395496,685
686,,3.0928077712928355,-2.211632575792831,0.717027915958218,0.00013344580656848848,686
687,5,3.1109613535333343,-2.211912165623334,0.6698585160535426,0.0001310162479057908,687
688,,3.1109613535333343,-2.211912165623334,0.6698585160535426,0.00013639673124998808,688
689,,3.1109613535333343,-2.211912165623334,0.6698585160535426,0.00013288325862959027,689
690,,3.1109613535333343,-2.211912165623334,0.6698585160535426,0.00012913229875266552,690
691,,3.1109613535333343,-2.211912165623334,0.6698585160535426,0.00013482070062309504,691
692,5,3.1312574776431688,-2.210439725753806,0.6240877132827547,0.0001330318918917328,692
693,,3.1312574776431688,-2.210439725753806,0.6240877132827547,0.00013498938642442226,693
694,,3.1312574776431688,-2.210439725753806,0.6240877132827547,0.00013353920076042414,694
695,,3.1312574776431688,-2.210439725753806,0.6240877132827547,0.00013149104779586196,695
696,,3.1312574776431688,-2.210439725753806,0.6240877132827547,0.00012620276538655162,696
697,5,3.148194796219343,-2.2113640574123306,0.5829360048890775,0.00012889399658888578,697
698,,3.148194796219343,-2.2113640574123306,0.5829360048890775,0.00012959865853190422,698
699,,3.148194796219343,-2.2113640574123306,0.5829360048890775,0.0001308211067225784,699
700,,3.148194796219343,-2.2113640574123306,0.5829360048890775,0.00012840316048823297,700
701,,3.148194796219343,-2.2113640574123306,0.5829360048890775,0.00013511453289538622,701
702,5,3.1709253370332764,-2.207804728595669,0.5411225927740273,0.0001335636479780078,702
703,,3.1709253370332764,-2.207804728595669,0.5411225927740273,0.000132403161842376,703
704,,3.1709253370332764,-2.207804728595669,0.5411225927740273,0.0001289586361963302,704
705,,3.1709253370332764,-2.207804728595669,0.5411225927740273,0.00012862964649684727,705
706,,3.1709253370332764,-2.207804728595669,0.5411225927740273,0.00012732887989841402,706
707,5,3.188089187432557,-2.2082872834897196,0.5047360546786734,0.0001248386688530445,707
708,,3.188089187432557,-2.2082872834897196,0.5047360546786734,0.0001297653652727604,708
709,,3.188089187432557,-2.2082872834897196,0.5047360546786734,0.000127325183711946,709
710,,3.188089187432557,-2.2082872834897196,0.5047360546786734,0.0001233504735864699,710
711,,3.188089187432557,-2.2082872834897196,0.5047360546786734,0.0001252198708243668,711
712,5,3.2070608241974243,-2.207282993661092,0.46971510201604927,0.00012872973456978798,712
713,,3.2070608241974243,-2.207282993661092,0.46971510201604927,0.0001310179941356182,713
714,,3.2070608241974243,-2.207282993661092,0.46971510201604927,0.0001275561808142811,714
715,,3.2070608241974243,-2.207282993661092,0.46971510201604927,0.00012766546569764614,715
716,,3.2070608241974243,-2.207282993661092,0.46971510201604927,0.00012254001921974123,716
717,5,3.225781807583694,-2.206332286419952,0.4370113925105854,0.00012304828851483762,717
718,,3.225781807583694,-2.206332286419952,0.4370113925105854,0.0001239586272276938,718
719,,3.225781807583694,-2.206332286419952,0.4370113925105854,0.0001265849859919399,719
720,,3.225781807583694,-2.206332286419952,0.4370113925105854,0.00012749704183079302,720
721,,3.225781807583694,-2.206332286419952,0.4370113925105854,0.00012606725795194507,721
722,5,3.2465923380739485,-2.203701340519494,0.40554207627611527,0.00012451267684809864,722
723,,3.2465923380739485,-2.203701340519494,0.40554207627611527,0.00012625675299204886,723
724,,3.2465923380739485,-2.203701340519494,0.40554207627611527,0.00012823735596612096,724
725,,3.2465923380739485,-2.203701340519494,0.40554207627611527,0.00012383042485453188,725
726,,3.2465923380739485,-2.203701340519494,0.40554207627611527,0.00012375772348605096,726
727,5,3.265356855087278,-2.202456385500362,0.3769396517030481,0.00011857057688757777,727
728,,3.265356855087278,-2.202456385500362,0.3769396517030481,0.00012362375855445862,728
729,,3.265356855087278,-2.202456385500362,0.3769396517030481,0.00012372893979772925,729
730,,3.265356855087278,-2.202456385500362,0.3769396517030481,0.00011845474364235997,730
731,,3.265356855087278,-2.202456385500362,0.3769396517030481,0.00012266935664229095,731
732,5,3.284485343796538,-2.2008109425925197,0.3500801247391552,0.00011975964298471808,732
733,,3.284485343796538,-2.2008109425925197,0.3500801247391552,0.00012138046440668404,733
734,,3.284485343796538,-2.2008109425925197,0.3500801247391552,0.00012650518328882754,734
735,,3.284485343796538,-2.2008109425925197,0.3500801247391552,0.00012436509132385254,735
736,,3.284485343796538,-2.2008109425925197,0.3500801247391552,0.00011933708447031677,736
737,5,3.3027790229546516,-2.1996462355437303,0.3252841480622166,0.00011480713146738708,737
738,,3.3027790229546516,-2.1996462355437303,0.3252841480622166,0.00011804176028817892,738
739,,3.3027790229546516,-2.1996462355437303,0.3252841480622166,0.00012035475810989738,739
740,,3.3027790229546516,-2.1996462355437303,0.3252841480622166,0.00011942797573283315,740
741,,3.3027790229546516,-2.1996462355437303,0.3252841480622166,0.00011686576181091368,741
742,5,3.3213062796681014,-2.198176067382938,0.3020639002333789,0.00011601558071561158,742
743,,3.3213062796681014,-2.198176067382938,0.3020639002333789,0.00011671896209008992,743
744,,3.3213062796681014,-2.198176067382938,0.3020639002333789,0.00012177255121059716,744
745,,3.3213062796681014,-2.198176067382938,0.3020639002333789,0.00012487551430240273,745
746,,3.3213062796681014,-2.198176067382938,0.3020639002333789,0.000119222910143435,746
747,5,3.3414890432035227,-2.1953673662547413,0.2799276689229151,0.00011641898890957236,747
748,,3.3414890432035227,-2.1953673662547413,0.2799276689229151,0.00011723052011802793,748
749,,3.3414890432035227,-2.1953673662547413,0.2799276689229151,0.00011883166735060513,749
750,,3.3414890432035227,-2.1953673662547413,0.2799276689229151,0.00011866792920045555,750
751,,3.3414890432035227,-2.1953673662547413,0.2799276689229151,0.00011442721006460488,751
752,5,3.35907819018073,-2.1943143874137343,0.2600256505449843,0.00011325450032018125,752
753,,3.35907819018073,-2.1943143874137343,0.2600256505449843,0.00011386830010451376,753
754,,3.35907819018073,-2.1943143874137343,0.2600256505449843,0.00011474991333670914,754
755,,3.35907819018073,-2.1943143874137343,0.2600256505449843,0.00012011919170618057,755
756,,3.35907819018073,-2.1943143874137343,0.2600256505449843,0.00011821973021142185,756
757,5,3.379655421826418,-2.1909607480457947,0.240718420960075,0.00011615583207458258,757
758,,3.379655421826418,-2.1909607480457947,0.240718420960075,0.00011402060044929385,758
759,,3.379655421826418,-2.1909607480457947,0.240718420960075,0.00011078390525653958,759
760,,3.379655421826418,-2.1909607480457947,0.240718420960075,0.00011380156502127647,760
761,,3.379655421826418,-2.1909607480457947,0.240718420960075,0.0001123714610002935,761
762,5,3.3967362496398876,-2.1900002989476426,0.22359519827631802,0.00010827474761754274,762
763,,3.3967362496398876,-2.1900002989476426,0.22359519827631802,0.00010651731281541288,763
764,,3.3967362496398876,-2.1900002989476426,0.22359519827631802,0.0001090624718926847,764
765,,3.3967362496398876,-2.1900002989476426,0.22359519827631802,0.00011028166045434773,765
766,,3.3967362496398876,-2.1900002989476426,0.22359519827631802,0.00010947309783659875,766
767,5,3.4147734097953575,-2.188210150622705,0.20742995355773663,0.00011333959992043674,767
768,,3.4147734097953575,-2.188210150622705,0.20742995355773663,0.00011108504259027541,768
769,,3.4147734097953575,-2.188210150622705,0.20742995355773663,0.00011266136425547302,769
770,,3.4147734097953575,-2.188210150622705,0.20742995355773663,0.00010900141205638647,770
771,,3.4147734097953575,-2.188210150622705,0.20742995355773663,0.000107417261460796,771
772,5,3.43304221934927,-2.1861157839519914,0.19233979449486327,0.00010590476449579,772
773,,3.43304221934927,-2.1861157839519914,0.19233979449486327,0.00010973762255162,773
774,,3.43304221934927,-2.1861157839519914,0.19233979449486327,0.00010809412924572825,774
775,,3.43304221934927,-2.1861157839519914,0.19233979449486327,0.00010989620932377875,775
776,,3.43304221934927,-2.1861157839519914,0.19233979449486327,0.00010629571625031531,776
777,5,3.4515876593692862,-2.183686763262519,0.17825405331751565,0.0001045024546328932,777
778,,3.4515876593692862,-2.183686763262519,0.17825405331751565,0.00010738102719187737,778
779,,3.4515876593692862,-2.183686763262519,0.17825405331751565,0.00010688998736441135,779
780,,3.4515876593692862,-2.183686763262519,0.17825405331751565,0.0001078447385225445,780
781,,3.4515876593692862,-2.183686763262519,0.17825405331751565,0.00010888799442909658,781
782,5,3.4714455080266315,-2.180188051597375,0.16493279999675226,0.00010605726856738329,782
783,,3.4714455080266315,-2.180188051597375,0.16493279999675226,0.00010531709995120764,783
784,,3.4714455080266315,-2.180188051597375,0.16493279999675226,0.00010954996105283499,784
785,,3.4714455080266315,-2.180188051597375,0.16493279999675226,0.00010737526463344693,785
786,,3.4714455080266315,-2.180188051597375,0.16493279999675226,0.00011308444663882256,786
787,5,3.4917599863696402,-2.1762372047625624,0.152499625277148,0.00010661198757588863,787
788,,3.4917599863696402,-2.1762372047625624,0.152499625277148,0.00010916878818534315,788
789,,3.4917599863696402,-2.1762372047625624,0.152499625277148,0.00010644755093380809,789
790,,3.4917599863696402,-2.1762372047625624,0.152499625277148,0.00010780725278891623,790
791,,3.4917599863696402,-2.1762372047625624,0.152499625277148,0.0001054554886650294,791
792,5,3.5077041114656575,-2.175255921807802,0.1416347393959212,0.00010954964091069996,792
793,,3.5077041114656575,-2.175255921807802,0.1416347393959212,0.00010710640344768763,793
794,,3.5077041114656575,-2.175255921807802,0.1416347393959212,0.00010744843166321516,794
795,,3.5077041114656575,-2.175255921807802,0.1416347393959212,0.00010519829811528325,795
796,,3.5077041114656575,-2.175255921807802,0.1416347393959212,0.00010492937872186303,796
797,5,3.526084909608258,-2.1724299098318385,0.13117413494699282,0.00010487504187040031,797
798,,3.526084909608258,-2.1724299098318385,0.13117413494699282,0.0001053467858582735,798
799,,3.526084909608258,-2.1724299098318385,0.13117413494699282,0.00010307441698387265,799
800,,3.526084909608258,-2.1724299098318385,0.13117413494699282,0.00010410396498627961,800
801,,3.526084909608258,-2.1724299098318385,0.13117413494699282,0.0001008152321446687,801
802,5,3.542968948430774,-2.170537749352305,0.12165868775355593,0.00010241213021799922,802
803,,3.542968948430774,-2.170537749352305,0.12165868775355593,0.00010382762411609292,803
804,,3.542968948430774,-2.170537749352305,0.12165868775355593,0.00010327258496545255,804
805,,3.542968948430774,-2.170537749352305,0.12165868775355593,0.00010265398304909468,805
806,,3.542968948430774,-2.170537749352305,0.12165868775355593,0.00010648663737811148,806
807,5,3.5633874494590176,-2.1660604255756115,0.11238082194165866,0.00010272979852743447,807
808,,3.5633874494590176,-2.1660604255756115,0.11238082194165866,0.00010470041888765991,808
809,,3.5633874494590176,-2.1660604255756115,0.11238082194165866,0.00010004965588450432,809
810,,3.5633874494590176,-2.1660604255756115,0.11238082194165866,0.00010345916962251067,810
811,,3.5633874494590176,-2.1660604255756115,0.11238082194165866,9.977372246794403e-05,811
812,5,3.579069050085123,-2.164814003334403,0.10433108190023166,0.0001003190700430423,812
813,,3.579069050085123,-2.164814003334403,0.10433108190023166,9.938143193721771e-05,813
814,,3.579069050085123,-2.164814003334403,0.10433108190023166,0.00010047873365692794,814
815,,3.579069050085123,-2.164814003334403,0.10433108190023166,9.910229709930718e-05,815
816,,3.579069050085123,-2.164814003334403,0.10433108190023166,9.923998732119799e-05,816
817,5,3.596920640738741,-2.1619527313990226,0.0966140207506343,9.854932432062924e-05,817
818,,3.596920640738741,-2.1619527313990226,0.0966140207506343,0.00010022422065958381,818
819,,3.596920640738741,-2.1619527313990226,0.0966140207506343,9.992404375225306e-05,819
820,,3.596920640738741,-2.1619527313990226,0.0966140207506343,9.788156603462994e-05,820
821,,3.596920640738741,-2.1619527313990226,0.0966140207506343,9.823864093050361e-05,821
822,5,3.6144652747583317,-2.1592161791589826,0.08948498618368017,9.885907638818026e-05,822
823,,3.6144652747583317,-2.1592161791589826,0.08948498618368017,0.00010038222535513341,823
824,,3.6144652747583317,-2.1592161791589826,0.08948498618368017,0.0001006133679766208,824
825,,3.6144652747583317,-2.1592161791589826,0.08948498618368017,0.0001009595871437341,825
826,,3.6144652747583317,-2.1592161791589826,0.08948498618368017,9.811972267925739e-05,826
827,5,3.632213261992086,-2.156243099371113,0.08285119911833272,9.880066500045359e-05,827
828,,3.632213261992086,-2.156243099371113,0.08285119911833272,0.00010054081212729216,828
829,,3.632213261992086,-2.156243099371113,0.08285119911833272,9.841489372774959e-05,829
830,,3.632213261992086,-2.156243099371113,0.08285119911833272,9.8332209745422e-05,830
831,,3.632213261992086,-2.156243099371113,0.08285119911833272,9.649281855672598e-05,831
832,5,3.649261704631219,-2.153675272765592,0.07675927402270588,9.79980977717787e-05,832
833,,3.649261704631219,-2.153675272765592,0.07675927402270588,9.8417978733778e-05,833
834,,3.649261704631219,-2.153675272765592,0.07675927402270588,9.900855366140604e-05,834
835,,3.649261704631219,-2.153675272765592,0.07675927402270588,9.928789222612977e-05,835
836,,3.649261704631219,-2.153675272765592,0.07675927402270588,0.00010053464211523533,836
837,5,3.668274248203173,-2.1496156553324774,0.0709463704674258,9.810068877413869e-05,837
838,,3.668274248203173,-2.1496156553324774,0.0709463704674258,9.906390914693475e-05,838
839,,3.668274248203173,-2.1496156553324774,0.0709463704674258,0.00010002590715885162,839
840,,3.668274248203173,-2.1496156553324774,0.0709463704674258,9.738892549648881e-05,840
841,,3.668274248203173,-2.1496156553324774,0.0709463704674258,9.834935190156102e-05,841
842,5,3.6848668478195163,-2.1471877015513274,0.06574639125343351,9.926437633112073e-05,842
843,,3.6848668478195163,-2.1471877015513274,0.06574639125343351,9.684870019555092e-05,843
844,,3.6848668478195163,-2.1471877015513274,0.06574639125343351,9.494010009802878e-05,844
845,,3.6848668478195163,-2.1471877015513274,0.06574639125343351,9.543634951114655e-05,845
846,,3.6848668478195163,-2.1471877015513274,0.06574639125343351,9.486859198659658e-05,846
847,5,3.7008430580296325,-2.1451122874887636,0.06096421379466044,9.462420712225139e-05,847
848,,3.7008430580296325,-2.1451122874887636,0.06096421379466044,9.453945676796138e-05,848
849,,3.7008430580296325,-2.1451122874887636,0.06096421379466044,9.278726065531373e-05,849
850,,3.7008430580296325,-2.1451122874887636,0.06096421379466044,9.432766819372773e-05,850
851,,3.7008430580296325,-2.1451122874887636,0.06096421379466044,9.217107435688376e-05,851
852,5,3.7169616127773395,-2.1428474583391974,0.05651460793737062,9.180704364553094e-05,852
853,,3.7169616127773395,-2.1428474583391974,0.05651460793737062,9.497214341536164e-05,853
854,,3.7169616127773395,-2.1428474583391974,0.05651460793737062,9.291982860304415e-05,854
855,,3.7169616127773395,-2.1428474583391974,0.05651460793737062,9.18978767003864e-05,855
856,,3.7169616127773395,-2.1428474583391974,0.05651460793737062,9.398956899531186e-05,856
857,5,3.7346357029694834,-2.1393728746650176,0.05228763474033604,9.2871836386621e-05,857
858,,3.7346357029694834,-2.1393728746650176,0.05228763474033604,9.419993148185313e-05,858
859,,3.7346357029694834,-2.1393728746650176,0.05228763474033604,9.662675438448787e-05,859
860,,3.7346357029694834,-2.1393728746650176,0.05228763474033604,9.463183232583106e-05,860
861,,3.7346357029694834,-2.1393728746650176,0.05228763474033604,9.448034688830376e-05,861
862,5,3.7516624085148833,-2.1362746365195138,0.048407611877484324,9.364821016788483e-05,862
863,,3.7516624085148833,-2.1362746365195138,0.048407611877484324,9.347277227789164e-05,863
864,,3.7516624085148833,-2.1362746365195138,0.048407611877484324,9.638804476708174e-05,864
865,,3.7516624085148833,-2.1362746365195138,0.048407611877484324,9.235538891516626e-05,865
866,,3.7516624085148833,-2.1362746365195138,0.048407611877484324,9.320382378064096e-05,866
867,5,3.7679021753751085,-2.1336567092346868,0.04485230525096151,9.54175484366715e-05,867
868,,3.7679021753751085,-2.1336567092346868,0.04485230525096151,9.188425610773265e-05,868
869,,3.7679021753751085,-2.1336567092346868,0.04485230525096151,9.318970842286944e-05,869
870,,3.7679021753751085,-2.1336567092346868,0.04485230525096151,9.444874012842774e-05,870
871,,3.7679021753751085,-2.1336567092346868,0.04485230525096151,9.05290653463453e-05,871
872,5,3.7834835817426615,-2.1314309425626483,0.041586707048488325,9.347687591798604e-05,872
873,,3.7834835817426615,-2.1314309425626483,0.041586707048488325,9.347483864985406e-05,873
874,,3.7834835817426615,-2.1314309425626483,0.041586707048488325,9.213978773914278e-05,874
875,,3.7834835817426615,-2.1314309425626483,0.041586707048488325,9.263647370971739e-05,875
876,,3.7834835817426615,-2.1314309425626483,0.041586707048488325,9.107741061598063e-05,876
877,5,3.8001129001436107,-2.128355960835747,0.038505572152482515,9.1567198978737e-05,877
878,,3.8001129001436107,-2.128355960835747,0.038505572152482515,9.546356159262359e-05,878
879,,3.8001129001436107,-2.128355960835747,0.038505572152482515,9.348892490379512e-05,879
880,,3.8001129001436107,-2.128355960835747,0.038505572152482515,9.327341103926301e-05,880
881,,3.8001129001436107,-2.128355960835747,0.038505572152482515,9.585858788341284e-05,881
882,5,3.818087925411093,-2.1242111960847248,0.03558932337107468,9.050939115695655e-05,882
883,,3.818087925411093,-2.1242111960847248,0.03558932337107468,9.408523328602314e-05,883
884,,3.818087925411093,-2.1242111960847248,0.03558932337107468,9.435531683266163e-05,884
885,,3.818087925411093,-2.1242111960847248,0.03558932337107468,9.549022070132196e-05,885
886,,3.818087925411093,-2.1242111960847248,0.03558932337107468,9.383729775436223e-05,886
887,5,3.8335098965562864,-2.1218393973876695,0.03299336725232083,9.544435306452215e-05,887
888,,3.8335098965562864,-2.1218393973876695,0.03299336725232083,9.348164894618094e-05,888
889,,3.8335098965562864,-2.1218393973876695,0.03299336725232083,9.990727994590998e-05,889
890,,3.8335098965562864,-2.1218393973876695,0.03299336725232083,9.485270129516721e-05,890
891,,3.8335098965562864,-2.1218393973876695,0.03299336725232083,9.36427095439285e-05,891
892,5,3.849424700303806,-2.119019043023455,0.030564865316704548,8.923315908759832e-05,892
893,,3.849424700303806,-2.119019043023455,0.030564865316704548,9.225078974850476e-05,893
894,,3.849424700303806,-2.119019043023455,0.030564865316704548,9.147822856903076e-05,894
895,,3.849424700303806,-2.119019043023455,0.030564865316704548,9.1749825514853e-05,895
896,,3.849424700303806,-2.119019043023455,0.030564865316704548,8.894054917618632e-05,896
897,5,3.8636003162540025,-2.117363882306992,0.02837481220716942,9.291700553148985e-05,897
898,,3.8636003162540025,-2.117363882306992,0.02837481220716942,9.107752703130245e-05,898
899,,3.8636003162540025,-2.117363882306992,0.02837481220716942,9.513425175100565e-05,899
900,,3.8636003162540025,-2.117363882306992,0.02837481220716942,9.084006887860596e-05,900
901,,3.8636003162540025,-2.117363882306992,0.02837481220716942,8.943810826167464e-05,901
902,5,3.8794789755455,-2.1143516905379074,0.026282877993438092,8.700980106368661e-05,902
903,,3.8794789755455,-2.1143516905379074,0.026282877993438092,8.780366624705493e-05,903
904,,3.8794789755455,-2.1143516905379074,0.026282877993438092,8.674079435877502e-05,904
905,,3.8794789755455,-2.1143516905379074,0.026282877993438092,9.05253691598773e-05,905
906,,3.8794789755455,-2.1143516905379074,0.026282877993438092,8.673232514411211e-05,906
907,5,3.894058374174321,-2.1121826331767943,0.024383655147554695,8.994585368782282e-05,907
908,,3.894058374174321,-2.1121826331767943,0.024383655147554695,8.66384943947196e-05,908
909,,3.894058374174321,-2.1121826331767943,0.024383655147554695,9.019079152494669e-05,909
910,,3.894058374174321,-2.1121826331767943,0.024383655147554695,8.735727169550955e-05,910
911,,3.894058374174321,-2.1121826331767943,0.024383655147554695,9.308956214226782e-05,911
912,5,3.9116849472557997,-2.107678899607698,0.022530161755381695,8.71701049618423e-05,912
913,,3.9116849472557997,-2.107678899607698,0.022530161755381695,8.898181840777397e-05,913
914,,3.9116849472557997,-2.107678899607698,0.022530161755381695,8.767558028921485e-05,914
915,,3.9116849472557997,-2.107678899607698,0.022530161755381695,9.231056901626289e-05,915
916,,3.9116849472557997,-2.107678899607698,0.022530161755381695,9.002909064292908e-05,916
917,5,3.925888883398037,-2.1055683026217467,0.02090840858634957,9.045292972587049e-05,917
918,,3.925888883398037,-2.1055683026217467,0.02090840858634957,8.719920879229903e-05,918
919,,3.925888883398037,-2.1055683026217467,0.02090840858634957,9.253527969121933e-05,919
920,,3.925888883398037,-2.1055683026217467,0.02090840858634957,8.81058513186872e-05,920
921,,3.925888883398037,-2.1055683026217467,0.02090840858634957,9.22220351640135e-05,921
922,5,3.941732385229506,-2.1021591161237687,0.019359718545861604,9.042237070389092e-05,922
923,,3.941732385229506,-2.1021591161237687,0.019359718545861604,9.047967614606023e-05,923
924,,3.941732385229506,-2.1021591161237687,0.019359718545861604,8.726498344913125e-05,924
925,,3.941732385229506,-2.1021591161237687,0.019359718545861604,9.021471487358212e-05,925
926,,3.941732385229506,-2.1021591161237687,0.019359718545861604,8.87725327629596e-05,926
927,5,3.955518940966228,-2.1001426177386966,0.017973193033112622,9.143276838585734e-05,927
928,,3.955518940966228,-2.1001426177386966,0.017973193033112622,8.674862328916788e-05,928
929,,3.955518940966228,-2.1001426177386966,0.017973193033112622,9.033252717927098e-05,929
930,,3.955518940966228,-2.1001426177386966,0.017973193033112622,8.808830170892179e-05,930
931,,3.955518940966228,-2.1001426177386966,0.017973193033112622,8.834296022541821e-05,931
932,5,3.970183826421585,-2.097384675367111,0.016664906693617088,8.597242413088679e-05,932
933,,3.970183826421585,-2.097384675367111,0.016664906693617088,8.971733041107655e-05,933
934,,3.970183826421585,-2.097384675367111,0.016664906693617088,8.711428381502628e-05,934
935,,3.970183826421585,-2.097384675367111,0.016664906693617088,8.912722114473581e-05,935
936,,3.970183826421585,-2.097384675367111,0.016664906693617088,8.637996506877244e-05,936
937,5,3.984177797904744,-2.0950166873412748,0.015464639498497856,8.724702638573945e-05,937
938,,3.984177797904744,-2.0950166873412748,0.015464639498497856,8.618523133918643e-05,938
939,,3.984177797904744,-2.0950166873412748,0.015464639498497856,8.770514978095889e-05,939
940,,3.984177797904744,-2.0950166873412748,0.015464639498497856,8.661404717713594e-05,940
941,,3.984177797904744,-2.0950166873412748,0.015464639498497856,8.771446300670505e-05,941
942,5,3.999156720749401,-2.0918344691038744,0.01432997648981349,8.568316115997732e-05,942
943,,3.999156720749401,-2.0918344691038744,0.01432997648981349,8.696885197423398e-05,943
944,,3.999156720749401,-2.0918344691038744,0.01432997648981349,8.69309005793184e-05,944
945,,3.999156720749401,-2.0918344691038744,0.01432997648981349,8.648869697935879e-05,945
946,,3.999156720749401,-2.0918344691038744,0.01432997648981349,8.698960300534964e-05,946
947,5,4.013288101748273,-2.0891757029566733,0.01329288985620014,8.51812947075814e-05,947
948,,4.013288101748273,-2.0891757029566733,0.01329288985620014,8.542445721104741e-05,948
949,,4.013288101748273,-2.0891757029566733,0.01329288985620014,8.424127008765936e-05,949
950,,4.013288101748273,-2.0891757029566733,0.01329288985620014,8.474316564388573e-05,950
951,,4.013288101748273,-2.0891757029566733,0.01329288985620014,8.447971777059138e-05,951
952,5,4.026670053432337,-2.086973551724584,0.012342920121155121,8.36242688819766e-05,952
953,,4.026670053432337,-2.086973551724584,0.012342920121155121,8.276806329376996e-05,953
954,,4.026670053432337,-2.086973551724584,0.012342920121155121,8.296861778944731e-05,954
955,,4.026670053432337,-2.086973551724584,0.012342920121155121,8.203752804547548e-05,955
956,,4.026670053432337,-2.086973551724584,0.012342920121155121,8.239448652602732e-05,956
957,5,4.0400465180115885,-2.0846852427005342,0.01146007093331658,8.365814574062824e-05,957
958,,4.0400465180115885,-2.0846852427005342,0.01146007093331658,8.320406777784228e-05,958
959,,4.0400465180115885,-2.0846852427005342,0.01146007093331658,8.420555968768895e-05,959
960,,4.0400465180115885,-2.0846852427005342,0.01146007093331658,8.232437539845705e-05,960
961,,4.0400465180115885,-2.0846852427005342,0.01146007093331658,8.339353371411562e-05,961
962,5,4.054343981059648,-2.0816231094230693,0.010625009472625457,8.33476078696549e-05,962
963,,4.054343981059648,-2.0816231094230693,0.010625009472625457,8.296160376630723e-05,963
964,,4.054343981059648,-2.0816231094230693,0.010625009472625457,8.358524064533412e-05,964
965,,4.054343981059648,-2.0816231094230693,0.010625009472625457,8.451534085907042e-05,965
966,,4.054343981059648,-2.0816231094230693,0.010625009472625457,8.393399184569716e-05,966
967,5,4.068332286046561,-2.0786967866714905,0.009854094588642948,8.324882946908474e-05,967
968,,4.068332286046561,-2.0786967866714905,0.009854094588642948,8.3236547652632e-05,968
969,,4.068332286046561,-2.0786967866714905,0.009854094588642948,8.394109318032861e-05,969
970,,4.068332286046561,-2.0786967866714905,0.009854094588642948,8.398271165788174e-05,970
971,,4.068332286046561,-2.0786967866714905,0.009854094588642948,8.299807086586952e-05,971
972,5,4.0816802821752205,-2.07615293419184,0.009146838048907924,8.337749750353396e-05,972
973,,4.0816802821752205,-2.07615293419184,0.009146838048907924,8.22459114715457e-05,973
974,,4.0816802821752205,-2.07615293419184,0.009146838048907924,8.211945532821119e-05,974
975,,4.0816802821752205,-2.07615293419184,0.009146838048907924,8.23122973088175e-05,975
976,,4.0816802821752205,-2.07615293419184,0.009146838048907924,8.153065573424101e-05,976
977,5,4.094707927139776,-2.0737571897789002,0.008493609025402193,8.127023465931416e-05,977
978,,4.094707927139776,-2.0737571897789002,0.008493609025402193,8.083463762886822e-05,978
979,,4.094707927139776,-2.0737571897789002,0.008493609025402193,8.11438076198101e-05,979
980,,4.094707927139776,-2.0737571897789002,0.008493609025402193,8.117168908938766e-05,980
981,,4.094707927139776,-2.0737571897789002,0.008493609025402193,8.164223982021213e-05,981
982,5,4.108125403068361,-2.0709817880830914,0.007881436500006167,8.192172390408814e-05,982
983,,4.108125403068361,-2.0709817880830914,0.007881436500006167,8.19377601146698e-05,983
984,,4.108125403068361,-2.0709817880830914,0.007881436500006167,8.067648741416633e-05,984
985,,4.108125403068361,-2.0709817880830914,0.007881436500006167,8.033355697989464e-05,985
986,,4.108125403068361,-2.0709817880830914,0.007881436500006167,7.971766171976924e-05,986
987,5,4.12071822974646,-2.068732870220023,0.007321977065405605,7.923631346784532e-05,987
988,,4.12071822974646,-2.068732870220023,0.007321977065405605,7.991667371243238e-05,988
989,,4.12071822974646,-2.068732870220023,0.007321977065405605,7.92796490713954e-05,989
990,,4.12071822974646,-2.068732870220023,0.007321977065405605,8.024534326978028e-05,990
991,,4.12071822974646,-2.068732870220023,0.007321977065405605,7.969807484187186e-05,991
992,5,4.133811786671795,-2.0660218650073126,0.006796091080610189,7.98495311755687e-05,992
993,,4.133811786671795,-2.0660218650073126,0.006796091080610189,8.040701504796743e-05,993
994,,4.133811786671795,-2.0660218650073126,0.006796091080610189,8.001932292245328e-05,994
995,,4.133811786671795,-2.0660218650073126,0.006796091080610189,7.973579340614378e-05,995
996,,4.133811786671795,-2.0660218650073126,0.006796091080610189,7.971419836394489e-05,996
997,5,4.146774907592976,-2.0633210013411425,0.006308479692230584,7.946006371639669e-05,997
998,,4.146774907592976,-2.0633210013411425,0.006308479692230584,7.873604772612453e-05,998
999,,4.146774907592976,-2.0633210013411425,0.006308479692230584,7.921716314740479e-05,999
1000,,4.146774907592976,-2.0633210013411425,0.006308479692230584,7.907883264124393e-05,1000
