step,Subgame4/tau,Subgame4/alpha,Subgame4/beta,Subgame4/gamma,Subgame4/conv,Subgame4/iters
0,1,1.0224879191439482,-0.8825253571253122,4.9972556300742,38.43119384765625,0
1,,,,,38.43119384765625,1
2,1,1.0255333535840228,-0.8838958880641179,4.997224649023956,39.53416870117187,2
3,1,1.0296529370690233,-0.8851465886846075,4.997185244052966,25.212706298828124,3
4,1,1.0157809248075815,-0.8886720724481643,4.997280203089886,16.90396240234375,4
5,1,1.0038827250632738,-0.8923085155885488,4.99735869025869,26.36566162109375,5
6,1,1.0235305319120394,-0.8912350432248006,4.997205422321578,13.113011474609374,6
7,1,1.000452824859361,-0.8967437275507226,4.99736682265806,15.357239990234374,7
8,1,1.0093353399815377,-0.8971591588264569,4.997293626515607,10.259712219238281,8
9,1,0.9973427669672754,-0.901299699645248,4.997372402370855,11.516412963867188,9
10,1,1.0046291110021417,-0.9019355595211576,4.9973108496588505,6.594701843261719,10
11,1,0.9869819746924027,-0.9075860541218517,4.997429612038289,4.7731149291992185,11
12,1,0.978073843945686,-0.9118083130884893,4.997484029986602,3.3697187805175783,12
13,1,0.9683047086461687,-0.9165275805701154,4.99754356140935,2.404126052856445,13
14,1,0.9589715256868214,-0.9214418434488696,4.9975991380760085,2.0386846923828124,14
15,1,0.9559174594788566,-0.9247380778383292,4.997611627281558,1.5009276962280274,15
16,1,0.9477770609458509,-0.9297409816039011,4.997658122885377,1.3438543701171874,16
17,1,0.9466855803314058,-0.9326116564171081,4.9976571789526325,1.3703440475463866,17
18,1,0.9502813332221094,-0.9339531192484394,4.997624821665534,1.9277688598632812,18
19,1,0.9655477427819776,-0.9315680622740485,4.997511652678597,5.2271426391601565,19
20,1,1.0052472084630268,-0.9230484923079181,4.997214556349078,5.353625183105469,20
21,1,1.0091477102334145,-0.9243556386100817,4.997175255646704,5.7468603515625,21
22,1,1.0148192170649153,-0.9252463190604283,4.997121816331183,4.762307739257812,22
23,1,1.010796806612497,-0.9284893461198078,4.997142744847956,3.2903021240234374,23
24,1,1.000006510011122,-0.9336504301959916,4.99721496549556,2.432675018310547,24
25,1,0.991788459268951,-0.9384135793474488,4.997266763503848,2.196667251586914,25
26,1,0.9909886167504391,-0.9411285299196188,4.997262849908434,1.9649113464355468,26
27,1,0.989839106306073,-0.9439915911419741,4.997261478101949,1.9625891876220702,27
28,1,0.992771631342086,-0.9456047946677704,4.9972293820230895,1.6423182678222656,28
29,1,0.9891530241852249,-0.9493241690290803,4.997246437074945,1.4519050598144532,29
30,1,0.9875686076093522,-0.9524564813720189,4.997248119827816,1.2976799774169923,30
31,1,0.986388372319082,-0.955503824682852,4.997246700143428,1.1983475494384765,31
32,1,0.9864141297465137,-0.9581722602862273,4.997236128854097,1.0862851715087891,32
33,1,0.9857544418665647,-0.9611165519124076,4.9972306338141905,0.9647673034667968,33
34,1,0.9843393630862609,-0.9643800520766623,4.9972307718362385,0.8398945999145507,34
35,1,0.9821846951562907,-0.9679773869414641,4.997236389035152,0.8129476928710937,35
36,1,0.9839422783720722,-0.9701218060699757,4.997212351072836,0.6696116065979004,36
37,1,0.9797266230871067,-0.9746232598535092,4.997233209614895,0.6504616928100586,37
38,1,0.9816136262392208,-0.9767597605775173,4.997208006667853,0.5862346649169922,38
39,1,0.9807211855648701,-0.9800325611876324,4.997203570105771,0.6315909767150879,39
40,1,0.9864578676996665,-0.9806326293200036,4.997148641480685,0.5328877258300782,40
41,1,0.9831106396593103,-0.9849424446115411,4.997162720376514,0.4921954917907715,41
42,1,0.9831256358852494,-0.9879076281020884,4.997150996507756,0.46992820739746094,42
43,1,0.9843739989670652,-0.9903795613298834,4.997129703249602,1.2370802307128905,43
44,1,1.023646078470985,-0.9778223538251405,4.9968009392306065,1.1906698989868163,44
45,1,1.025240348468706,-0.9800493642916084,4.99677465641391,1.3410353088378906,45
46,1,1.0328047037733414,-0.980133713841171,4.996697046497809,1.1013623046875,46
47,1,1.0283769726798893,-0.9845632484121984,4.996721759407219,0.8872970581054688,47
48,1,1.023231045548123,-0.9894034701525081,4.996752404038636,0.739473876953125,48
49,1,1.0193775729727983,-0.9938798911477726,4.996771856865732,0.6647742462158203,49
50,1,1.0183883245132952,-0.9972833287517193,4.9967669128705055,0.6141747283935547,50
51,1,1.0184303638729733,-1.0003008613807605,4.996753098898196,0.5765938186645507,51
52,1,1.0190774667632572,-1.0030916702895885,4.996733970925696,0.5581751251220703,52
53,1,1.0208846686427093,-1.0054050427993244,4.996704672836859,0.5397680854797363,53
54,1,1.022653717838141,-1.007746884501929,4.996675407051271,0.5240690422058105,54
55,1,1.0245771579800176,-1.0100340602198477,4.996644494423231,0.5131368637084961,55
56,1,1.0268230768908762,-1.0121919543943116,4.996610422260842,0.5047157287597657,56
57,1,1.0292441134023589,-1.014280986510333,4.996574424223175,0.4901686096191406,57
58,1,1.0311851083972439,-1.016586593619395,4.99654231506581,0.46961297988891604,58
59,1,1.0326100568932501,-1.0191264296207527,4.996514501117842,0.44357099533081057,59
60,1,1.0334935835792638,-1.0219139935715855,4.996491281837848,0.41428322792053224,60
61,1,1.0339464151982738,-1.0249029233914906,4.996471706112495,0.3806806755065918,61
62,1,1.0337749520333053,-1.0281815762008495,4.996457551431344,0.36894959449768067,62
63,1,1.0356398621956207,-1.0305670250411672,4.9964246933022665,0.3369633674621582,63
64,1,1.0352304614370818,-1.0339779252110184,4.996412258501403,0.32786768913269043,64
65,1,1.0372468082671047,-1.0363147879732906,4.996377437052452,0.30555142402648927,65
66,1,1.0376082358322438,-1.039405090750876,4.996357481975505,0.634339714050293,66
67,1,1.068921536062576,-1.0287819097186888,4.996041015227185,0.7790976715087891,67
68,1,1.0800864168519329,-1.027257509211267,4.995911459748491,0.7774824523925781,68
69,1,1.0831526554775497,-1.0291326882148797,4.995861847924926,0.9876702880859375,69
70,1,1.0957382000385527,-1.0271578346683934,4.995712843087631,0.9200093841552734,70
71,1,1.0961073908133114,-1.0301195922234954,4.995689569304108,0.9789557647705078,71
72,1,1.1017449176235177,-1.030980755328589,4.995610183804548,1.0416545867919922,72
73,1,1.107399124097552,-1.0318498660239983,4.995529378821759,1.041193733215332,73
74,1,1.1105780190517716,-1.0337052748498419,4.995474344919506,0.9566285324096679,74
75,1,1.1104006853994708,-1.0369006957448412,4.995455439247978,0.8409666442871093,75
76,1,1.1084615880981539,-1.0408395216610502,4.995455593844692,0.8947901916503906,76
77,1,1.114135700198832,-1.041698481752438,4.995371800729051,0.8172138977050781,77
78,1,1.1137146364360309,-1.0450479461172337,4.995354774801974,0.7984796142578126,78
79,1,1.1159913030798652,-1.047306423573513,4.99530740476194,0.7542299842834472,79
80,1,1.116915091714419,-1.05013507641806,4.995274740926759,0.7043073654174805,80
81,1,1.1173783583754682,-1.0531732496930704,4.995246937419926,0.6661230659484864,81
82,1,1.1183512881410327,-1.0560139345718902,4.995213046423829,0.6319811248779297,82
83,1,1.1194490249169908,-1.0588163149171783,4.9951773697039625,0.5972116088867188,83
84,1,1.1203866645262606,-1.0617024987741845,4.9951431514460385,0.5702795028686524,84
85,1,1.1217435459377392,-1.0644211498546494,4.995103726511193,0.5432469367980957,85
86,1,1.1230031221177847,-1.0671953705215473,4.995065007675857,0.5100631141662597,86
87,1,1.123679683785712,-1.0702422288161202,4.995032683808688,0.4772645568847656,87
88,1,1.1242167242441703,-1.0733701792800023,4.995001648778044,0.4520143508911133,88
89,1,1.1252410426486958,-1.076295039716983,4.994964530644466,0.4318528747558594,89
90,1,1.1266175732268033,-1.0790717469069213,4.994922832466728,0.4137976837158203,90
91,1,1.128112534486262,-1.0818048961796858,4.994879264792543,0.3901082992553711,91
92,1,1.1289514958451328,-1.0848485880411571,4.994843099476613,0.37142223358154297,92
93,1,1.1301892605808788,-1.0877214763532408,4.994801725806779,0.35358991622924807,93
94,1,1.13142254019371,-1.0906075956579175,4.994759954297617,0.33440935134887695,94
95,1,1.1323900348033478,-1.0936284351333259,4.994720973215064,0.3208883666992188,95
96,1,1.1339448750290748,-1.0963875546768695,4.994674346664927,0.3069102096557617,96
97,1,1.135368011992405,-1.0992184460518906,4.994628830942548,0.29646193504333496,97
98,1,1.1371935291743205,-1.1018707160681884,4.994577796772105,0.28501057624816895,98
99,1,1.1388270208334441,-1.1046228114762613,4.994528593208864,0.27728057861328126,99
100,1,1.140945154165895,-1.1071553227480453,4.994472710911387,0.2677694606781006,100
101,1,1.142763517812676,-1.109838582016597,4.994419997442113,0.2568511390686035,101
102,1,1.1443089722644106,-1.112661312292116,4.994370181517262,0.2461490535736084,102
103,1,1.1458172038608554,-1.1155122321233386,4.994320284639553,0.23898400306701661,103
104,1,1.1478574552309884,-1.1181180291963246,4.994262911768291,0.23010825157165526,104
105,1,1.149559911081996,-1.1208954003860963,4.994209294349178,0.2227945899963379,105
106,1,1.1514901887766675,-1.1235724439868913,4.994152060153615,0.2151047706604004,106
107,1,1.1533061699507092,-1.1263141374025574,4.994095680121006,0.2078785514831543,107
108,1,1.1551623880976338,-1.129045810817251,4.994038110691813,0.20377095222473143,108
109,1,1.1576029738361113,-1.1315014114615156,4.993971993094035,0.1969880199432373,109
110,1,1.159475235653046,-1.1342432209887074,4.993912803458728,0.19133091926574708,110
111,1,1.161542606559822,-1.1368985829429659,4.993850252322882,0.18585079193115234,111
112,1,1.1636148227403231,-1.139560448256589,4.993786894880621,0.19111574172973633,112
113,1,1.1680388206486072,-1.141069983977308,4.993690010075294,0.1845901107788086,113
114,1,1.169882159096605,-1.1438591819051407,4.993628107232935,0.18359400749206542,114
115,1,1.1729395508763631,-1.1460561901777218,4.993548256853994,0.17927361488342286,115
116,1,1.175238837977015,-1.1486361653854604,4.993478241653373,0.17318625450134278,116
117,1,1.1770952715124972,-1.1514451163789383,4.993413768139838,0.1637570810317993,117
118,1,1.1780635619797497,-1.1547084233238067,4.993361430419016,0.16196435928344727,118
119,1,1.1808987969846814,-1.1570468461846857,4.993281204332485,0.15935348033905028,119
120,1,1.1835194187900893,-1.1595003589878456,4.99320313079627,0.16892261505126954,120
121,1,1.1892509136754192,-1.160397074564787,4.993077612356039,0.16939749717712402,121
122,1,1.192677692085879,-1.1624572365107868,4.992984978801827,0.1683652353286743,122
123,1,1.195736379045869,-1.1647087289983948,4.992896730902055,0.1677771997451782,123
124,1,1.1989086760308745,-1.1669097860943867,4.992805586453972,0.16223740577697754,124
125,1,1.2008227599051648,-1.1697525752009021,4.992732818082313,0.15540430545806885,125
126,1,1.2023409625958217,-1.1728059530147124,4.992665374552288,0.1533346652984619,126
127,1,1.2051049296727125,-1.1752365515503806,4.992577488835986,0.1568118667602539,127
128,1,1.2093813860700207,-1.1769047690294976,4.992464354798043,0.15164776802062988,128
129,1,1.2113064558221902,-1.1797761514148994,4.992387504198943,0.15283859252929688,129
130,1,1.2149774851991355,-1.1817649011897973,4.992281366903734,0.15002981662750245,130
131,1,1.2175383531321575,-1.1843273343499,4.992192001593179,0.14707338333129882,131
132,1,1.2200443452172516,-1.1869258487765442,4.99210241620595,0.1416595458984375,132
133,1,1.2218062435084547,-1.1899154303685067,4.992024118141664,0.13954144954681397,133
134,1,1.2245213497560483,-1.1924231969007784,4.991928849867284,0.1354079246520996,134
135,1,1.226601595376654,-1.1952671891383135,4.99184313352648,0.13454989433288575,135
136,1,1.2296920657024846,-1.1975961704290607,4.991739073644424,0.1312096071243286,136
137,1,1.2319860765752404,-1.2003461528730608,4.991647400962972,0.12439580917358399,137
138,1,1.2330801538299077,-1.2037317672468848,4.991575460497231,0.12373404026031494,138
139,1,1.2362216003076383,-1.206057175375133,4.9914667859576305,0.12365853309631347,139
140,1,1.2395689145308566,-1.208281445656651,4.991353009968066,0.12008025169372559,140
141,1,1.2416899802379786,-1.2111567529147458,4.991259634189547,0.11653064250946045,141
142,1,1.2437849374671164,-1.2140553426186764,4.991165564832356,0.114855318069458,142
143,1,1.2465469247797099,-1.216610450979011,4.991058193770797,0.11239022731781007,143
144,1,1.2490019128524066,-1.2193360617275448,4.990955056103992,0.10806705474853516,144
145,1,1.2507056977563977,-1.2224700813505427,4.990864497329151,0.10824828147888184,145
146,1,1.2541694695402765,-1.2246754287012396,4.990739987998616,0.10538079738616943,146
147,1,1.25640897385572,-1.2275414945429395,4.990636849487869,0.10275926113128662,147
148,1,1.2587214323799119,-1.2303776694360755,4.990531015604277,0.10169531345367432,148
149,1,1.261673812818511,-1.2328786444746416,4.990411556724697,0.10011205196380615,149
150,1,1.2644009651888313,-1.2355083084020193,4.9902948647595124,0.09625095367431641,150
151,1,1.2661077664892022,-1.2386975255704678,4.990196565949844,0.09493636608123779,151
152,1,1.2689228414382663,-1.2412965829653002,4.990075231812645,0.09368279457092285,152
153,1,1.2717606344334205,-1.2438909810253105,4.989951832998205,0.09023531436920167,153
154,1,1.2735506201606657,-1.24706431468792,4.989847810241373,0.08897076606750488,154
155,1,1.2763570518782188,-1.2496924534344613,4.989721931756039,0.08762494564056396,155
156,1,1.2791170651028936,-1.2523538574118789,4.989595321606624,0.08459190368652343,156
157,1,1.281009334450368,-1.2555012756519333,4.9894849087603,0.0831411361694336,157
158,1,1.283683775759538,-1.2582286153806383,4.989356854102021,0.08176042556762696,158
159,1,1.2863846784107245,-1.2609503881110569,4.98922654588689,0.07922456741333007,159
160,1,1.2884431987398997,-1.2640380785579421,4.989108102707293,0.07846642732620239,160
161,1,1.2914599456720868,-1.2666029078579133,4.988967682009563,0.07757122993469238,161
162,1,1.2943984448556096,-1.2692195986481276,4.9888270350218615,0.07601248502731323,162
163,1,1.296953006303208,-1.272059706061339,4.98869284202945,0.07473325967788697,163
164,1,1.299655561548783,-1.2748262467437634,4.988553617029563,0.07363057613372803,164
165,1,1.3024530335295488,-1.2775484318691523,4.988410419208153,0.0724852180480957,165
166,1,1.3052172823270065,-1.2802982291970348,4.988266031747321,0.07126455545425416,166
167,1,1.3079264684135457,-1.2830881857293654,4.988120941402926,0.07012323141098023,167
168,1,1.3106749241888178,-1.285864990968307,4.987973000243075,0.0692061448097229,168
169,1,1.313557294155129,-1.288574562088244,4.987819970294591,0.06829944610595703,169
170,1,1.316441293538278,-1.291291861383062,4.987664812095941,0.06735204696655274,170
171,1,1.3192934258627182,-1.294036077081146,4.987508281027026,0.0664645791053772,171
172,1,1.3221793135224549,-1.2967696947407643,4.987348808539249,0.06555774211883544,172
173,1,1.3250468347789193,-1.2995221778964996,4.987187593948955,0.06464252948760986,173
174,1,1.3279027214227115,-1.3022886901835493,4.987024467565313,0.06359888315200805,174
175,1,1.3306626153740424,-1.3051180076151512,4.98686146998929,0.06246123790740967,175
176,1,1.3333459750406202,-1.3079992700611731,4.986698156854644,0.061264917850494385,176
177,1,1.3359741031765375,-1.3109204507441903,4.9865340193181,0.060055603981018064,177
178,1,1.3385776368655793,-1.3138639623047654,4.986368293176213,0.05897799253463745,178
179,1,1.3412648146985775,-1.3167666726275238,4.986198211406164,0.057972259521484375,179
180,1,1.3439946402519152,-1.3196522295780309,4.986024731336048,0.05706523418426514,180
181,1,1.346790638496313,-1.322506634053225,4.985847176171785,0.056151719093322755,181
182,1,1.3495725026330923,-1.3253768914940225,4.985667563033758,0.05520237445831299,182
183,1,1.3523157384871571,-1.3282775315156201,4.985486514608382,0.054210634231567384,183
184,1,1.3550128571783142,-1.3312131701340353,4.985304224560251,0.05321731805801391,184
185,1,1.3576957267792817,-1.3341651200227187,4.985119832623996,0.05227635145187378,185
186,1,1.3604100320622956,-1.3371062755353738,4.984932068338592,0.05138889312744141,186
187,1,1.3631587453401335,-1.3400347269195565,4.984740786720388,0.050505151748657225,187
188,1,1.3658995180946607,-1.3429756520398033,4.984547097688724,0.04970074415206909,188
189,1,1.3687006454672404,-1.345888146841511,4.984349051367783,0.04890328645706177,189
190,1,1.3714986223186816,-1.3488101177015768,4.98414835697813,0.04803470849990845,190
191,1,1.3742200016624546,-1.351785847526073,4.983947079137371,0.04727548599243164,191
192,1,1.3770333712076614,-1.35471384140398,4.983740365725659,0.046641557216644286,192
193,1,1.379959051244462,-1.3575813849811997,4.983527500034961,0.046061084270477295,193
194,1,1.3829314333837477,-1.3604278267861598,4.983310274244376,0.045495762825012206,194
195,1,1.3859142639226372,-1.3632750310672006,4.983089681545483,0.04483290672302246,195
196,1,1.3887939672480145,-1.3661922100544401,4.982869089012747,0.044081349372863766,196
197,1,1.3915747005857675,-1.3691772837060923,4.982648418435185,0.043355984687805174,197
198,1,1.3943718131808989,-1.3721600187614904,4.982424167006352,0.04269408464431763,198
199,1,1.3972260478225575,-1.3751153097197442,4.982195006455086,0.04205450534820557,199
200,1,1.4000957550908453,-1.378068555682628,4.9819621416343995,0.04140743613243103,200
201,1,1.402948905129586,-1.3810394698353308,4.981726524072759,0.04075940489768982,201
202,1,1.4057920264985748,-1.3840240923890672,4.981487910530719,0.040117303133010866,202
203,1,1.4086325184748791,-1.3870178834954028,4.981246020475627,0.03941762089729309,203
204,1,1.4113966537496285,-1.3900667368211677,4.981003216131441,0.03877718687057495,204
205,1,1.414218378754069,-1.3930874628623588,4.9807550963772655,0.038205342292785646,205
206,1,1.4171120564748432,-1.396070808874101,4.9805010703266,0.03767500400543213,206
207,1,1.4200482446727383,-1.3990349044137649,4.980242002018281,0.037154085636138916,207
208,1,1.422989258975838,-1.4020032414469037,4.97997907514062,0.03660791158676147,208
209,1,1.4258918073630573,-1.405003072626562,4.979713718566695,0.03602447271347046,209
210,1,1.4287387275543617,-1.4080454197136758,4.97944651305971,0.03554985046386719,210
211,1,1.4317168317784352,-1.4110122743936055,4.979170890214514,0.03515335202217102,211
212,1,1.434791595359213,-1.4139249548312085,4.978887871522295,0.03476285099983215,212
213,1,1.4378709295869514,-1.4168416062207132,4.978600593774003,0.034420504570007324,213
214,1,1.4410115816108284,-1.4197260441601327,4.978306926260175,0.03419654846191406,214
215,1,1.444310624102757,-1.422516031810848,4.978003165877078,0.03389533996582031,215
216,1,1.4475051750339327,-1.4253791450677138,4.9776988147362795,0.03355288863182068,216
217,1,1.450641787378495,-1.4282859457559456,4.977392182625577,0.033251429796218875,217
218,1,1.4538333074350165,-1.431164158020619,4.977078988368555,0.033014943599700926,218
219,1,1.4571150988751815,-1.4339907883039646,4.9767577357271495,0.03280624508857727,219
220,1,1.460436674750206,-1.4367980529811166,4.976430195432997,0.032543841600418094,220
221,1,1.4636824711078018,-1.4396604880174708,4.97610077451615,0.03218591570854187,221
222,1,1.466789852264924,-1.442618962165957,4.975771979166873,0.03186184287071228,222
223,1,1.4699433781370546,-1.4455545034181059,4.975436513075327,0.03160155296325683,223
224,1,1.4731887344103274,-1.4484378041769974,4.97509238675837,0.03142226099967957,224
225,1,1.4765540268328239,-1.4512502926631,4.974738245145471,0.03127718329429627,225
226,1,1.4799717264863077,-1.454035643667244,4.97437664052287,0.031064555644989014,226
227,1,1.483289553713192,-1.4568931148788187,4.97401380042997,0.030792064666748047,227
228,1,1.4865167730488464,-1.4598169382898747,4.973649386802,0.030481438636779785,228
229,1,1.4896840822346766,-1.4627872952118695,4.973282125646578,0.030219173431396483,229
230,1,1.4929242755747827,-1.4657162955497616,4.972906322054137,0.029946128129959105,230
231,1,1.496147710977323,-1.4686593540372075,4.972525934064555,0.02969453692436218,231
232,1,1.4994049462411894,-1.4715829974469492,4.972138682306747,0.029374202489852907,232
233,1,1.502552622880498,-1.4745813208782015,4.971750886800985,0.029014664888381957,233
234,1,1.5056347635397838,-1.477625497967609,4.971360644650993,0.02864515781402588,234
235,1,1.5086968056799166,-1.4806857025518274,4.970965892204656,0.028287640810012817,235
236,1,1.5117744706692535,-1.4837384146001455,4.9705649185443335,0.028032456636428834,236
237,1,1.5150205348139656,-1.4866829109038788,4.97015039984495,0.027832460403442384,237
238,1,1.5183600353458648,-1.4895683755639046,4.9697255469834385,0.02766095519065857,238
239,1,1.5217495665716831,-1.49242331058238,4.969292210341566,0.027444008588790893,239
240,1,1.5250629748475808,-1.4953308643348986,4.968856399277396,0.027188574075698854,240
241,1,1.5283102927303747,-1.4982844560781128,4.968417665148131,0.026925673484802248,241
242,1,1.5315439667207866,-1.501249485572404,4.967973403348889,0.02672896981239319,242
243,1,1.5348941324910437,-1.5041399217173885,4.96751692435619,0.026606552600860596,243
244,1,1.5383779412193999,-1.5069442773629236,4.967047029330201,0.0265174674987793,244
245,1,1.5419243023006963,-1.5097094388185182,4.966567072751493,0.026395034790039063,245
246,1,1.545414224356006,-1.5125140420986893,4.966083122903331,0.0262168025970459,246
247,1,1.5488060863535824,-1.5153856294256858,4.965597420097281,0.026070773601531982,247
248,1,1.5522582221904537,-1.5182194176775943,4.965101473603727,0.025999693870544432,248
249,1,1.5558499265605041,-1.5209628099326036,4.9645907007452825,0.025982594490051268,249
250,1,1.5595442204003658,-1.523640194844885,4.964066757984643,0.025939085483551026,250
251,1,1.563194171064406,-1.5263488256344766,4.9635375954830145,0.02581912398338318,251
252,1,1.566707150320279,-1.529150046518445,4.963008483996305,0.02567337155342102,252
253,1,1.570175060329955,-1.5319829903640194,4.962474294752751,0.025574387311935426,253
254,1,1.5737325156391115,-1.5347583877538788,4.9619271308738195,0.025529236793518068,254
255,1,1.5773938978574311,-1.5374666053982478,4.961365822817706,0.025475677251815796,255
256,1,1.5810433481246888,-1.5401844120254005,4.960796975346841,0.02534117579460144,256
257,1,1.5845440695819843,-1.5430025435107826,4.960228820576694,0.025137207508087157,257
258,1,1.587915160915181,-1.5459084013428694,4.959660405114261,0.024924174547195435,258
259,1,1.591269261516272,-1.5488272557469909,4.959084880660532,0.024756197929382325,259
260,1,1.5947106337554025,-1.5516897759836668,4.958495576997144,0.024625669717788696,260
261,1,1.5982263425503829,-1.5545044363013507,4.957892990049364,0.024487097263336182,261
262,1,1.6017286457926054,-1.5573295102236637,4.957282501479293,0.02433933138847351,262
263,1,1.605214953121424,-1.5601666949596067,4.956664185289876,0.024186031818389894,263
264,1,1.6086921337186797,-1.5630113918831745,4.9560374937718805,0.024024691581726074,264
265,1,1.6121549113318223,-1.5658670871727982,4.955402673248905,0.02384211778640747,265
266,1,1.6155763105246264,-1.56875174351487,4.95476146782943,0.023644680976867675,266
267,1,1.6189681857370624,-1.571657462742027,4.954113030761629,0.023445661067962646,267
268,1,1.6223569241208993,-1.5745666278186627,4.953455456742179,0.023275046348571776,268
269,1,1.625804416094874,-1.5774378589768663,4.952784228982628,0.023119442462921143,269
270,1,1.6292840910803421,-1.5802888078110398,4.952100955806865,0.02293845534324646,270
271,1,1.632711813656809,-1.5831756675618167,4.951411524110964,0.022721786499023438,271
272,1,1.6360643485172797,-1.5861140167081205,4.9507176440909655,0.022490712404251097,272
273,1,1.6393849863247276,-1.5890749304132346,4.950016151303401,0.02235674738883972,273
274,1,1.6429138655848248,-1.5918974596753048,4.949288846659135,0.02224270045757294,274
275,1,1.6464877656339683,-1.5946907734518017,4.948547466094185,0.022124598026275633,275
276,1,1.650055082920381,-1.5974894037258518,4.947795718974875,0.021985697150230406,276
277,1,1.6535788486311165,-1.600318128928271,4.947036367344758,0.021853866577148436,277
278,1,1.6571197845908285,-1.6031361765814567,4.946264548886861,0.021718260049819946,278
279,1,1.6606540097838105,-1.605959533584038,4.945481970594156,0.021561419367790224,279
280,1,1.6641421510232473,-1.60881463941636,4.944691700541686,0.021401079297065737,280
281,1,1.6676231933783463,-1.6116752823167872,4.943890490709679,0.02124064087867737,281
282,1,1.6711046505996825,-1.6145363729049398,4.943077563810943,0.021104457974433898,282
283,1,1.674642409893492,-1.617360221269608,4.942248002783851,0.02094894051551819,283
284,1,1.6781368093668416,-1.6202138952567755,4.941410013715228,0.02078635334968567,284
285,1,1.6816153713043538,-1.6230788464694583,4.940561164544954,0.02064357876777649,285
286,1,1.685140851705698,-1.625912696647608,4.939695791644754,0.02050431251525879,286
287,1,1.68867564114207,-1.6287407452927039,4.9388169110929105,0.020344051718711852,287
288,1,1.6921614229769772,-1.6316023518439704,4.937929581686504,0.020175076723098755,288
289,1,1.6956264768504974,-1.6344784176487348,4.937031191709329,0.020004952549934386,289
290,1,1.6990885647858025,-1.6373569107870727,4.936119973292025,0.01987689733505249,290
291,1,1.7026533551556355,-1.640166223604043,4.935185799445975,0.019735006690025328,291
292,1,1.7061853279247308,-1.6429980232807122,4.9342410152463385,0.019580413699150086,292
293,1,1.709686477662238,-1.6458509604103557,4.93328534624203,0.019419316053390503,293
294,1,1.713171500635933,-1.648715064171362,4.932317265144267,0.019265475273132323,294
295,1,1.7166746969207325,-1.65156702020359,4.931333226568767,0.01912723422050476,295
296,1,1.7202177061146524,-1.6543920515902673,4.93033077740317,0.018975241184234617,296
297,1,1.723726068069427,-1.657240706142773,4.9293171218632805,0.018804662227630616,297
298,1,1.727186313554054,-1.6601221642601736,4.928293567309197,0.018619750142097474,298
299,1,1.7306081467667718,-1.6630298531199925,4.927259074177934,0.01845319092273712,299
300,1,1.7340767712306082,-1.6659056971142148,4.9262045677038975,0.018346219062805175,300
301,1,1.7377032099124083,-1.6686738173601308,4.925117736696759,0.018270680904388426,301
302,1,1.741415203769052,-1.671383295723186,4.924005528481442,0.018236571550369264,302
303,1,1.7452406306504864,-1.6740149535463864,4.922864264003861,0.01816076636314392,303
304,1,1.748957178263756,-1.676720544917726,4.921717982390895,0.018032646179199217,304
305,1,1.7525345303419926,-1.6795208768935077,4.92057033482779,0.017880401611328124,305
306,1,1.756046606472215,-1.6823655208245623,4.9194132266762605,0.017728174924850463,306
307,1,1.7595582206713156,-1.6852101471725445,4.9182391846894555,0.01759514331817627,307
308,1,1.7631226220609102,-1.6880182123398872,4.917041703428318,0.017459041476249694,308
309,1,1.7666786612942955,-1.6908315384503407,4.91582756130476,0.017315669655799865,309
310,1,1.770214206265812,-1.6936584257829155,4.914597998454626,0.017178263664245606,310
311,1,1.7737663854928085,-1.6964733535587917,4.91334831010026,0.01703808903694153,311
312,1,1.7773104650617435,-1.6992932605751352,4.912081209692477,0.0169063138961792,312
313,1,1.7808783335312623,-1.7020960545383728,4.910792446323153,0.01680910646915436,313
314,1,1.7845465723531881,-1.704828763895653,4.909471868727474,0.016723825335502623,314
315,1,1.7882505879293757,-1.707535651788985,4.908126991343934,0.01663251519203186,315
316,1,1.7919377120158093,-1.7102527299660735,4.906764166993663,0.016495418548583985,316
317,1,1.795489547784645,-1.7130616476264926,4.9053988301269555,0.016317253708839418,317
318,1,1.7989166879462417,-1.7159552440066825,4.904029955867474,0.016183220148086548,318
319,1,1.8024737975894385,-1.7187576523936983,4.902623341097643,0.016122051477432252,319
320,1,1.806251762116928,-1.721405776358056,4.901165499023525,0.01603716790676117,320
321,1,1.8099585489835297,-1.7241013722176932,4.899695592934883,0.015903449654579162,321
322,1,1.8135153868863607,-1.7268990168368528,4.898224802738728,0.015713133215904236,322
323,1,1.8168940111166678,-1.7298184864418886,4.8967576685761305,0.015531603693962098,323
324,1,1.8202949937193882,-1.73272092784867,4.895265808787293,0.01537338137626648,324
325,1,1.82376558161703,-1.73557343977071,4.893741850115349,0.01525006353855133,325
326,1,1.8273446902216166,-1.738348277312165,4.8921793223306285,0.015147320628166198,326
327,1,1.8309878489415272,-1.7410756937055376,4.890583963639241,0.015088987350463868,327
328,1,1.8347741965046427,-1.7437005407380874,4.888942956614227,0.015001538395881652,328
329,1,1.838464905250662,-1.7463887806296863,4.887292021702479,0.014923818111419677,329
330,1,1.8421864788364108,-1.7490524083620085,4.885611544523869,0.014888114929199218,330
331,1,1.8460463428255716,-1.7516165526599217,4.883883880132498,0.014867243170738221,331
332,1,1.8499556134697765,-1.754142965650191,4.882122076813997,0.014835222959518432,332
333,1,1.8538282852473722,-1.756691474409529,4.8803394645864655,0.014787539839744568,333
334,1,1.85764899908601,-1.7592727523006082,4.8785384276227575,0.014738280773162842,334
335,1,1.8614643360172138,-1.7618543148914017,4.876711091064285,0.014714313745498657,335
336,1,1.8653643946252596,-1.7643732865194073,4.874841751634799,0.014681004285812378,336
337,1,1.8692333389996783,-1.766910355989371,4.872949385291635,0.014640048742294312,337
338,1,1.8730766182657077,-1.7694616899384186,4.871032831780873,0.014593583345413209,338
339,1,1.8769011948260388,-1.772022395405352,4.86909061009742,0.014540934562683105,339
340,1,1.8807045566905338,-1.7745941895776642,4.867122872758231,0.014488329887390137,340
341,1,1.8845076779741985,-1.7771623857338033,4.865125517164524,0.014426913261413574,341
342,1,1.8882801905955826,-1.7797481572656304,4.863103707920153,0.014368181824684143,342
343,1,1.8920612429061148,-1.7823241064956798,4.861049901870624,0.01432565450668335,343
344,1,1.8958976341739922,-1.784857435283224,4.858954705756173,0.014272866249084472,344
345,1,1.899698209672322,-1.7874118356927662,4.856834754579176,0.014203559756278992,345
346,1,1.9034407144149834,-1.7900028713555827,4.854694194774756,0.014131003618240356,346
347,1,1.9071707413652637,-1.792598611033675,4.852524008391609,0.014051197171211243,347
348,1,1.9108739727354997,-1.7952090529293043,4.850326686995211,0.013966158628463746,348
349,1,1.9145570754880734,-1.7978295011852932,4.848100615906731,0.013894482851028442,349
350,1,1.9182860085412874,-1.8004136428260644,4.845831914417012,0.013837283253669739,350
351,1,1.9220654906124324,-1.8029580618471455,4.843518727511291,0.013792592287063598,351
352,1,1.9258890984910229,-1.8054671655953805,4.841161482082207,0.013749172091484069,352
353,1,1.929716762887789,-1.8079690158382253,4.838767865253169,0.013698120713233947,353
354,1,1.9335162829078754,-1.8104861943903638,4.8363443073067245,0.013649707436561584,354
355,1,1.937324639028693,-1.8129926658079554,4.833882388637495,0.013599485754966736,355
356,1,1.9411256908579955,-1.8154997270374684,4.8313850937929494,0.013543052673339844,356
357,1,1.9449032003713824,-1.8180187663232479,4.828855616348717,0.013473029732704162,357
358,1,1.94862966234022,-1.8205691346709294,4.826299925920395,0.013397445678710937,358
359,1,1.9523339964932291,-1.8231304559692487,4.823711226634438,0.013344841003417969,359
360,1,1.9561221198026895,-1.8256279998762228,4.821064237801689,0.013288738131523132,360
361,1,1.9598961955759964,-1.8281306592142212,4.818380939889167,0.013244070410728455,361
362,1,1.9637120653313676,-1.8305989703197354,4.815647384655111,0.01321835458278656,362
363,1,1.967598421872672,-1.833012567833371,4.812855538796388,0.01321306049823761,363
364,1,1.9715612281032788,-1.835367118338177,4.810002611686092,0.01321484088897705,364
365,1,1.9755504201019467,-1.8376978944883853,4.807099819281273,0.013201770782470703,365
366,1,1.9794834740210807,-1.8400631770489797,4.804167335784413,0.013156951665878295,366
367,1,1.9832963346751953,-1.842508281329962,4.801221694727263,0.013093662858009338,367
368,1,1.987038156431844,-1.8449984902720644,4.798250621622499,0.013047617673873902,368
369,1,1.9908441998193176,-1.8474380236558563,4.795218256066898,0.013024831414222717,369
370,1,1.9947379697677494,-1.8498099093536131,4.792116879782311,0.012984027862548828,370
371,1,1.9985617102521314,-1.8522255257017346,4.788987907008929,0.012909687757492065,371
372,1,2.0022548998825727,-1.8547278107906195,4.785848199995525,0.012811020612716675,372
373,1,2.00585100573342,-1.8572931151917522,4.782689144407723,0.012708424925804138,373
374,1,2.0094277256423463,-1.8598663304596785,4.779489065285304,0.012610944509506226,374
375,1,2.013020329597978,-1.8624223601694445,4.776237357272219,0.01251872181892395,375
376,1,2.0166297887699,-1.8649604367350767,4.772932888076367,0.012437715530395507,376
377,1,2.020280371682119,-1.8674632078209426,4.769567602445781,0.012363723516464233,377
378,1,2.0239559910199567,-1.8699420209465734,4.766145150357033,0.012290019392967224,378
379,1,2.027629862745882,-1.8724158769501222,4.762672669245312,0.012225397229194641,379
380,1,2.031337812334283,-1.874859175904791,4.759138432589918,0.012161553502082825,380
381,1,2.035046392811276,-1.8772956850128075,4.755551736206838,0.012089813947677613,381
382,1,2.0387198800574704,-1.8797508554465363,4.751923135691349,0.012007781863212585,382
383,1,2.0423477002732278,-1.8822322358075398,4.7482557198765765,0.011941624283790588,383
384,1,2.046038242346252,-1.8846623436070917,4.744514123708413,0.011855677366256714,384
385,1,2.049642875197361,-1.8871473706366184,4.740745699659697,0.011753163337707519,385
386,1,2.0531733920085333,-1.88967895082274,4.736946872724596,0.0116534423828125,386
387,1,2.056710748615558,-1.8921991428163267,4.733090509488536,0.011572363376617432,387
388,1,2.0603234802734556,-1.8946587337123417,4.729152300332142,0.011502626538276672,388
389,1,2.0639815926100376,-1.897079076154773,4.725140856102088,0.011434728503227234,389
390,1,2.0676445243824664,-1.899489174618473,4.721069016933905,0.011372767686843872,390
391,1,2.07133034537637,-1.901875983382097,4.716929474298059,0.011306368112564087,391
392,1,2.074993712590158,-1.9042720177963395,4.712737451482225,0.011243969798088074,392
393,1,2.078671677195506,-1.9066505966476397,4.708478894843301,0.011199810504913331,393
394,1,2.0824279211311434,-1.9089657937253617,4.704129163385161,0.01116265833377838,394
395,1,2.0862137911661907,-1.911251154352557,4.699704910648343,0.01111145555973053,395
396,1,2.089935811111425,-1.9135723957573738,4.69524086564842,0.0110460764169693,396
397,1,2.0935925217155713,-1.9159305667034352,4.690737722234735,0.010971550941467284,397
398,1,2.0972056252162083,-1.9183100214787632,4.686187165362723,0.010892412066459656,398
399,1,2.1007949910802775,-1.9206964082340492,4.681581170260439,0.010825275778770446,399
400,1,2.1044366844016418,-1.9230347598950683,4.676888762819623,0.010772343873977661,400
401,1,2.108141864948018,-1.9253168882337355,4.672103735644469,0.010726639628410339,401
402,1,2.1118790489161574,-1.9275654202374124,4.667237173313447,0.010686634182929993,402
403,1,2.1156415035802927,-1.9297851285932137,4.662290485335195,0.010657130479812623,403
404,1,2.1194519651975097,-1.931959475415821,4.657252746450148,0.010627993345260621,404
405,1,2.123263301309772,-1.934119955002629,4.652142504160224,0.010595930814743042,405
406,1,2.1270600086793334,-1.9362733830617738,4.64696566593812,0.010559356510639191,406
407,1,2.130834457592419,-1.9384251662739054,4.641724924684865,0.01052070915699005,407
408,1,2.1345979605089354,-1.9405670703705604,4.636414702347852,0.010487691164016724,408
409,1,2.138386993253033,-1.942672597973137,4.631017789100843,0.010430337488651275,409
410,1,2.142058863501622,-1.9448451939593334,4.625598105826587,0.010357543230056762,410
411,1,2.1456544618261026,-1.9470552594424702,4.620137857142971,0.010285024642944335,411
412,1,2.1492483737087444,-1.9492486554765358,4.614602469535453,0.010232362449169159,412
413,1,2.152935959436257,-1.9513560040471887,4.608945691202738,0.01020508885383606,413
414,1,2.1567456346872524,-1.953356466366003,4.603151161996886,0.010182453393936157,414
415,1,2.1605769737260436,-1.9553229292012362,4.5972646641449115,0.01015527367591858,415
416,1,2.164385107789475,-1.9572879758347013,4.591307001555679,0.010121007263660432,416
417,1,2.168157342416675,-1.9592608187710567,4.585283997296213,0.010081771314144134,417
418,1,2.1719037680185407,-1.9612340883808304,4.579190240614634,0.010039936900138855,418
419,1,2.175635839216413,-1.9631994071275922,4.573019362268902,0.009999512434005738,419
420,1,2.1793733257206647,-1.965142314844062,4.566760362198497,0.009958560466766358,420
421,1,2.1831066079958066,-1.9670697706585996,4.560417217104276,0.00991515964269638,421
422,1,2.186825993455792,-1.9689888025120408,4.553994196840453,0.009860107898712158,422
423,1,2.190484912928537,-1.9709334007461252,4.547515794715846,0.009791821837425232,423
424,1,2.1940743477203775,-1.9729101866457786,4.540987205763734,0.009718601107597351,424
425,1,2.1976353638977875,-1.9748891593927929,4.534386091342294,0.009648319482803345,425
426,1,2.201207929824425,-1.976841042158493,4.52768960261826,0.009592162370681763,426
427,1,2.2048502843506705,-1.978723090633478,4.52086336731927,0.00953345537185669,427
428,1,2.2084768139684954,-1.9805979215003244,4.513954244011591,0.009465551674365998,428
429,1,2.2120524044022765,-1.9824912616005808,4.506982048727274,0.009388041496276856,429
430,1,2.215573919345597,-1.9844054181391435,4.499948670046832,0.009309553802013397,430
431,1,2.219086118806014,-1.9863075328443234,4.49282751682515,0.009235098958015442,431
432,1,2.2226157325738183,-1.9881779112561586,4.485601620356022,0.00916866898536682,432
433,1,2.2261847986669676,-1.9900002541398134,4.478256091373578,0.009110448360443115,433
434,1,2.229795168478205,-1.9917730826538287,4.470787891416117,0.009063197374343872,434
435,1,2.2334627144746513,-1.9934845867188589,4.463185094662914,0.009015182256698609,435
436,1,2.2371238261743174,-1.995181528400888,4.455485816804345,0.008956958651542663,436
437,1,2.2407261962933225,-1.9969024503383737,4.447722860074032,0.008889662623405457,437
438,1,2.2442750700470446,-1.9986435139973002,4.439893166060212,0.008823090195655824,438
439,1,2.2478243030371243,-2.0003649611812353,4.431961467713367,0.008769461810588837,439
440,1,2.2514429492564987,-2.002015683477785,4.423880652944655,0.00872055560350418,440
441,1,2.2550856037246363,-2.003629113379445,4.415678717268531,0.008677187860012054,441
442,1,2.2587573103135004,-2.005201428324047,4.407350606624023,0.008646127879619598,442
443,1,2.262497213239236,-2.006703539710734,4.398867484633676,0.008625573515892028,443
444,1,2.2662956552242166,-2.008142463216103,4.390233380544165,0.008607501089572906,444
445,1,2.2701069449209794,-2.0095519533367923,4.381478171924462,0.008587072491645814,445
446,1,2.273903310169667,-2.0109525430812005,4.3726204168219445,0.00855806827545166,446
447,1,2.277648763926256,-2.012370907306374,4.3636855963531245,0.00852334976196289,447
448,1,2.2813594076160464,-2.013795098171796,4.354662165359395,0.008496678471565246,448
449,1,2.2851148563893604,-2.0151659410719676,4.3454908061677155,0.008473421335220338,449
450,1,2.288888438627497,-2.0165032261951357,4.3361892698147395,0.008461635410785675,450
451,1,2.292726772949367,-2.017772683648387,4.326719650457809,0.008475460410118103,451
452,1,2.296712852837561,-2.01891293633642,4.317015365668301,0.008489786386489869,452
453,1,2.3007005928019035,-2.020032950747571,4.3071854025297425,0.008489522337913512,453
454,1,2.304602375609817,-2.021197996484174,4.297297681169972,0.008483175039291382,454
455,1,2.308467688844784,-2.022371229996818,4.287314037824934,0.008462496399879456,455
456,1,2.3122484401379517,-2.0235885727023297,4.277273182436061,0.00842850774526596,456
457,1,2.315950032334677,-2.024846089948572,4.267171992890569,0.008391911685466767,457
458,1,2.319634496079802,-2.026097745918379,4.2569606933355235,0.008367103934288024,458
459,1,2.3233889159674943,-2.0272887865647373,4.246572644102472,0.008350968658924103,459
460,1,2.327196788257346,-2.028436965045109,4.236022516322184,0.00833598256111145,460
461,1,2.331013961133457,-2.0295753136488757,4.225345842711674,0.00830421656370163,461
462,1,2.334734226628579,-2.03078310772464,4.214632921598926,0.008254910111427307,462
463,1,2.3383519114278437,-2.0320644764787072,4.203890609426161,0.008201176226139069,463
464,1,2.341943932935854,-2.0333619310220414,4.193053708061576,0.008156332671642303,464
465,1,2.3455889840208237,-2.0346151603556772,4.1820525372040676,0.008118714988231659,465
466,1,2.34927708706711,-2.035830718270168,4.170893966848964,0.00808218538761139,466
467,1,2.3529714522959577,-2.0370360700053687,4.1596095498523304,0.008042032122612,467
468,1,2.356643401303263,-2.0382526853015936,4.148224768721233,0.008008135855197907,468
469,1,2.3603531822559174,-2.0394354542169886,4.13668440506258,0.007985891699790955,469
470,1,2.3641342762535786,-2.040559179447493,4.124955954154916,0.007976660132408142,470
471,1,2.367995433551675,-2.0416171472117677,4.113028895765167,0.00796706348657608,471
472,1,2.3718546781407346,-2.042670819867644,4.100978260649724,0.007954553663730622,472
473,1,2.3756963580631445,-2.043731982326216,4.0888187074155,0.007937145233154298,473
474,1,2.3795082261571325,-2.0448098979540017,4.076562205660491,0.007918647229671479,474
475,1,2.383313626095902,-2.0458870392835564,4.064186545119594,0.007907355725765229,475
476,1,2.3871636706759713,-2.0469248670242375,4.051641407155157,0.007902255058288574,476
477,1,2.391052170571391,-2.0479279701690776,4.038931471135578,0.00789621889591217,477
478,1,2.3949352204751886,-2.048929456714528,4.026099420889635,0.007881242036819457,478
479,1,2.3987634912098357,-2.049966653363579,4.013195052118244,0.007856181859970092,479
480,1,2.4025297568542796,-2.051045147388722,4.000227072590841,0.00783010333776474,480
481,1,2.4062897712435625,-2.0521228256435182,3.9871397205454286,0.007806082963943481,481
482,1,2.4100625857148215,-2.053185257268483,3.9739133145586507,0.0077791550755500795,482
483,1,2.413817386441738,-2.0542558133473126,3.9605796863976783,0.0077445125579833985,483
484,1,2.4175240194098637,-2.0553574501020737,3.9471711129216636,0.007705191969871521,484
485,1,2.4212010130459225,-2.0564761838323853,3.933669175232238,0.007671004235744476,485
486,1,2.424909774074526,-2.057565334727315,3.920008810260258,0.007648130357265473,486
487,1,2.428689629383802,-2.0585948730864607,3.9061466844017305,0.0076264899969100955,487
488,1,2.4324773651535576,-2.059612868462491,3.8921499561789052,0.007609961330890655,488
489,1,2.4362975617268363,-2.0606005462326493,3.877991521254125,0.007591041326522827,489
490,1,2.4401028213078337,-2.0615940595766333,3.8637232433932245,0.007566958069801331,490
491,1,2.4438754726826613,-2.0626069584683835,3.849365486490017,0.007537185251712799,491
492,1,2.4476119409566377,-2.063642052645838,3.8349233913551384,0.007510156333446503,492
493,1,2.4513659472006104,-2.0646584652704387,3.8203375220506866,0.007488388419151306,493
494,1,2.455153943076411,-2.0656438011813307,3.8055893195322903,0.007472943663597107,494
495,1,2.4589829653956254,-2.066592644977668,3.7906702390973743,0.007457395792007446,495
496,1,2.4628119405694986,-2.067536455335943,3.7756273055353136,0.0074366223812103276,496
497,1,2.466607909724598,-2.0685005108923584,3.760499433965108,0.0074099001288414,497
498,1,2.470365981843823,-2.069488596012334,3.745293650751376,0.007379957735538483,498
499,1,2.4741034749145605,-2.0704874174587835,3.7299909101646223,0.007353697419166565,499
500,1,2.477864958874604,-2.071462517759682,3.714539257939768,0.0073300936818122865,500
501,1,2.4816439511107413,-2.07241882393407,3.698946518507047,0.007306954860687256,501
502,1,2.485426273978588,-2.0733672182417435,3.68323003340776,0.007278649210929871,502
503,1,2.489175065406326,-2.074335991999783,3.6674351364021813,0.007249436974525451,503
504,1,2.4929179979221785,-2.0753039150185963,3.6515295461928607,0.007221832573413849,504
505,5,2.4966715875132253,-2.0762583160590897,3.6354938870253535,0.007195866107940674,505
506,,2.4966715875132253,-2.0762583160590897,3.6354938870253535,0.007165912687778473,506
507,,2.4966715875132253,-2.0762583160590897,3.6354938870253535,0.007130613923072815,507
508,,2.4966715875132253,-2.0762583160590897,3.6354938870253535,0.007094572782516479,508
509,,2.4966715875132253,-2.0762583160590897,3.6354938870253535,0.007059176564216614,509
510,5,2.515275730226351,-2.081076030091578,3.5537954245056977,0.007026708722114563,510
511,,2.515275730226351,-2.081076030091578,3.5537954245056977,0.0069952082633972165,511
512,,2.515275730226351,-2.081076030091578,3.5537954245056977,0.006966769099235535,512
513,,2.515275730226351,-2.081076030091578,3.5537954245056977,0.00693717896938324,513
514,,2.515275730226351,-2.081076030091578,3.5537954245056977,0.006902203261852265,514
515,5,2.533914723662491,-2.085733961192208,3.4692743065085394,0.006865214705467224,515
516,,2.533914723662491,-2.085733961192208,3.4692743065085394,0.006833443343639374,516
517,,2.533914723662491,-2.085733961192208,3.4692743065085394,0.006811401546001434,517
518,,2.533914723662491,-2.085733961192208,3.4692743065085394,0.006794121563434601,518
519,,2.533914723662491,-2.085733961192208,3.4692743065085394,0.0067781805992126465,519
520,5,2.5527797584239282,-2.0900856989913117,3.381816523182268,0.006764146685600281,520
521,,2.5527797584239282,-2.0900856989913117,3.381816523182268,0.006748901605606079,521
522,,2.5527797584239282,-2.0900856989913117,3.381816523182268,0.006729442775249481,522
523,,2.5527797584239282,-2.0900856989913117,3.381816523182268,0.006707963943481446,523
524,,2.5527797584239282,-2.0900856989913117,3.381816523182268,0.0066863131523132325,524
525,5,2.571874562299621,-2.0941287913581146,3.291568040900501,0.006666621267795563,525
526,,2.571874562299621,-2.0941287913581146,3.291568040900501,0.006648438572883606,526
527,,2.571874562299621,-2.0941287913581146,3.291568040900501,0.006629339456558228,527
528,,2.571874562299621,-2.0941287913581146,3.291568040900501,0.006612663567066193,528
529,,2.571874562299621,-2.0941287913581146,3.291568040900501,0.006598325073719024,529
530,5,2.5910050760789276,-2.0980126675442294,3.1989774586173523,0.006583529412746429,530
531,,2.5910050760789276,-2.0980126675442294,3.1989774586173523,0.006565561592578888,531
532,,2.5910050760789276,-2.0980126675442294,3.1989774586173523,0.006544622182846069,532
533,,2.5910050760789276,-2.0980126675442294,3.1989774586173523,0.006527904570102692,533
534,,2.5910050760789276,-2.0980126675442294,3.1989774586173523,0.006514464318752289,534
535,5,2.610173267709815,-2.101736226168582,3.104265018939299,0.006498798131942749,535
536,,2.610173267709815,-2.101736226168582,3.104265018939299,0.006478675603866577,536
537,,2.610173267709815,-2.101736226168582,3.104265018939299,0.006456924974918366,537
538,,2.610173267709815,-2.101736226168582,3.104265018939299,0.006433411836624146,538
539,,2.610173267709815,-2.101736226168582,3.104265018939299,0.0064043855667114255,539
540,5,2.629159280637668,-2.1054684809867106,3.0079886389261405,0.006370980143547058,540
541,,2.629159280637668,-2.1054684809867106,3.0079886389261405,0.006338478922843933,541
542,,2.629159280637668,-2.1054684809867106,3.0079886389261405,0.006311538815498352,542
543,,2.629159280637668,-2.1054684809867106,3.0079886389261405,0.006285510361194611,543
544,,2.629159280637668,-2.1054684809867106,3.0079886389261405,0.006259368360042572,544
545,5,2.647889998476845,-2.109265719339151,2.9105295585875437,0.006234712302684784,545
546,,2.647889998476845,-2.109265719339151,2.9105295585875437,0.006213014721870422,546
547,,2.647889998476845,-2.109265719339151,2.9105295585875437,0.006191544234752655,547
548,,2.647889998476845,-2.109265719339151,2.9105295585875437,0.006168980300426483,548
549,,2.647889998476845,-2.109265719339151,2.9105295585875437,0.0061442464590072635,549
550,5,2.666839391547781,-2.1127647042792677,2.8115019895403877,0.006119586825370789,550
551,,2.666839391547781,-2.1127647042792677,2.8115019895403877,0.006096078455448151,551
552,,2.666839391547781,-2.1127647042792677,2.8115019895403877,0.006074288487434387,552
553,,2.666839391547781,-2.1127647042792677,2.8115019895403877,0.006056078672409058,553
554,,2.666839391547781,-2.1127647042792677,2.8115019895403877,0.006039833426475525,554
555,5,2.6858704314397572,-2.116070865101879,2.7113998417061276,0.006023033559322357,555
556,,2.6858704314397572,-2.116070865101879,2.7113998417061276,0.006004911363124848,556
557,,2.6858704314397572,-2.116070865101879,2.7113998417061276,0.005984320342540741,557
558,,2.6858704314397572,-2.116070865101879,2.7113998417061276,0.005963990390300751,558
559,,2.6858704314397572,-2.116070865101879,2.7113998417061276,0.005948474109172821,559
560,5,2.7050036018929537,-2.119168833502425,2.6105082085912588,0.005935337543487549,560
561,,2.7050036018929537,-2.119168833502425,2.6105082085912588,0.005923887491226196,561
562,,2.7050036018929537,-2.119168833502425,2.6105082085912588,0.005914088785648346,562
563,,2.7050036018929537,-2.119168833502425,2.6105082085912588,0.005905186831951141,563
564,,2.7050036018929537,-2.119168833502425,2.6105082085912588,0.0058944782614707945,564
565,5,2.7244303740760762,-2.121912403492572,2.508879652231507,0.005889201462268829,565
566,,2.7244303740760762,-2.121912403492572,2.508879652231507,0.005882965624332428,566
567,,2.7244303740760762,-2.121912403492572,2.508879652231507,0.005872403383255005,567
568,,2.7244303740760762,-2.121912403492572,2.508879652231507,0.005858969688415527,568
569,,2.7244303740760762,-2.121912403492572,2.508879652231507,0.005843151211738586,569
570,5,2.7438850783720192,-2.124505334078639,2.407227575812355,0.005827079713344574,570
571,,2.7438850783720192,-2.124505334078639,2.407227575812355,0.00580929696559906,571
572,,2.7438850783720192,-2.124505334078639,2.407227575812355,0.005791448950767517,572
573,,2.7438850783720192,-2.124505334078639,2.407227575812355,0.005776451826095581,573
574,,2.7438850783720192,-2.124505334078639,2.407227575812355,0.00576499342918396,574
575,5,2.763133282743235,-2.127118233589818,2.3062436604991787,0.00575404167175293,575
576,,2.763133282743235,-2.127118233589818,2.3062436604991787,0.0057436487078666686,576
577,,2.763133282743235,-2.127118233589818,2.3062436604991787,0.00573413759469986,577
578,,2.763133282743235,-2.127118233589818,2.3062436604991787,0.005725477933883667,578
579,,2.763133282743235,-2.127118233589818,2.3062436604991787,0.005717706382274628,579
580,5,2.782623660206838,-2.1293994812381074,2.205663462000327,0.005709096193313599,580
581,,2.782623660206838,-2.1293994812381074,2.205663462000327,0.005698643326759338,581
582,,2.782623660206838,-2.1293994812381074,2.205663462000327,0.005685673356056214,582
583,,2.782623660206838,-2.1293994812381074,2.205663462000327,0.005669417381286621,583
584,,2.782623660206838,-2.1293994812381074,2.205663462000327,0.005649044215679169,584
585,5,2.80194450570707,-2.131664570957352,2.10637572277673,0.005625652968883514,585
586,,2.80194450570707,-2.131664570957352,2.10637572277673,0.005601882636547088,586
587,,2.80194450570707,-2.131664570957352,2.10637572277673,0.005581430196762085,587
588,,2.80194450570707,-2.131664570957352,2.10637572277673,0.005563454926013947,588
589,,2.80194450570707,-2.131664570957352,2.10637572277673,0.005547037124633789,589
590,5,2.820994316444749,-2.1339910563407813,2.0088056971808634,0.005531894862651825,590
591,,2.820994316444749,-2.1339910563407813,2.0088056971808634,0.00551849365234375,591
592,,2.820994316444749,-2.1339910563407813,2.0088056971808634,0.005505939722061157,592
593,,2.820994316444749,-2.1339910563407813,2.0088056971808634,0.00549488753080368,593
594,,2.820994316444749,-2.1339910563407813,2.0088056971808634,0.005481863915920257,594
595,5,2.8403358565913863,-2.1359534473852824,1.9124759250827474,0.005468941628932953,595
596,,2.8403358565913863,-2.1359534473852824,1.9124759250827474,0.005453412830829621,596
597,,2.8403358565913863,-2.1359534473852824,1.9124759250827474,0.0054355600476264955,597
598,,2.8403358565913863,-2.1359534473852824,1.9124759250827474,0.005415522456169128,598
599,,2.8403358565913863,-2.1359534473852824,1.9124759250827474,0.005392000675201416,599
600,5,2.859470878854784,-2.1379305652498335,1.8183102020805824,0.00536834180355072,600
601,,2.859470878854784,-2.1379305652498335,1.8183102020805824,0.005347453355789185,601
602,,2.859470878854784,-2.1379305652498335,1.8183102020805824,0.005327601730823517,602
603,,2.859470878854784,-2.1379305652498335,1.8183102020805824,0.005309116542339325,603
604,,2.859470878854784,-2.1379305652498335,1.8183102020805824,0.00529256522655487,604
605,5,2.878517572612259,-2.139833750223522,1.7263798201597322,0.005276418030261993,605
606,,2.878517572612259,-2.139833750223522,1.7263798201597322,0.005260076522827149,606
607,,2.878517572612259,-2.139833750223522,1.7263798201597322,0.005243027210235595,607
608,,2.878517572612259,-2.139833750223522,1.7263798201597322,0.005224177539348602,608
609,,2.878517572612259,-2.139833750223522,1.7263798201597322,0.005202312916517258,609
610,5,2.8976306339185407,-2.1415476221450382,1.6367012947998272,0.00517704501748085,610
611,,2.8976306339185407,-2.1415476221450382,1.6367012947998272,0.005147090852260589,611
612,,2.8976306339185407,-2.1415476221450382,1.6367012947998272,0.005114022791385651,612
613,,2.8976306339185407,-2.1415476221450382,1.6367012947998272,0.005078498125076294,613
614,,2.8976306339185407,-2.1415476221450382,1.6367012947998272,0.005042546093463897,614
615,5,2.916132748660328,-2.1435817499321397,1.5502619796713666,0.00500711053609848,615
616,,2.916132748660328,-2.1435817499321397,1.5502619796713666,0.004973520934581757,616
617,,2.916132748660328,-2.1435817499321397,1.5502619796713666,0.0049461226165294645,617
618,,2.916132748660328,-2.1435817499321397,1.5502619796713666,0.00492697224020958,618
619,,2.916132748660328,-2.1435817499321397,1.5502619796713666,0.004910258650779724,619
620,5,2.93484381673049,-2.1453208489431934,1.4662222212248115,0.004892951101064682,620
621,,2.93484381673049,-2.1453208489431934,1.4662222212248115,0.00487467348575592,621
622,,2.93484381673049,-2.1453208489431934,1.4662222212248115,0.004855012595653534,622
623,,2.93484381673049,-2.1453208489431934,1.4662222212248115,0.004836077988147736,623
624,,2.93484381673049,-2.1453208489431934,1.4662222212248115,0.004816489964723587,624
625,5,2.953877341328801,-2.1466821047362568,1.3846156896472024,0.004795654565095901,625
626,,2.953877341328801,-2.1466821047362568,1.3846156896472024,0.0047730617225170135,626
627,,2.953877341328801,-2.1466821047362568,1.3846156896472024,0.004751845896244049,627
628,,2.953877341328801,-2.1466821047362568,1.3846156896472024,0.004728724956512451,628
629,,2.953877341328801,-2.1466821047362568,1.3846156896472024,0.004705578237771988,629
630,5,2.972738630398197,-2.148036974041949,1.3061079412899415,0.004684720933437347,630
631,,2.972738630398197,-2.148036974041949,1.3061079412899415,0.004666898548603058,631
632,,2.972738630398197,-2.148036974041949,1.3061079412899415,0.004651648849248886,632
633,,2.972738630398197,-2.148036974041949,1.3061079412899415,0.004637606143951416,633
634,,2.972738630398197,-2.148036974041949,1.3061079412899415,0.004623168110847473,634
635,5,2.991844215499718,-2.1490756600793173,1.2303405113317663,0.004608382880687714,635
636,,2.991844215499718,-2.1490756600793173,1.2303405113317663,0.004594451338052749,636
637,,2.991844215499718,-2.1490756600793173,1.2303405113317663,0.004579700827598572,637
638,,2.991844215499718,-2.1490756600793173,1.2303405113317663,0.00456358939409256,638
639,,2.991844215499718,-2.1490756600793173,1.2303405113317663,0.00454524889588356,639
640,5,3.0109773965491313,-2.149961199519685,1.1576104367697495,0.004527254849672317,640
641,,3.0109773965491313,-2.149961199519685,1.1576104367697495,0.004510121792554856,641
642,,3.0109773965491313,-2.149961199519685,1.1576104367697495,0.004493180960416794,642
643,,3.0109773965491313,-2.149961199519685,1.1576104367697495,0.004475576430559158,643
644,,3.0109773965491313,-2.149961199519685,1.1576104367697495,0.004458299428224563,644
645,5,3.030009560167555,-2.1507899755541464,1.088072955633081,0.004447477161884308,645
646,,3.030009560167555,-2.1507899755541464,1.088072955633081,0.004439128786325455,646
647,,3.030009560167555,-2.1507899755541464,1.088072955633081,0.004432270973920822,647
648,,3.030009560167555,-2.1507899755541464,1.088072955633081,0.004428054541349411,648
649,,3.030009560167555,-2.1507899755541464,1.088072955633081,0.0044235621392726895,649
650,5,3.0495257868611025,-2.151132637235059,1.0212154576068164,0.004418054670095444,650
651,,3.0495257868611025,-2.151132637235059,1.0212154576068164,0.004411533921957016,651
652,,3.0495257868611025,-2.151132637235059,1.0212154576068164,0.004404393136501312,652
653,,3.0495257868611025,-2.151132637235059,1.0212154576068164,0.004396297037601471,653
654,,3.0495257868611025,-2.151132637235059,1.0212154576068164,0.0043858692049980165,654
655,5,3.0689938035032904,-2.1513953161532657,0.9575237074629996,0.004373518079519272,655
656,,3.0689938035032904,-2.1513953161532657,0.9575237074629996,0.004361037313938141,656
657,,3.0689938035032904,-2.1513953161532657,0.9575237074629996,0.004349270462989807,657
658,,3.0689938035032904,-2.1513953161532657,0.9575237074629996,0.004338645339012146,658
659,,3.0689938035032904,-2.1513953161532657,0.9575237074629996,0.004330221116542816,659
660,5,3.0882621710148053,-2.1516893937550465,0.8970819738963252,0.00432487890124321,660
661,,3.0882621710148053,-2.1516893937550465,0.8970819738963252,0.004320203959941864,661
662,,3.0882621710148053,-2.1516893937550465,0.8970819738963252,0.004314364641904831,662
663,,3.0882621710148053,-2.1516893937550465,0.8970819738963252,0.00430599719285965,663
664,,3.0882621710148053,-2.1516893937550465,0.8970819738963252,0.004296368807554245,664
665,5,3.1077141013210996,-2.1517320425969393,0.8395406683608369,0.004285462647676468,665
666,,3.1077141013210996,-2.1517320425969393,0.8395406683608369,0.004273781478404999,666
667,,3.1077141013210996,-2.1517320425969393,0.8395406683608369,0.0042620405554771425,667
668,,3.1077141013210996,-2.1517320425969393,0.8395406683608369,0.004249563068151474,668
669,,3.1077141013210996,-2.1517320425969393,0.8395406683608369,0.004237985610961914,669
670,5,3.1268979835783917,-2.151858160899166,0.7851823281424424,0.004226672202348709,670
671,,3.1268979835783917,-2.151858160899166,0.7851823281424424,0.0042156270146369934,671
672,,3.1268979835783917,-2.151858160899166,0.7851823281424424,0.004204853624105454,672
673,,3.1268979835783917,-2.151858160899166,0.7851823281424424,0.0041955503821372985,673
674,,3.1268979835783917,-2.151858160899166,0.7851823281424424,0.004187106192111969,674
675,5,3.1461242916237078,-2.151838767381092,0.7337028890858894,0.004179079979658127,675
676,,3.1461242916237078,-2.151838767381092,0.7337028890858894,0.004172540009021759,676
677,,3.1461242916237078,-2.151838767381092,0.7337028890858894,0.004165241420269012,677
678,,3.1461242916237078,-2.151838767381092,0.7337028890858894,0.004157053232192993,678
679,,3.1461242916237078,-2.151838767381092,0.7337028890858894,0.00414777085185051,679
680,5,3.16543371050578,-2.1516445033808203,0.6850048740238255,0.004137069284915924,680
681,,3.16543371050578,-2.1516445033808203,0.6850048740238255,0.004124791026115417,681
682,,3.16543371050578,-2.1516445033808203,0.6850048740238255,0.004111427664756775,682
683,,3.16543371050578,-2.1516445033808203,0.6850048740238255,0.00409709632396698,683
684,,3.16543371050578,-2.1516445033808203,0.6850048740238255,0.004083001911640167,684
685,5,3.184456336624838,-2.1515487521845884,0.6392255962813058,0.004069871455430985,685
686,,3.184456336624838,-2.1515487521845884,0.6392255962813058,0.004057471305131912,686
687,,3.184456336624838,-2.1515487521845884,0.6392255962813058,0.004045504033565521,687
688,,3.184456336624838,-2.1515487521845884,0.6392255962813058,0.004033345580101013,688
689,,3.184456336624838,-2.1515487521845884,0.6392255962813058,0.004020227491855622,689
690,5,3.2034609692921365,-2.1513484443369273,0.5960965174570965,0.004008176177740097,690
691,,3.2034609692921365,-2.1513484443369273,0.5960965174570965,0.0039952537417411805,691
692,,3.2034609692921365,-2.1513484443369273,0.5960965174570965,0.003981520682573319,692
693,,3.2034609692921365,-2.1513484443369273,0.5960965174570965,0.0039677655696868895,693
694,,3.2034609692921365,-2.1513484443369273,0.5960965174570965,0.003954874128103256,694
695,5,3.2223895875078474,-2.1510728115034623,0.555547599107391,0.003941367417573929,695
696,,3.2223895875078474,-2.1510728115034623,0.555547599107391,0.003926742821931839,696
697,,3.2223895875078474,-2.1510728115034623,0.555547599107391,0.003911044299602508,697
698,,3.2223895875078474,-2.1510728115034623,0.555547599107391,0.003895409405231476,698
699,,3.2223895875078474,-2.1510728115034623,0.555547599107391,0.003880361318588257,699
700,5,3.2411524327733994,-2.1507649800350017,0.5175123404284907,0.003865402340888977,700
701,,3.2411524327733994,-2.1507649800350017,0.5175123404284907,0.003850095123052597,701
702,,3.2411524327733994,-2.1507649800350017,0.5175123404284907,0.003834809064865112,702
703,,3.2411524327733994,-2.1507649800350017,0.5175123404284907,0.0038217435777187347,703
704,,3.2411524327733994,-2.1507649800350017,0.5175123404284907,0.003810986429452896,704
705,5,3.2598902635766516,-2.1503188136967215,0.4818092699556322,0.00380016952753067,705
706,,3.2598902635766516,-2.1503188136967215,0.4818092699556322,0.003788754642009735,706
707,,3.2598902635766516,-2.1503188136967215,0.4818092699556322,0.003777071535587311,707
708,,3.2598902635766516,-2.1503188136967215,0.4818092699556322,0.0037645387649536135,708
709,,3.2598902635766516,-2.1503188136967215,0.4818092699556322,0.00375106155872345,709
710,5,3.278650232395135,-2.149700905568297,0.44831239856227256,0.0037375298142433167,710
711,,3.278650232395135,-2.149700905568297,0.44831239856227256,0.003725288659334183,711
712,,3.278650232395135,-2.149700905568297,0.44831239856227256,0.003713030219078064,712
713,,3.278650232395135,-2.149700905568297,0.44831239856227256,0.0037016154825687407,713
714,,3.278650232395135,-2.149700905568297,0.44831239856227256,0.0036893752217292785,714
715,5,3.297312683817719,-2.1489987757972724,0.41696523549356357,0.003677011728286743,715
716,,3.297312683817719,-2.1489987757972724,0.41696523549356357,0.003665929138660431,716
717,,3.297312683817719,-2.1489987757972724,0.41696523549356357,0.003655153810977936,717
718,,3.297312683817719,-2.1489987757972724,0.41696523549356357,0.0036435423791408537,718
719,,3.297312683817719,-2.1489987757972724,0.41696523549356357,0.0036312103271484374,719
720,5,3.3159417994286207,-2.1481766270004496,0.3876391747510146,0.0036183390021324157,720
721,,3.3159417994286207,-2.1481766270004496,0.3876391747510146,0.003605559319257736,721
722,,3.3159417994286207,-2.1481766270004496,0.3876391747510146,0.0035938787460327148,722
723,,3.3159417994286207,-2.1481766270004496,0.3876391747510146,0.003582994192838669,723
724,,3.3159417994286207,-2.1481766270004496,0.3876391747510146,0.003571478426456451,724
725,5,3.334488640860992,-2.1472802880076807,0.3602504953607193,0.003558667451143265,725
726,,3.334488640860992,-2.1472802880076807,0.3602504953607193,0.0035447891056537627,726
727,,3.334488640860992,-2.1472802880076807,0.3602504953607193,0.003530537784099579,727
728,,3.334488640860992,-2.1472802880076807,0.3602504953607193,0.0035166609287261962,728
729,,3.334488640860992,-2.1472802880076807,0.3602504953607193,0.003503435254096985,729
730,5,3.352874686376883,-2.1463657797312887,0.3347150916195303,0.0034912975132465364,730
731,,3.352874686376883,-2.1463657797312887,0.3347150916195303,0.0034784843027591706,731
732,,3.352874686376883,-2.1463657797312887,0.3347150916195303,0.003464626967906952,732
733,,3.352874686376883,-2.1463657797312887,0.3347150916195303,0.0034494775533676146,733
734,,3.352874686376883,-2.1463657797312887,0.3347150916195303,0.00343401700258255,734
735,5,3.3711741266263484,-2.1453796961252105,0.3109003855075314,0.0034184186160564423,735
736,,3.3711741266263484,-2.1453796961252105,0.3109003855075314,0.0034026817977428434,736
737,,3.3711741266263484,-2.1453796961252105,0.3109003855075314,0.003386676162481308,737
738,,3.3711741266263484,-2.1453796961252105,0.3109003855075314,0.003371303975582123,738
739,,3.3711741266263484,-2.1453796961252105,0.3109003855075314,0.0033560647070407868,739
740,5,3.3893008448718542,-2.1443831821448485,0.2887281831536237,0.003341059237718582,740
741,,3.3893008448718542,-2.1443831821448485,0.2887281831536237,0.003327139467000961,741
742,,3.3893008448718542,-2.1443831821448485,0.2887281831536237,0.0033156962692737577,742
743,,3.3893008448718542,-2.1443831821448485,0.2887281831536237,0.0033052539825439453,743
744,,3.3893008448718542,-2.1443831821448485,0.2887281831536237,0.0032959991693496705,744
745,5,3.4075618663568568,-2.1431574002995095,0.2680161862026682,0.0032863721251487734,745
746,,3.4075618663568568,-2.1431574002995095,0.2680161862026682,0.003275718688964844,746
747,,3.4075618663568568,-2.1431574002995095,0.2680161862026682,0.003265952318906784,747
748,,3.4075618663568568,-2.1431574002995095,0.2680161862026682,0.003256024122238159,748
749,,3.4075618663568568,-2.1431574002995095,0.2680161862026682,0.0032456643879413606,749
750,5,3.4258659185652243,-2.1417678162899754,0.24870412709420542,0.0032349905371665956,750
751,,3.4258659185652243,-2.1417678162899754,0.24870412709420542,0.003224203288555145,751
752,,3.4258659185652243,-2.1417678162899754,0.24870412709420542,0.003214036673307419,752
753,,3.4258659185652243,-2.1417678162899754,0.24870412709420542,0.0032049454748630524,753
754,,3.4258659185652243,-2.1417678162899754,0.24870412709420542,0.0031973151862621308,754
755,5,3.4441214103991475,-2.1402796045483936,0.23072874718284098,0.0031889159977436066,755
756,,3.4441214103991475,-2.1402796045483936,0.23072874718284098,0.0031801474094390867,756
757,,3.4441214103991475,-2.1402796045483936,0.23072874718284098,0.0031716296076774596,757
758,,3.4441214103991475,-2.1402796045483936,0.23072874718284098,0.0031643080711364745,758
759,,3.4441214103991475,-2.1402796045483936,0.23072874718284098,0.003156476616859436,759
760,5,3.462394666936584,-2.138645847661466,0.2139915903888232,0.0031483235955238344,760
761,,3.462394666936584,-2.138645847661466,0.2139915903888232,0.0031411144137382507,761
762,,3.462394666936584,-2.138645847661466,0.2139915903888232,0.0031339743733406066,762
763,,3.462394666936584,-2.138645847661466,0.2139915903888232,0.0031264367699623107,763
764,,3.462394666936584,-2.138645847661466,0.2139915903888232,0.0031197068095207216,764
765,5,3.4806440146962867,-2.136896148154945,0.19842327517929537,0.0031124596297740937,765
766,,3.4806440146962867,-2.136896148154945,0.19842327517929537,0.003105361312627792,766
767,,3.4806440146962867,-2.136896148154945,0.19842327517929537,0.0030982834100723266,767
768,,3.4806440146962867,-2.136896148154945,0.19842327517929537,0.003091944009065628,768
769,,3.4806440146962867,-2.136896148154945,0.19842327517929537,0.0030851280689239502,769
770,5,3.498845735236708,-2.1350472176315143,0.18395268369874884,0.003077796995639801,770
771,,3.498845735236708,-2.1350472176315143,0.18395268369874884,0.0030699345469474794,771
772,,3.498845735236708,-2.1350472176315143,0.18395268369874884,0.003062599450349808,772
773,,3.498845735236708,-2.1350472176315143,0.18395268369874884,0.0030555520951747895,773
774,,3.498845735236708,-2.1350472176315143,0.18395268369874884,0.0030493780970573424,774
775,5,3.5169572068660626,-2.1331288577151954,0.17051468505125023,0.0030432654917240142,775
776,,3.5169572068660626,-2.1331288577151954,0.17051468505125023,0.0030370402336120607,776
777,,3.5169572068660626,-2.1331288577151954,0.17051468505125023,0.0030309951305389406,777
778,,3.5169572068660626,-2.1331288577151954,0.17051468505125023,0.0030254772305488586,778
779,,3.5169572068660626,-2.1331288577151954,0.17051468505125023,0.0030202904343605043,779
780,5,3.5350739416422723,-2.13107395722778,0.15802431180523868,0.003014868199825287,780
781,,3.5350739416422723,-2.13107395722778,0.15802431180523868,0.003008798658847809,781
782,,3.5350739416422723,-2.13107395722778,0.15802431180523868,0.003001963198184967,782
783,,3.5350739416422723,-2.13107395722778,0.15802431180523868,0.0029946838319301603,783
784,,3.5350739416422723,-2.13107395722778,0.15802431180523868,0.0029870694875717163,784
785,5,3.5530534777418383,-2.1289844243938365,0.1464395376820926,0.0029787243902683258,785
786,,3.5530534777418383,-2.1289844243938365,0.1464395376820926,0.002970254123210907,786
787,,3.5530534777418383,-2.1289844243938365,0.1464395376820926,0.0029614466428756715,787
788,,3.5530534777418383,-2.1289844243938365,0.1464395376820926,0.0029528209567070006,788
789,,3.5530534777418383,-2.1289844243938365,0.1464395376820926,0.002944970577955246,789
790,5,3.5707902467587926,-2.1269473234627085,0.13570944250600814,0.0029373297095298765,790
791,,3.5707902467587926,-2.1269473234627085,0.13570944250600814,0.002930337190628052,791
792,,3.5707902467587926,-2.1269473234627085,0.13570944250600814,0.0029241473972797393,792
793,,3.5707902467587926,-2.1269473234627085,0.13570944250600814,0.0029181528091430666,793
794,,3.5707902467587926,-2.1269473234627085,0.13570944250600814,0.002912098914384842,794
795,5,3.588502738145985,-2.124813437281051,0.12574399568909334,0.0029064911603927613,795
796,,3.588502738145985,-2.124813437281051,0.12574399568909334,0.002900475263595581,796
797,,3.588502738145985,-2.124813437281051,0.12574399568909334,0.0028945761919021607,797
798,,3.588502738145985,-2.124813437281051,0.12574399568909334,0.0028884075582027435,798
799,,3.588502738145985,-2.124813437281051,0.12574399568909334,0.0028828370571136477,799
800,5,3.6061209716122775,-2.122632580460609,0.11649970985597413,0.0028777407109737397,800
801,,3.6061209716122775,-2.122632580460609,0.11649970985597413,0.002872154116630554,801
802,,3.6061209716122775,-2.122632580460609,0.11649970985597413,0.0028667692840099335,802
803,,3.6061209716122775,-2.122632580460609,0.11649970985597413,0.0028617583215236665,803
804,,3.6061209716122775,-2.122632580460609,0.11649970985597413,0.002856857180595398,804
805,5,3.6236407286872847,-2.1204086990564748,0.10792664892303439,0.0028523023426532744,805
806,,3.6236407286872847,-2.1204086990564748,0.10792664892303439,0.0028479397296905518,806
807,,3.6236407286872847,-2.1204086990564748,0.10792664892303439,0.002844151109457016,807
808,,3.6236407286872847,-2.1204086990564748,0.10792664892303439,0.0028405770659446715,808
809,,3.6236407286872847,-2.1204086990564748,0.10792664892303439,0.0028368091583251954,809
810,5,3.6410953166335123,-2.1181199950907446,0.09997411551248714,0.0028323933482170107,810
811,,3.6410953166335123,-2.1181199950907446,0.09997411551248714,0.0028277918696403503,811
812,,3.6410953166335123,-2.1181199950907446,0.09997411551248714,0.0028230983018875124,812
813,,3.6410953166335123,-2.1181199950907446,0.09997411551248714,0.0028187128901481628,813
814,,3.6410953166335123,-2.1181199950907446,0.09997411551248714,0.002813943475484848,814
815,5,3.658373769675557,-2.1158436156378158,0.09260928011847014,0.0028091993927955626,815
816,,3.658373769675557,-2.1158436156378158,0.09260928011847014,0.0028043077886104584,816
817,,3.658373769675557,-2.1158436156378158,0.09260928011847014,0.0027990178763866425,817
818,,3.658373769675557,-2.1158436156378158,0.09260928011847014,0.0027930290997028352,818
819,,3.658373769675557,-2.1158436156378158,0.09260928011847014,0.0027875159680843353,819
820,5,3.6754662564605063,-2.1135867466133758,0.0857901608475462,0.0027822919189929964,820
821,,3.6754662564605063,-2.1135867466133758,0.0857901608475462,0.0027771356701850893,821
822,,3.6754662564605063,-2.1135867466133758,0.0857901608475462,0.002771887332201004,822
823,,3.6754662564605063,-2.1135867466133758,0.0857901608475462,0.0027670545876026156,823
824,,3.6754662564605063,-2.1135867466133758,0.0857901608475462,0.0027620574831962587,824
825,5,3.6924297633307175,-2.111311168006451,0.07947196680253121,0.0027573303878307342,825
826,,3.6924297633307175,-2.111311168006451,0.07947196680253121,0.002752772569656372,826
827,,3.6924297633307175,-2.111311168006451,0.07947196680253121,0.0027475929260253906,827
828,,3.6924297633307175,-2.111311168006451,0.07947196680253121,0.002742419242858887,828
829,,3.6924297633307175,-2.111311168006451,0.07947196680253121,0.0027376775443553924,829
830,5,3.7092654607053146,-2.109016966075764,0.07361835778621018,0.0027325111627578736,830
831,,3.7092654607053146,-2.109016966075764,0.07361835778621018,0.002727571874856949,831
832,,3.7092654607053146,-2.109016966075764,0.07361835778621018,0.0027230018377304077,832
833,,3.7092654607053146,-2.109016966075764,0.07361835778621018,0.002718714475631714,833
834,,3.7092654607053146,-2.109016966075764,0.07361835778621018,0.00271394744515419,834
835,5,3.725967699817832,-2.106708839079606,0.06819602012283399,0.002708585113286972,835
836,,3.725967699817832,-2.106708839079606,0.06819602012283399,0.0027027133107185362,836
837,,3.725967699817832,-2.106708839079606,0.06819602012283399,0.002697205990552902,837
838,,3.725967699817832,-2.106708839079606,0.06819602012283399,0.0026924651861190796,838
839,,3.725967699817832,-2.106708839079606,0.06819602012283399,0.0026880279183387756,839
840,5,3.7425001381007865,-2.104411965687009,0.0631759352982586,0.00268402561545372,840
841,,3.7425001381007865,-2.104411965687009,0.0631759352982586,0.002679968625307083,841
842,,3.7425001381007865,-2.104411965687009,0.0631759352982586,0.0026761998236179353,842
843,,3.7425001381007865,-2.104411965687009,0.0631759352982586,0.0026731891930103302,843
844,,3.7425001381007865,-2.104411965687009,0.0631759352982586,0.002670926749706268,844
845,5,3.759002760776957,-2.1020336792498164,0.0585196471644176,0.0026685628294944763,845
846,,3.759002760776957,-2.1020336792498164,0.0585196471644176,0.0026658308506011964,846
847,,3.759002760776957,-2.1020336792498164,0.0585196471644176,0.002662188410758972,847
848,,3.759002760776957,-2.1020336792498164,0.0585196471644176,0.002657918035984039,848
849,,3.759002760776957,-2.1020336792498164,0.0585196471644176,0.0026536671817302703,849
850,5,3.7753610745740174,-2.099651731611428,0.05420801159143096,0.0026494188606739043,850
851,,3.7753610745740174,-2.099651731611428,0.05420801159143096,0.0026454225182533262,851
852,,3.7753610745740174,-2.099651731611428,0.05420801159143096,0.002641017436981201,852
853,,3.7753610745740174,-2.099651731611428,0.05420801159143096,0.0026365576684474947,853
854,,3.7753610745740174,-2.099651731611428,0.05420801159143096,0.0026319834589958193,854
855,5,3.7915208165914396,-2.097302708532947,0.05021854401151238,0.0026273621618747712,855
856,,3.7915208165914396,-2.097302708532947,0.05021854401151238,0.002621864229440689,856
857,,3.7915208165914396,-2.097302708532947,0.05021854401151238,0.002616342604160309,857
858,,3.7915208165914396,-2.097302708532947,0.05021854401151238,0.0026100870966911317,858
859,,3.7915208165914396,-2.097302708532947,0.05021854401151238,0.0026039136946201325,859
860,5,3.8074568813645224,-2.0950033277928277,0.04652832084139957,0.002597389817237854,860
861,,3.8074568813645224,-2.0950033277928277,0.04652832084139957,0.0025905412435531616,861
862,,3.8074568813645224,-2.0950033277928277,0.04652832084139957,0.0025835874676704406,862
863,,3.8074568813645224,-2.0950033277928277,0.04652832084139957,0.0025761575996875764,863
864,,3.8074568813645224,-2.0950033277928277,0.04652832084139957,0.0025691409409046174,864
865,5,3.823164492104984,-2.092756657481997,0.04311491664984768,0.0025622869282960893,865
866,,3.823164492104984,-2.092756657481997,0.04311491664984768,0.0025554541498422623,866
867,,3.823164492104984,-2.092756657481997,0.04311491664984768,0.002548742368817329,867
868,,3.823164492104984,-2.092756657481997,0.04311491664984768,0.0025422631204128267,868
869,,3.823164492104984,-2.092756657481997,0.04311491664984768,0.002536029368638992,869
870,5,3.838750013500562,-2.090493579393271,0.0399527103382189,0.0025303301960229872,870
871,,3.838750013500562,-2.090493579393271,0.0399527103382189,0.00252461239695549,871
872,,3.838750013500562,-2.090493579393271,0.0399527103382189,0.002518448531627655,872
873,,3.838750013500562,-2.090493579393271,0.0399527103382189,0.0025115140527486803,873
874,,3.838750013500562,-2.090493579393271,0.0399527103382189,0.00250468410551548,874
875,5,3.8542150759196963,-2.0882140536492027,0.03702318653025882,0.0024980360269546507,875
876,,3.8542150759196963,-2.0882140536492027,0.03702318653025882,0.002491675168275833,876
877,,3.8542150759196963,-2.0882140536492027,0.03702318653025882,0.0024853627383708953,877
878,,3.8542150759196963,-2.0882140536492027,0.03702318653025882,0.002478828430175781,878
879,,3.8542150759196963,-2.0882140536492027,0.03702318653025882,0.0024725522100925447,879
880,5,3.869526843799632,-2.085940160717237,0.03431048617473076,0.0024666228890419008,880
881,,3.869526843799632,-2.085940160717237,0.03431048617473076,0.0024613507091999056,881
882,,3.869526843799632,-2.085940160717237,0.03431048617473076,0.002456843703985214,882
883,,3.869526843799632,-2.085940160717237,0.03431048617473076,0.0024515143036842346,883
884,,3.869526843799632,-2.085940160717237,0.03431048617473076,0.002445997446775436,884
885,5,3.884772197303425,-2.0836253372418145,0.0317956792942331,0.0024404142796993255,885
886,,3.884772197303425,-2.0836253372418145,0.0317956792942331,0.002434903010725975,886
887,,3.884772197303425,-2.0836253372418145,0.0317956792942331,0.002429641634225845,887
888,,3.884772197303425,-2.0836253372418145,0.0317956792942331,0.002424110248684883,888
889,,3.884772197303425,-2.0836253372418145,0.0317956792942331,0.0024180726706981657,889
890,5,3.899866760794425,-2.0813358534207875,0.02946749299974538,0.0024118561297655104,890
891,,3.899866760794425,-2.0813358534207875,0.02946749299974538,0.0024060152471065523,891
892,,3.899866760794425,-2.0813358534207875,0.02946749299974538,0.0024001701176166535,892
893,,3.899866760794425,-2.0813358534207875,0.02946749299974538,0.002394210398197174,893
894,,3.899866760794425,-2.0813358534207875,0.02946749299974538,0.0023878827691078187,894
895,5,3.9147986757642346,-2.079080002053942,0.02731233993426896,0.002381390258669853,895
896,,3.9147986757642346,-2.079080002053942,0.02731233993426896,0.002374918907880783,896
897,,3.9147986757642346,-2.079080002053942,0.02731233993426896,0.0023693713545799256,897
898,,3.9147986757642346,-2.079080002053942,0.02731233993426896,0.0023644892871379853,898
899,,3.9147986757642346,-2.079080002053942,0.02731233993426896,0.002359683960676193,899
900,5,3.929623058868389,-2.076822945412483,0.025315642435598917,0.002354825735092163,900
901,,3.929623058868389,-2.076822945412483,0.025315642435598917,0.0023500850796699525,901
902,,3.929623058868389,-2.076822945412483,0.025315642435598917,0.002345409244298935,902
903,,3.929623058868389,-2.076822945412483,0.025315642435598917,0.002340790554881096,903
904,,3.929623058868389,-2.076822945412483,0.025315642435598917,0.0023362812399864196,904
905,5,3.9443762898655774,-2.0745417710112064,0.023464714829310118,0.0023314876854419707,905
906,,3.9443762898655774,-2.0745417710112064,0.023464714829310118,0.0023267152905464173,906
907,,3.9443762898655774,-2.0745417710112064,0.023464714829310118,0.002321445494890213,907
908,,3.9443762898655774,-2.0745417710112064,0.023464714829310118,0.0023171675205230714,908
909,,3.9443762898655774,-2.0745417710112064,0.023464714829310118,0.002313496172428131,909
910,5,3.9590038017504847,-2.072272117265975,0.021750290833261854,0.002309360057115555,910
911,,3.9590038017504847,-2.072272117265975,0.021750290833261854,0.0023050807416439057,911
912,,3.9590038017504847,-2.072272117265975,0.021750290833261854,0.0023005104809999464,912
913,,3.9590038017504847,-2.072272117265975,0.021750290833261854,0.0022962509095668794,913
914,,3.9590038017504847,-2.072272117265975,0.021750290833261854,0.002291872799396515,914
915,5,3.973511737807313,-2.070005635961031,0.0201621788757409,0.0022876466810703277,915
916,,3.973511737807313,-2.070005635961031,0.0201621788757409,0.002283218875527382,916
917,,3.973511737807313,-2.070005635961031,0.0201621788757409,0.0022786065191030503,917
918,,3.973511737807313,-2.070005635961031,0.0201621788757409,0.0022744005173444748,918
919,,3.973511737807313,-2.070005635961031,0.0201621788757409,0.002269991561770439,919
920,5,3.9878782139272486,-2.0677362440958635,0.01869180872915166,0.0022656911611557006,920
921,,3.9878782139272486,-2.0677362440958635,0.01869180872915166,0.002261410281062126,921
922,,3.9878782139272486,-2.0677362440958635,0.01869180872915166,0.002257472276687622,922
923,,3.9878782139272486,-2.0677362440958635,0.01869180872915166,0.0022539980709552765,923
924,,3.9878782139272486,-2.0677362440958635,0.01869180872915166,0.00225052036345005,924
925,5,4.002136330735384,-2.0654368696466383,0.01732967493013904,0.002247009426355362,925
926,,4.002136330735384,-2.0654368696466383,0.01732967493013904,0.002243636921048164,926
927,,4.002136330735384,-2.0654368696466383,0.01732967493013904,0.002240310460329056,927
928,,4.002136330735384,-2.0654368696466383,0.01732967493013904,0.0022371192276477814,928
929,,4.002136330735384,-2.0654368696466383,0.01732967493013904,0.0022338039427995684,929
930,5,4.016290352013099,-2.0631054802656696,0.016067643156835842,0.0022306717932224275,930
931,,4.016290352013099,-2.0631054802656696,0.016067643156835842,0.002227608412504196,931
932,,4.016290352013099,-2.0631054802656696,0.016067643156835842,0.002224448770284653,932
933,,4.016290352013099,-2.0631054802656696,0.016067643156835842,0.002221299707889557,933
934,,4.016290352013099,-2.0631054802656696,0.016067643156835842,0.0022184968739748,934
935,5,4.030322826433997,-2.060754256723128,0.014898602105325232,0.002215646058320999,935
936,,4.030322826433997,-2.060754256723128,0.014898602105325232,0.0022125996649265288,936
937,,4.030322826433997,-2.060754256723128,0.014898602105325232,0.002209146171808243,937
938,,4.030322826433997,-2.060754256723128,0.014898602105325232,0.0022057485580444336,938
939,,4.030322826433997,-2.060754256723128,0.014898602105325232,0.0022019591182470323,939
940,5,4.044198510616182,-2.0584081969848946,0.013816227041783424,0.0021984581649303436,940
941,,4.044198510616182,-2.0584081969848946,0.013816227041783424,0.002195040434598923,941
942,,4.044198510616182,-2.0584081969848946,0.013816227041783424,0.0021915772557258607,942
943,,4.044198510616182,-2.0584081969848946,0.013816227041783424,0.0021882068365812303,943
944,,4.044198510616182,-2.0584081969848946,0.013816227041783424,0.0021851517260074614,944
945,5,4.0579266321071685,-2.056065002548281,0.012813850304146612,0.0021822463721036913,945
946,,4.0579266321071685,-2.056065002548281,0.012813850304146612,0.0021795398741960527,946
947,,4.0579266321071685,-2.056065002548281,0.012813850304146612,0.0021765028685331346,947
948,,4.0579266321071685,-2.056065002548281,0.012813850304146612,0.002174297794699669,948
949,,4.0579266321071685,-2.056065002548281,0.012813850304146612,0.0021721577644348146,949
950,5,4.071559187158538,-2.0536919647684124,0.011884682400677526,0.002170431911945343,950
951,,4.071559187158538,-2.0536919647684124,0.011884682400677526,0.002168444097042084,951
952,,4.071559187158538,-2.0536919647684124,0.011884682400677526,0.002166218236088753,952
953,,4.071559187158538,-2.0536919647684124,0.011884682400677526,0.002163887917995453,953
954,,4.071559187158538,-2.0536919647684124,0.011884682400677526,0.002161348536610603,954
955,5,4.085075482448416,-2.05130349116875,0.011023616977166029,0.0021585939079523087,955
956,,4.085075482448416,-2.05130349116875,0.011023616977166029,0.0021561410278081892,956
957,,4.085075482448416,-2.05130349116875,0.011023616977166029,0.002154008224606514,957
958,,4.085075482448416,-2.05130349116875,0.011023616977166029,0.0021515652537345887,958
959,,4.085075482448416,-2.05130349116875,0.011023616977166029,0.002148883640766144,959
960,5,4.098427495944266,-2.048932128613405,0.010226242856735901,0.0021459949016571045,960
961,,4.098427495944266,-2.048932128613405,0.010226242856735901,0.002143731340765953,961
962,,4.098427495944266,-2.048932128613405,0.010226242856735901,0.002141324430704117,962
963,,4.098427495944266,-2.048932128613405,0.010226242856735901,0.0021389343589544294,963
964,,4.098427495944266,-2.048932128613405,0.010226242856735901,0.002136339396238327,964
965,5,4.111635641338736,-2.04656571055404,0.00948751361444966,0.0021327488869428636,965
966,,4.111635641338736,-2.04656571055404,0.00948751361444966,0.002129298150539398,966
967,,4.111635641338736,-2.04656571055404,0.00948751361444966,0.002125098258256912,967
968,,4.111635641338736,-2.04656571055404,0.00948751361444966,0.0021211173385381698,968
969,,4.111635641338736,-2.04656571055404,0.00948751361444966,0.002116711139678955,969
970,5,4.124613451021839,-2.0442625677413524,0.008804068669107767,0.0021122993528842927,970
971,,4.124613451021839,-2.0442625677413524,0.008804068669107767,0.0021074580401182173,971
972,,4.124613451021839,-2.0442625677413524,0.008804068669107767,0.0021032803505659104,972
973,,4.124613451021839,-2.0442625677413524,0.008804068669107767,0.002099292501807213,973
974,,4.124613451021839,-2.0442625677413524,0.008804068669107767,0.0020948459953069685,974
975,5,4.1374221502764215,-2.041983786228684,0.008170999118906064,0.002090558111667633,975
976,,4.1374221502764215,-2.041983786228684,0.008170999118906064,0.002085953429341316,976
977,,4.1374221502764215,-2.041983786228684,0.008170999118906064,0.0020816515386104582,977
978,,4.1374221502764215,-2.041983786228684,0.008170999118906064,0.0020776133239269255,978
979,,4.1374221502764215,-2.041983786228684,0.008170999118906064,0.0020736229419708254,979
980,5,4.150098096185668,-2.0397065079719576,0.007584147464307467,0.002069410756230354,980
981,,4.150098096185668,-2.0397065079719576,0.007584147464307467,0.0020649951696395876,981
982,,4.150098096185668,-2.0397065079719576,0.007584147464307467,0.002061200737953186,982
983,,4.150098096185668,-2.0397065079719576,0.007584147464307467,0.0020577548444271087,983
984,,4.150098096185668,-2.0397065079719576,0.007584147464307467,0.002053993493318558,984
985,5,4.162653636984498,-2.0374236109040416,0.0070399695744529645,0.002050655484199524,985
986,,4.162653636984498,-2.0374236109040416,0.0070399695744529645,0.0020474131405353547,986
987,,4.162653636984498,-2.0374236109040416,0.0070399695744529645,0.0020443546026945114,987
988,,4.162653636984498,-2.0374236109040416,0.0070399695744529645,0.0020416082441806795,988
989,,4.162653636984498,-2.0374236109040416,0.0070399695744529645,0.0020387402176856996,989
990,5,4.175123707022871,-2.035112789830783,0.006535000140954761,0.0020357628911733625,990
991,,4.175123707022871,-2.035112789830783,0.006535000140954761,0.002032743617892265,991
992,,4.175123707022871,-2.035112789830783,0.006535000140954761,0.002029299512505531,992
993,,4.175123707022871,-2.035112789830783,0.006535000140954761,0.002026236802339554,993
994,,4.175123707022871,-2.035112789830783,0.006535000140954761,0.002023201361298561,994
995,5,4.187450943291184,-2.032813375971782,0.006066882295777454,0.002020294815301895,995
996,,4.187450943291184,-2.032813375971782,0.006066882295777454,0.0020173322409391403,996
997,,4.187450943291184,-2.032813375971782,0.006066882295777454,0.002014237344264984,997
998,,4.187450943291184,-2.032813375971782,0.006066882295777454,0.0020111265778541567,998
999,,4.187450943291184,-2.032813375971782,0.006066882295777454,0.0020081594586372374,999
1000,5,4.199645609619468,-2.0305196647232764,0.005632801973299628,0.0020049965381622316,1000
